Unnamed: 0,idv_id,toughness,young's_modulus,tensile_strength,strain_at_break,sequence,protein_type,predicted_strain_at_break
0,315,0.425,17.5,2.62,31.0,YGQNGYGSSSGASGTSSGTSQGQAGYSGQIGGPDSSAAASAASAGQGYAPGQGQQTGLGGSSAAAASAAESQGYGAGQSGYSGQPGYSSSSSAISISLGYGQNGYGPATGASGAGSGAGQGQGGYVGPDSAAAASAASAGQGYGPGQGQQAGPGGSSAAASAADSQGYGPGQSGYSGQQGYSSSSSAIAISLGYGQNGYGPSSGSSGTSSGTGQGQAGYSGQLGGPDSSAAASSASAGQGYGPGQGQQAGPSGSPSSSAAAASAAGSQGYAPGQSEYPGQPGYSSSSSAISISLGYGQNGYGPGTGASGAGSGAGQGQGGYAGPDSAAAASASSAGQGYGPGQGQQTGAGGSSAAAASAADSQGYGPGQSGYPGQQGYSSSSSAIAISLGYGQNGYGPSSGASGAGSGAGQGQGGYVGPDSSAAASSASAGQGYGPGQGQQAGPSGSPSSSAASAADSQGYAPGQSEYPGQPGYSSSSSAISISLGYGQNGYGPGTGASGAGSGAGQGQGGYAGPDSAAAASASSAGQGYGPGQGQQTGAGGSSAAAASSADSQGYGPGQSGYPGQPGYSSSSSAISISLGYGLNGYGPSSGASGTSSGTGQGQAGYSGEIGGPGSYAATSSAPSGQGYAPGQGQLGAAGSSSSSAAAATSSSQGYGPGQSSYAVQQGSARAASAATASAAASRLSSADSSSRVSSAVSSLVSNGPTNPVALANAVSSVMSQVNASSSGLSECDVLVQALLEILSAFVHILGSATVGEVSYDATSPTAQVVSQSIAQVFA,MaSp1,18.314247131347656
1,3470,0.421,30.4,3.06,24.1,AGAGACAAAGAGAGAGGAGGYGQGYGAGAGAGAGSGAGAGSGAGAGAGGAGGYGQGYGAGAGAGASAAAGAGAGAGGAGGYGQGYGTGAGAGAGSGAGAGSGAGAGAGGAGGYGQAYGAGSGGGAGAAAGAAAASGQAAGAVSRLSSSSATSRVSSAVSSLVSSGVVSSDSLKNVISSTAAGVAASHPGLSGCEVLVQTLLEVVSALVHVLSSSNIGNVDPNRAAQSSAMVRNAMSYSMG,MiSp,12.696615219116211
10,5816,0.286,9.92,2.45,27.2,GGPDASAAASASDSGRGYGPGQGEQASSSGSSAAASAADSQGYGPGQSGYPGQQGYSSSAIAISLGYGQNGYGPVSGADQGQGGYGGQQGGLRTAAAGSASSPGQGYGPVQGQLGTSVSSPSTVSSAQGYGPGQSSYPLQQGSTGGASAATASAAASRLSSVDASSRVSSAVSSLISNGPTNPIALANAVSSVMSQVSASSSGLSECDILVQALLEIVSALVHILGSATVGEVNSDATSQTAQMVGQSIAQAFS,MaSp1,16.962533950805664
13,7438,0.284,8.73,1.17,42.8,MSSFKILSLACLVVLCTQAIVIVEGAGSPWESPQLAQSFINSFLRAISWSGAFSFNQLDDMSTIGETLIVSMGRFTGSKKNLKSKLQALDMAFASSMAEIAVAEQGGLSITEKTNAIENALNAAFLETTGVINTQFVSEIKSLIYVIAQTSTNEISNMPTSGAGGYAQAASGSQGPGSSVNFATSYGPGPQGQSAPRTQGPSPQGPTGPRPQGPGSPVSS,Spidroin,18.13930320739746
15,5564,0.267,4.61,1.97,31.3,SVSRLSSYDASSRVSSAVSSLVSSGGPNVDSLSNVISYISSSVAASNPGLSGCEVLVQTLMEVVSALVHILSSANIGNVNIGGAGQSTYTVGNAFANALG,MiSp,6.771725654602051
16,6756,0.267,26.8,1.88,27.1,MTWSFRVAIPYFFLLLCSQYSLSTAGTGSSPWSSPQLAESFLSSFMAAMSSNPSFTGQQIDDMTSIGSTILTSMKQMADSGKSSKATLQALNMAFASSVAEIAVTEEGGSSINQKTDAIAEALAQAFLQTTGAVNQQFIGEIRELVSMFAQAALNDVSSTAVASAGATYPKSTGQYIAGGASSFGPAQYGPGAGSSAAAAAATAGTTSETEQYGPGPGSSGPTQYGPGAGSSAAAAAAAAAAASSGPGQYGPGTGPSGPTQYGPGSESSAAAAAAAAARLSGPGQYGPGIYGPGTGPSRPQYGVGAGSSAAAAAGAAAATSAPGQYRPAPGPSGPTQYGPGAGSSAAAAAAAAAAASSGPGQYGPGTGPSGPTQYGPGSESSAAAAAAAAARLSGPGQYGPGIYGPGTGPSRPQYGVGAGSSAAAAAGAAAATSGPGQYRPAPGPSGPTEYGPGAGSSAAAAAAAAAAASSGPGQYGPGTGPSGPTQYGPGSESSAAAAAAAAARLSGPGQYGPGIYGPGTGPSRPQYGVGAGSSAAAAAGTAAATSAPGQYRPAPGPSGPTQYGPGAGSSAAAAAAAAAAASSGPGQYGPGTGPSRPTQYGL,MaSp,18.805065155029297
17,2918,0.262,12.3,1.84,26.4,GGSGMGGAGQGGYGSGQGGQGGLGGGAAAAAAAAAGGAGQGGQGGYGSGQGGQGGYGSGQGGLGGGAGAAAAAAAAGGLGGSGMGGAGQGGYGSGQGGQGGLGGGAAAAAAAAAGGAGQGGQGGYGSGQGGQGGYGSGQGGLGGSSAAASASAASAAASRLSSPAASSRVSSAVSSLASGGVSSPGALSGVISNVVSQISSSNSGLSGCDVLVQALLEVVSALVHILSSSSIGQVNYGSAGMSAQLVSQEVSQALGY,MaSp1,16.984664916992188
24,6787,0.243,14.0,2.04,19.7,MSFTSRLALSFLVLFCTQSMIALGQSNNPWSNAQLAESFIRCFLAEAGNSGAFNADQMDDMSSIGDTLMGAMEKMARSNKSSKSKLQALNMAFASSVAEIAVVEQGGMSIAVKTNAIADALSNAFLQTTGAVNVQFVNEIKSLITMFAQNNVNEVSYGGSSGGAAAASASAASGGYGGSAPSSGGYGSGPSYGPSGSSYQVSVSSSSSGSQGPSGPVQQGPSGPAPQGPSGPGGYGPGPQGPSGPGPQGPSGPGSYGPGPQGSSSSVSISVSSSRGPSGYGPGPQGQTGPQGPGAQGPGGYGPGASAAAAAAGGGQGGQGGYGSGQGGQGGQRGYGQGSQGGQGAGASAAAAAAAAGGAGGLGGGDQGGYGSGRGGQGGYGQGGQGGQGAGQGGQGAGASAAAAAAAAGGAGGLGGGDQGGYGSGRGGQGGYGSGQGGQGGQGGYGQGGQGGQGAGASAAAAAAAAGGAGGLGGGDQGGYGSGRGGQGGYGSGQGGQGGQGGYGQGGQGAGASAAAAAASAGGAGGLGGQGGYGSGQGGRGGQGAGQGGQGAGASAAAAAAAAGGAGGLGGGDQGGYGSGRGGQGGYGSGQGGQGGQGGYGQGGQGGQGAGASAAAAAAAAGGAGGLGGGDQGGYGSGRGGQGGYGSGQGGQGGQGGYGQGGQGAGASAAAAAASAGGAGGLGGQGGYGSGQGGRGGQGAGQGGQGAGASAAAAAAAA,MaSp1,18.518468856811523
26,4426,0.239,9.01,1.05,34.3,GYGQGAGAGAGAAASGAGQGGYGSFGATSQTSSGLSISLSSQGQYGQTSGAGAGSGAGAGAAGAAAGAGAGAGAGYGAGAGAGAGYGQGAGAGADAGYGAGAGAGTGYGAGIGYGQGVGAGTGAGDGAGGYGQGYGAGAGATVAVGADARAAVSNSVSRLSSGAASSRVSSAVSSLVQNGRPNIASLPNVISNLSSQVSASTPGASGCEVMVQVLLEVVSALVHILSSASVGSIDMSAVGNSANTVGNAFGNMG,MiSp,8.992734909057617
27,5842,0.233,20.3,3.33,12.7,GPGGYGPSGPGAAAAAAAAAGGQGTYGPGQQGPGQQVPGQQGTGGQGPYGPGAAAAAAVAAGGYGPQGPGGSGPQGPGQQGPGGQGPYGPAAAAEAAAGYGPGQQGPRQQGPGSQGPYGPGAASAAVSVGGYGPQRSAAPVASAAASRLSSPEASSRVSSAVSSLVSSGPSNPAALSSTISNVVSQISASNPGLSGCDVLVQALLELVSALVSILGSASIGQINYGASAQYAQAVGQSVAQALA,MaSp2,16.00439453125
31,6767,0.226,9.59,1.51,25.4,MNWSIRLALLGFVVLSTQTVFAVGQAASPWSNPQLAESFINAFLNGVSGTGAFSGDQLDDMATVGDSLRSSIERLAASGRSSKSKLQALNMAFASSMAEIAIAESGGLSVSAKADAIASALAQAFVQTVGAVNYQFVNEIRGLISMIAQSTLGEVSSSGGSGGGGGGSGGGSGGGYGPSSYSSASAVSVSGPGPRGPSGPSQQGPSPQGPSQRGPGPVSSVAVSVSGPYGPGPSGPSQQGPGQQGPGQQGPGGQGPYGPGAAAAASAAAGGYGGRQGPGSGGQSGSGSQGQNGPGSGQQGPGRQGPYGPGAAAAAAAAAGGYGPGAGGSGSGSGGQQGPGSGGQQGPGGQGPYGPGAAAAAAAAAAGGYGPGSGSGSGGSGQQGPGGYGSGGPGQGGAGQGLYGPGAAAAAAAAGGYGPGAGGSGSGSGGQQGPGSGGQQGPGGQGPYGPGA,MaSp2,19.177993774414062
35,2004,0.221,12.2,1.14,30.2,AAGGPGGQGPYGPGSQGPGSGGQGPYGPGQQGPGQQGPGGYGPSGPGGAAAAAAAAAAGGPGGQGPYGPGSQGPGAGGQGPYGPGSQGPGSGGQGPYGPGQQGPGQQGPGGYGPSGPGGAAAAAAAAAAGGPGGQGPYGPGSQGPGSGGQGPYGPGQQGPGQQGPGGYGPSGPGGAAAAAAAAAGAGQQGPGQQGPGGYGPSGPAAAAAAAAGGPGGQGPYGPGSQGPGSGGQGPYGPGQQGPGGYGPSGPGGAAAAAAAAAAGGAGQQGPGQQGPGGYGPSGPAAAAAAAAGGPGGQGPYGPGQQGPGQQGPGGASAAAAGTGGQGPYGPGSQGPGSGGQGPYGPGQQGPGLQGPGVYGPSGPGGAAAAAAAAGGQGPTSYGPSGAIPGVSASVSSAASRLSSPAAASRVSSAVSALASSGPYDARAVSSTLSNLVSQVSTYHPGLSGCDVIVQALLELVSALVHILGSSSIGQVDYSGAIYSAQTLAQAVAQALA,MaSp2,19.485084533691406
36,7298,0.217,8.21,1.15,30.5,MSWTARLALLLLFVGCQSSQSYAQSSSVWSNPETVENLMSNFMNFMKTQSAFTPDQLDDMSTIASTMISSVKRVAASGRTSAHAMQALNMAFASSMAEIAAAEEGGGSLQAKTSAIANALASAYMQTTGSVNRQFINEITQLVSMFAQGNVNEVSAGASASATSTAAGQGGYGQGRYGAGASASAAGAAGAGQGGYSQRGFGQAATAGASAAATGASGSAQGGQGAGAGAAATAGQSGFGGYGQEAKSGYGNGNRAGATGASQGGYGQGGYGQGSETGQGGYGQGSGAGAATVAAAAGAAGQGGYGQGGNGQGSGEGAGAAAAAAA,MaSp1,15.847752571105957
43,1486,0.207,10.6,1.5,25.5,GFGIRGAGPGGYGRGGAGSAAAAAAASDGSGGDGYGGGYGGLGGLGQGGDSSAAAAASGGGPGGFGIRGAGPGGYGRGGAGSAAAAAAASDGSGGDGYGGGYGGLGGLGQGGDSSAAAAASGGGPGGFGIRGAGPGGYGRGGAGSAAAAAASDGSGGDGYGGGYGGLGGLGQGGDSSAAAAAASGGGPGGFGIRGAGPGGYGRGGAGSAAAAAAASDGSGGDGYGGGYGGLGGLGQGGDSSAAAAAASGGGPGGFGIRGAGPGGYGRGGAGSAAAAAAASDGSGGDGYGGGYGGLGGLGQGGDSSAAAAASGGGPGGFGIRGAGPGGYGRGGAGSAAAAAASSDGSGGDGYGGGYGGLEGLDQGGDSSAAAAAAASGGGPGGFGIREAGPGGYGRGGAGSAAAAAAASDGSGGDGYGSGYGGLGGLGQGGDSSAAAASGGGPGGFGIRGAGPGGYGGGGAGSAAAAAAASDGSGGDGYGGGYGGQGGLGRDGSSAAASAANGGGRRGFGRRGAGPRGYGRGGAGSSAAAAAASDGSGGDGYGGVYGGLGGLGQGGDSAAAAAASGGGPGGYGAGPGLYGGDVQEPAAASAATAASAASRMSSPSSQSRVSSAVSIFSENDLRYPETFSSVYNNFVSDIISSNPNLSGCEVLVQVLLEILAATISRYSGLDSGSSMNVVSSAVSSPLY,MaSp3,18.30385971069336
44,7041,0.206,7.14,1.5,25.9,MSWTARLAILLLFVASQSSLTLAQSTPWSDPGTAENFMNSFMAVISTQPVFSADQLDDMTMIGDTIMTSVRKMVQSGKVSANKLQAMNMAFASSIAEIAVAEGGANIPAITSAIADSLNAAFLQTTGNVNVQFVNEITQLVSMFAQDTAANAVSSSAAASTSAGGSVSRGYGQTAGSGVSVIAAGATGPGTVSNYGPSYQTSSGYTVSISSQGGASGGLGGYGPGAAAGAAAAAGASGAGQGGLGGSGQGGLGGYGQGAGAGAAAAAASAAGGAGQGGLGGYGQGGLGGYGQGAGAGAASAAAAGQRGLGGSGQGGLGGYGQGAGSGAAAAAAAGAGGAGQGGLGGSGQGGLGGYGQGAGAGAAAAAAAGAGGAGQGGLGGSGQGGLGGYGQGAGAGAAAAAAAGAGGAGQGGLGGSGQGGLGG,MaSp1,18.141023635864258
45,6949,0.204,10.1,1.91,21.9,MSFTSRLALGFVVLFCTQSMFALGQANTPWSSPQLAEYFIRVFLEYASGSGAFTNEQVEDMSSIGDTLMGAMEKMARSNKNSKSKLQAINMAFASSVAEIAVVEGGQSISVKTNAIADALTSAFLQTTGSVNYQFVNEIKSLITMFAQNSANEVSYGGSSGGGGSAAASASASSGGGGGSGGTSPGGGSSPSYGQPGGSSYSVSVSSVSQSYGPGPQGPGQQGPGQQRPIQQGPGQQGPRQQGPGSQGPGGYGPSSASAAAAAASGPGQRGPGPQGPGQQGPGQQGPGQQGPGQQGPGQQGPQQQGPGQQGPGQQGPGGSSYSVSVSSVSQSYGPGQQGPGQQGPGSQGPGSQGPGGYGPSASAAAAAAASGPGGYGSGQGGQGNQGGQSGQGNQGGQGGQGGYGSNQGGQGGYGSGQGGQGGAAAAAAAASAGGPGGYGAGQGGQGNQGGQGGQGNQGGQGGQGNQGGQGGQGNLGGQGGYGSNQGGQGGYGSGQGGLGGGAAAAAAAAAAGGAGGQGGQGNQGGQGGQGNQ,MaSp1,15.133813858032227
49,2664,0.198,16.6,1.18,25.0,GAGAGYGQGAGAGAGAGAGSGAGLGAGAGYGQGAGAGTGAGYGQGSGAGAGAGAGAGAGYGQGAGSGAGAGYGQGAGAGAGAGYGQGAGAGAGAGLGAGAGYGQGAGAGAGAGAGSGAGLGAGAGYGQGAGAGAGAGYGRGAGAGYGQGTGLGAGAGYGQGAGAGAGAGAGAGYGQGAGSGAGYGQLISAAQAAAAAAAAAASAAGSTQSTKTETVVYDQAYSNQASSAAAASATAQRVVAGYGQGAGAGAGSGAGAGSGAGLGTGAGYGQGAGAGAGSGAGAGYGQGAGAGYGQGAGAGAGAGAGYGQGAGAGYGQGAGAGAGSGAGAGYGQGAGAGYGQGAGAGTGAGYGQGAGIGAGAGAGAGAGAGAGYGQGAGSGAGAGYGQGAGAGTGAGAGAGSGAGYGQGAGAGYGQGAGVASGAAYAVSSDASSAAYNSVSRLSSSSATSRVSSAVSTLLSSGGPNANALSNIISNLASSVSASNPGLSGCEVLVQTLLEVVSALVHILSSSNIGNVNLSDAGSYSSMVGQSVAQVFA,MiSp,17.499805450439453
50,3964,0.196,9.12,1.35,24.8,GPGGQGPSGPGQQGPGSQGPGGQGPYGPQGPGGASAAAAAAAAGGPGGYGPGSQGPGGQGPSGPGSQGPGGQGPYGPGSQGPGGQGPYGPQGPGGASAAAAAAAASGPGGYGPGSQGPGQQGPGSQGPGGQGPYGPQGPGGASAAAAAAAAGGPGGYGPGSQGPGGQGPSGPGSQGPGGQGPYGPGSQGPGGQGPYGPQGPGGASAAAAAAAASGPGGYGPGSQGPGGQGPSGPGQQGPGSQGPGGQGPYGPGSQGPGGQGPYGPQGPGGASAAAAAAAASGPGGYGPGSQGPGQQGPGSQGPGGQGPYGPQGPGGASAAAAAAAASGPGGYGPGSQGPGQQGPGSQGPYGPGSQGPGSQGSYGPGASASAAAARLSSPSASSRVSSAASSLVSNGGANSGALSSVINNLVSQISYSSPGLSGCDVLVQALLEVVSALVHILSSSSVGQVNYGASGQSAQLVAQAVAQAVA,MaSp2,16.635143280029297
52,2376,0.195,9.71,1.45,27.4,VGAGAGAGAGAGYGAGSGTGAGGGVGAGAGAGVGVGAGAGAAAGSGAGIGYGAGTGAGAGGSAGYGAGAGYGAGSGVGAGTGAGAGSGTGAGAGAGAGSGFGTSYSTTSSNIYSMTNFGSGIGAGVGAAVGSGSGAGAGVGSSVGAGLGAGVGTGAVVGTGFGAGAGLGAGTGAGVGAGAGAGAGAGAGAGVGVGIGYGTGSGAGFGSGVVSGSGGGAGSSYVSGFGSTVSAASSRLTSPAATSRVTSAASGLVSGGYFNSNALPNIVSSLTSQIQSTSPGLSECDLLTQVLLEVLSALIHILSSSTVGPLDFSNLEQSYRPISTAFGR,MiSp,20.491317749023438
66,3541,0.181,16.6,1.84,17.9,GPQGPGGPGSQGPSGPGSQGPGGYGPGSQGPGGYGPGAAAAAAAAASGPGGSGPQGPGSQGPGGAGPQGPGGYGPGSAAAAAAAASGPGGYGPQGPGSQGPSGPGSQGPGGYGPGASAAAAAAASGPGGYGPQGPGGPGSQGPGGPGSQGPGGYGPGSQGPGGYGPGAAAAAAAAASGPGGYGPQGPGGPGSQGPGGPGSQGPSGPGSQGPGGYGPGASAAAAAAASGPGGYGPQGPGGPGSQGPSGPGSQGPGGYGPGSQGPGGYGPGAAAAAAAAASGPGGSGPQGPGSQGPGGAGPQGPGGYGPGSAAAAAAAASGPGGSGPQGPGGPGSQGPGGYGPGGYGPGAAAAAAAASSGPGGYGPQGPGGPGSQGPGGPSSQGPGGYGPGAQGPGGAGPQGPGGYGPGAAAAAAAAAASGPGGYGPQGPGSQGPGGPGSQGPGGPGSQGPTGYGPGSQGPGGYGPGASAAAAAAASGPGGPGSQGPSGPGSQGPSGPGSQGPGGYGPGAAAAAAAASGPGGPGPQGPSGPGSQGPGSYGPGSQGPGGYGPGAAAAAAAAASGPGGPGPQGPGAQGPSGPGSRGPAGYGPGAAAAAAAAASGPSGPGGYGPGPQGPGGYGPGSQGPSGPGSRGPSGPGGYGPGASASAAASRLSSPASSSRVSSAASTLVSSGGANAGALSSVISNLVSQVSANSSGLSSCDVLVQALLEVVSALVQILSSSSVGQINYGAAGQFTQLVSQAVAQAF,MaSp2,21.3275203704834
68,7322,0.18,16.1,1.68,17.6,MSWTARLAILLLFVACQSTHSLAQYASANANTPWSSPAKAEAFMGSFMQSMGQQQGFTASQLDDMSSITDTILSSIAKMAREGKTSSNKLQALNMAFASAMAEIAASEEGGANIQVKTNGIANSLSNAFLQTTGSVNGQFINEITQLVSMFAQANSNAVATSSASASSAAAAGSAPSGYGGYGPGPSAAGVGAAAATGASAPGPGGYGPSYQTGSSVSLSVSSQGQGPSYGGYGQGTGSSAAAAGGAGAGQGGYGQGAGAGAAAAGAAGTGQGPAGSYGTGYQSSSTYSTTSTSQALGGGQGGYGPGSGASAAAAAAAGAGAGQGGYGGQGGYGQGAGAGAAAAA,MaSp1,8.19157886505127
70,77,0.179,6.3,1.04,28.9,GGAAAAAAAAAGGAGGAGQGGLGAGQGGLGAGQGYGAGQGYGSGLGGQGGAGQGGAAAAAAAAAGGAGGAGQGGLGAGQGGLGAGQGGLGAGQGYGAGQGYGSGLGGQGGAGQGAAAAAAAAAGGAGRAEQGGQGAGQGYGAGQGYGSGLGGQGGPGASAAAAAAGGLGGQGGYGGLGSQGSGGFGQGGYGGQQGAASSAAAVSAAASRLSSPSAASRVSSAVSSLVSSGGPTSSSALSSTISNVVSQISSSNPGLSSCDVLVQALLEIVSALVHILASASIGQVNTNSAGQSASIVGQSVYQALS,MaSp1,19.997379302978516
71,7392,0.176,11.1,1.64,21.5,MVWKSRSLLLLLVVLSCQAVLSQSQSDSPWSNTEKAEFFIRSYLEAISRSNAFTDGQLDDMSSIGDTLMGAMEKMARSNKSSRSKLQALNMAFASSMAEIAIVDQGGQNVDTKTSAITDALSEAFYRTSGTINTQFINEIRELITMFSRASANQNTVGSGIAASAASGTNEGYSPSISSGNAGQQGASGSSAISISLGSGGSQGAYSGPQFGTGVTAGSQRESGYSSQQGSVGASVVTTSTSGSYSQDQGGYSGQQGPIGTSTSVSSTTNGYGQGQEGYGPTRSSEASFAFAFGENQGRYGGQQIESGTTGAGQGQVGYGGQQAGPGSSVASVSATGSSGQDQVGYGGQGPSDAGATVAAASSAGSYGQDQGVYGGQQAPSGTSASAGGYDQGQGGYGPSGSSAASFSFAFGGSQGGYGGQQIGSRSTGVGQVQLGYGGQQAGPGSSVASVSATGGSGQDQVGYGGQGPSGAGTSVAAASSAGSYGQDQGVYGGQQAPSGTSASAGGYDQGQGGYGPSGSSAASFSFAFGGSQGGYGGQQIGSGSTGVGQVQLGYGGQQAGPGSSVASVSATGGSGQDQVGYGGQGTSGAGTSVAAASSAGSYGQDQGVYGGQQALSGTSASAGGYDQGQGGYGSSGSSAASFSFAFGGSQGGYGGQQIGSGSTGVGQGQLGYGGPQAGPGSSVASVSNTGVSGQDQVGYGGQGPSGAGTSVAAASSAGSYGQDQGVYGGQQALSGTSASA,MaSp,18.949914932250977
75,3799,0.171,11.9,1.19,26.3,AGPGGYGPGQQGPGQQGPGQQGPAGYGPSGPSGPGGAAAAAAAGPGGYGPSQRGPSGPGSAAAAAAGAGPGGYGPGQQGPSGPGSAAAAAAAGPGGYGPSQQGPARYGPSGPGSAAAAAAGAGTAGYGPGPQASAAASRLASPDSGARVASAVSNLVSSGPTSSAALSSVISNAVSQIGASNPGLSGCDVLIQALLEIVSACVTILSSSSIGQVNYGAASQFAQVVSQSILSAF,MaSp2,17.210533142089844
81,5659,0.167,11.0,1.7,18.0,GAGSGAAGLGGLGGNGGPAGSSSIASAAAAAGSGTGGLGGLGLYGQGSGLGDGVGAVAGGLSGQGIGAGAGVAVSVGADAQAAVSNSVSRLSSGAASSRVTSAVSSLVQNGAPNLSALPNVFSNLSAQVSASSPGASECEVIIQVLLEVVTALVNILSVANVGPIDLSSVGNAAGLVGDAVMG,MiSp,17.986248016357422
85,4523,0.165,10.3,1.39,20.3,GSGQGSGGSGQQGPGGQGSGGSGQGGSGGQGLYGPGSAAAAAAAATGGYGLGGGQGSGGSGQQGPGGQGSGGSGQGGSGGQGLYGPGSAASAAAAAGGGYGLGGGQGSGGSGQQGPGGQGSGGSGQGGSGGQGFYGPGSAAAAAAAAGGYGPGSGQGSGGTGQQGPGGQGSGGSGQGGSGGQGLYGPGSAASAAAAAGGYGPGGGQGSGGSGQQGPGGQGSGGSGQGGSGGQGLYGPGSAAAAAAAAGGYGPEGGQGSGGSGQQGPGGQGSGGSGQGGSGGQGPYGPGSAAAAAAAVGGYGLGGGQGSGGSGQQGPGSQGSGGSGQGGSGGQGLYGPGSAAAAAAAAGGYGPRGGQGSGGSGQQGPGGQGSGGSGQGGSGGQGLYGPASAAAAAAAAGGYGPGAVQQGSGGQGPASGGQRPGSGGQQGPGSQGPYGPSAAAAAAAVGGYGPGSGSQGPGSQAPVASAAASRLSSPQASARVSSAVSSLVSSGPTNPSALSNTISSVVSGVSGSNPGLSSCDVLVQALLEVVSALVHILGSSSIGQINYDASSQYAQMVGQSVYQALG,MaSp2,18.051589965820312
88,7610,0.164,22.8,1.65,16.5,MIWITRLSLAFLLALCIHSKFAVGQATPWESVAKADAFVQSFMSSAGQSGVFSSDQMDDMSSIGDIMMSAMGNMKGKVTPHKLQALNTAFASAVAEVAISDAAGQNVQATTEAIANALNSAFYQTTGASNAAFVNEIRTLINMFAQASGNAISSGPVSGGPVGYGPGPSVSVSAPTTTTTIIQRPSQTVSSYRPPQTVTSYTPGQTVSQTSYGSSETITYSSGTTGGYGGQGSGTGASSAASAAASGAGGAGGYGAQGYGTGGYGTGGAGSSAASAAAGGGGGKGGYGSGGYGTGG,MaSp,18.415395736694336
90,4023,0.162,4.25,1.08,32.7,AGGAGGYGAGAGAGAAAGAGSGAGGAGGYGRGVGGYGSGAGAGTGAGGYRSGSGASAGAGEGGYGAGAGAAAGARAGAGGYGRGASAGAGAGAGGAGYGAGYGAGAGTGGAGGFGAGLGAGAGAGVGAGSAAGNVFAQSLASNLLSSDDFVSMISSTTTTDQAVSVASSVAQSVGGQLGLDADSLNNLINSVNAYVASVGALADAASYARAISAALGNVLSSTGTITESSAASAASSVASTVTTTLTNYGSTAGAGNSGGYRANAAAGGASSAGTKVGGAGGYAGGAGASAGADAGVGAGYGSGYNAGAGAAARFGARGAGSYGRDMGVSAEAGAVGASGYGVGTVAGAGAGAGAGAGGSGYGVGYGSGAGAISAASAGGYGRGAGSGSGASAGGYGAGDGAGSAANAGGYGRGLGAGSAYGAGAGAATAVGTGTGGAVNYVSGAGAVAGGARGYGARYDAGAGAGAAVDAGTGAGGYGAGAGAGGYGRGLGAGSGVDAGTSGAGGYGAGYGVGAGAGAGASSAAGNAFAQSLASNLLSSNDFVSMISSITTTDQAVSVASSVAQSVGGQLGLDYDSLNNLINSVSAYVASVGALADAASYANAISAALGNVLASTGTITESSAASAASSVASTVTTTLTSYGSSAGSGAAGGYGASTGPGGYGANADAGARGYGAGGSASSATSAAAGAGGAGGNRIGIGAGAGAGAGAGAGSQDAVGYGSGAGAGSTAAVGARAGAAGGYRRGGGSGSGAGAGAGAGGYGASVGTAKATTASARAGATGGYGRGAGAGSGAEARGYGAVRAEGFGAAGTGAAGGYGRSDGAGYGSGVGAGANAGAGAGSVVGYGTRSGAGAAAAANVGDVNASGSGGYSSAGSDVSTTVSTTTSRLSSASASSRISSAASTLVSGGYLNTAALPSIISDLYSQISASSYGASASEVLVQVLLEIISSLIHVLGSSSVGVVDFGSVGDSAATVSQSFQSIMG,MiSp,20.05419158935547
93,6795,0.161,17.3,2.3,13.3,MTWTARLALILLVALCNQSKFAHGGRTHPFRDSATAEAFMSSMVRTLANTGLMDDDDLDTFGMLATTMTKAADKIGKSGKDNPKSMEAINMGLGAGLAEILSGKGENIAVTTGAVRNALTSAFLQTTGVIDEQFISEIVKLIEMFAQVQDSTGNGAESDTSIAVSSSASGGYGSGPQPFSAQGPGSSSVSVSASAPGGFPQGSAGPQGPFGTGESSYQYSISVNSISDSPGGYGGQYGTGYGASQGGYGNGQEGAGAAAAAASAGGPGGLGSQGGSGYGQGGYGNGQ,Spidroin,21.581096649169922
95,1841,0.16,21.9,2.37,15.0,GGSGPGSAGPGYGPGSYGPGSSGPGQYGPGGSGPGAASAAAAASAAGGSGPGSAGPGYGPGSYGPGSSGPGQYGPGGSGPGAASAAAAASAAGGSGPGSAGPGYGPGSYGPGSSGPGQYGPGGSGPGAASAAAAASAAGGSGPGTAGPSGSGPGAASAAAAAAAGNGGPGGSGPGRYGPGQYGPGSYGPGRSGPGSASAATAAVGGRQGYTEEVIISSSVSSGPEGYGPVSSGPAGYQPGSSGPSGSGPSAASAAASAAGSGGPGQYGPGGNGPRGSGPGAASAAAAAAGSSGPGGSGPGQYGPGSYGPGGSGPGAASAASAASGAGRSQGYIEDIIISSPGGSYGPGSSGPGGASAAAAAGSPGSYGPRRSGPSGASAAASAAAAISSPASTSRISSVASRIASGGPLNASNLSNTIGNVVSQVQSTNSGASECEVLVQALLEVVTALVHLLGSADIGNVNYGASGQTASMVSQSMSQIYG,MaSp,19.688739776611328
97,4371,0.159,6.59,1.21,24.5,GAGAGAGAGAGGLGGYGQGSGAGAAAGAGAGAGAGAGAGYGQGAGAGAGAGASAAAGGAGQSGYSSYGASSQTSSGISLSMSSQGQYGQSSGAGAGAAAGAGAGAGAGAGYGQGGYGQGAGAGAGAGGYGAGAGAGADARAAVSNSAARLSSAAASSRVSSAVSSLVQNGRPNINSLPNVISNLSSQVSNSTPGASGCEVMVQVLMEVVSALVHILSSANVGNIDMSSVGNSANVVGNAFNQMG,MiSp,11.206350326538086
98,3910,0.159,17.3,1.65,15.9,VAYSSVGGFRAISKAIAMASAVAFLDSGIATYSNASALGKQVASTFVDELSNYGSAAASSSSSTAAAAVVEKAESSSSAATATSTTSTTSTATASAASSAQTSSTAESRASATSAVFSESMMSYFSKSHGENPAFTRSMSSAESSSYAEAAAKMVGGRYGMSHAHSSSYARAIARAVAYSSVGGFRAISKAIAMASAAAFLDSGIATYSNASALAKQVASTFVGELSNYGSAAASSTSLAGSSTLTTIQPFAPAPAALESQSTFPSSVTGYGEYQPVNQGFAHVSSSVSPLSVPRISPPSHPAAFATEEGESPSTSASPVTSYNEYEPDSEEFELLSSSTSALSGPRISNAGRVSPLSTNLVSLEGILSSPEAGERIDYLIPYFVREVSPNGFDASRMSNILALLVSAISEGGPGLSPSEVMIETLLEVVCALIKILSSAHVEAVNMTSSSATSTAVAQSFSSALLAG,Spidroin,17.471302032470703
99,1485,0.158,7.19,0.87,32.0,LGYGQNGYGPSSGASISGADQGQGGYGGKLGGTDASAAASAVAAGEGYGPGQGQQAGPSGSPSSSAAAASAADSQGYAPGQSEYPGQPGYSSSSSAISISLGYGQNGYGPGTGASGAGSGAGQGQGGYAGPDSAAAASASSAGQGYGPGQGQQTGAGGSSAAAASAADSQGYGPGQSGYPGQQGYSSSSSAIAISLGYGQNGYGPSSGSSGTSSGTGQGQAGYSGQLGGPDSSAAASSASAGQGYGPEQGQQAGPSGSPSSSAAAASAADSQGYAPGQSEYPGQPGYSSSSSAISISLGYGQNGYGPGTGASGAGSGAGQGQGGYAGPDSAAAASASSAGQGYGPGQGQQTGAGGSSAAAASAADSQGYGPGQSGYPGQQGYSSSSSAIAISLGYGQNGYGPSTGSSGTSSGTGQGQAGYSGQLGGPDSSAVASSASAGQGYGPGKGQQAGPSGSPSSSAAAASAADSQGYAPGQSEYPGQPGYSSSSSAISISLGYGQNGYGPGTGASGAGSGAGQGQGGYAGPDSAAAASASSAGQGYGPGQGQQTGAGGTSAAAESAADSQGYGPGQSGYSGQPGYSSSSSAISISLGYGQNSYGPSSGASGTSSGTGQGQAGYSGQIEGPGSSAATSSAPSGQGYAPGQGQLGAAGSSSSSAAAATSSSQGYGPGQSSYAVQQGSARAASAATASAAASRLSSADSSSRVSSAVSSLVSNGPTNPVALANAVSSVMSQVNASSSGLSECDVLVQALLEILSAFVHILGSATVGEVSYDATSPTAQVVSQSIAQVFA,MaSp1,18.12115478515625
101,5803,0.157,9.52,1.53,19.2,GAGVGGPGGAGQGGASAATAAAAGGQGGQGGYGGLGSQGAGGAGQGGYGAGGAGQGGYGGSAYGGQGATASAAAASAAASRLSSPSAASRVSSAVSSLVSNGGPTSPAALSSSISNVVSQISASNPGLSGCDILVQALLEIISALVHILGSSNIGQVNSSSAGQSASIVGQSVYRALS,MaSp1,17.77786636352539
104,1495,0.157,7.54,1.04,27.2,AGAGAGGAGGYGTGIGSGYGAGAGAGAAASAGAGAGAGGAGGYGGGAGAGAGASSAAGAAGGYGGGSSSSAASGSSVVYSQGYSAGAGSAAASGAGSAGGYGGGYGAGAGAGAAAGSYAGAVNRLSGAEAASRVSSNVGAIASGGAAALSNVISNIYSGVLNSGVSASEALAQALLEVISVLIHVLSNASIGNVSSSGVGNALSVVRNAVGAYAG,MiSp,20.52402687072754
112,6323,0.153,5.35,1.33,27.1,MSWQTHLSLLLCLLLAGINFSYARHSKTNLPWTDQRSCQDFFEIFHATLAKDDSFPIQESTDLLDIINSLCPLMSKTSKNDPHRSTKMQAMNMAVASAMADIIVEEETDEADVQERTVAISRAMAQAFLKTTGRTNTFYIEEIQGLIKYFYEEKQKTEELQEQQVYPEFITPEGQPQLYESFGPAHKPRTAAFLSTNTGDKEYMKTSKALPIVATSAATSSTTSSTKTKAKSYAAATATSAVATFQNFLYRNQVFVRYFNKGSSPDTSRRRAYDLALKFAHATGLAEHQSSSVAYAVAESMAGLRDGSSSEAHAQTFAQSFSSSVSAQQPDRPFDFYDHSDDFRRIMGDYYAAQQKSESAAYARSAATAAASSDTTTVTEKSIATTKAKSYAAATATSAVATFQNFLYRNQVFVRYFNKGSSPDT,Spidroin,18.93250846862793
116,3875,0.152,7.76,1.4,17.6,YGAGLGGQGGSGQGGYGGGQGGAAAAAAAAGGSSGGGQGGLGSGGAGQGYGAGLGGQGGSGQGGYGGGQGSAAAAAAAASGSGGGGQGGLGSGGAGQGYGAGLGGQGGSGLGGGRGGASAAAAAAGGSGGAGQGGLGSGGAGQGYGAGLGGQGGSGQGGYGGGQGGAAAAAAAAGGSSGGGQGGLGSGGAGQGYGAGLGGQGGSGQGGYGGGASAAAAAAGGSGGGGQGLGSGGAGQGYGAGLGGQRGSGQGGYGGGQGGAAASSAAASAAASRLSSPSAASRVSSAVSSLVSSGGPTNSAALSSTISNVVSQISASNPGLSGCDVLVQALLELVSALVHILGSASIGQVNSSAAGQSASMVGQSVYRALS,MaSp1,22.733348846435547
120,2859,0.151,6.75,1.32,26.3,GQQGPGSQGPGGQGPYGPQGPGGASAAAAAAASGPGGYGPGSQGPGQQGPGSQGPGGQGPYGPQGPGGASAAAAAAASGPGGYGPGSQGPGQQGPGSQGPGGQGPYGPQGPGGASAAAAAAASGPGGYGPGSQGPGQQGPGSQGPGGQGPYGPQGPGGASAAAAAAASGPGGYGPGSQGPGQQGPGSQGPYGPGSSASAAAARLSSPSASSRVSSAASSLVSSGGANSGALSSVISNLVSQISYSSPGLSGCDVLVQALLEVVSALVHILSSSSVGQVNYGASGQSTQLVAQAVAQAVA,MaSp2,14.904326438903809
121,292,0.149,4.4,1.15,30.7,GAGAGYGSGAGAGAGSGAGAGYGAGSGAGAGSGAGAGSGAGAGSGAGAGAGAGSGSGFGQYSTYVSTSQYGSGYGTGAGAGAGAGAGSGAGSGAGAGSGAGAGSGSGAGSGSGAGAGSGAGTGYGAGAGSGAGAAAGYGAGAGYGTGAGAGAGAGAGSGAGVGYGARSGAGAGSGAGAGYGTGFGAGAGYGSGAGAGAGSGAGAGYGAGSGAGAGSGAGAGSGAGAGSGAGAGAGAGSGSGFGQYSTYVSTSQYGSGYGTGAGAGAGAGAGGGAGSGAGAGSGAGAGSGAGAGSGAGAGSGAGSGAGTGYGGGAGAGAGSGAGSGAGAGYGSGAGAGAGAGAGSGAGVGYGAGSGAGAGSGAGAGYGAGFGAGAGAGYGSGAGAGAGSGAGAGYGAGSGAGAGSGAGAGSGAGAGSGAGAGAGAGSGSGFGQYSTYVATSQYGSGYGTGAGAGSGAGAGAGAGAGYGTGAGAGGGAGAGSGAGAGSGAGAGAGYGSGAGYGAGAGSGAGAGAGSGAGAGSGAGAGSGYGGGAGAGAGAGAGAGVSSTVYNSVSRLSSASAATRVSSAVQTLATGGVTTDALSNVISNVSASVAANHPGLSGCEVMVQTLLEVISALVHVLGSAQIYPPNGNPTTSSQAVASAMSNAFSG,MiSp,15.987743377685547
122,5556,0.149,4.92,1.0,28.4,SGSGAGAGSGYGAGYSYGVSYGAGAGSGAGSGAGAGSGAGAGAGSGAGVSPVSGSVYRLSSQAANSRVSTAVSSIVSAGGVTHNSLSNAISRISASVAAAHPGLSQCEVLVQTLLEVVSALVHILSSANLGNVNVGATGQSVSTVGNAVQYAMG,MiSp,16.267452239990234
123,3943,0.148,4.89,1.3,23.8,GQYNQYSDSETAGTNPTQFGQDGGIAVSSGSVSFGLPGVNSYQQISGSVGPYDTVSNLPGHGPVVPSGSNLIKNESKSSEPSEASGGISTSNGSFGPGNYLKYEASPAGQMAAESETGSSFIGPDTGGPNPFTPGPFGQSVPNSNQHVAITFGQQGQSKSQGEDLGQFNQNSYSVTVESKPSQFGLSGGLAASLGSIPIGQPVPNSNQEISGSVGQYATDSNQPDRGPVVSPGSSLDQSGTRLYKPPKSTSEASISTGSTGSGQYLYGTTSVSQAEKEPEIRPLSIGPDTGETSPFTSGSFGQSGSGSNQHISVTQGQFGQSNSFGEGLEQYNQHSNSQVAETKPFQFGTDGGISGSSGSVSFGQPVPNSYQQISGSFGQDRPISDQSGSGSFGTLGFSSNQGGAGLFGPSKANSKSPAKGGSLGYVTHTTSSISQPTEALYASHYPNSLVGGKPDLLGPGLLGNSGHSSNQHTEKAPETVPSPIKPVGGWQFEHPGYSSHQHVSITSGQSGQIKPSEHGPGQYIPYGNSIAAAAAEAAVTKPYKFEPNGEGKVSPESVPFWPREPSLDQQNPSSVGLLTPNLVQPEAGLFKPLETSLGTSASTGTFESGNYLKYSASAAAQTSAGGTPPMTADGEALGLSGNSGFNSHQHASVTFGQSGKFKSPEQGLGQYIPTSNSATEAMPVVEQTKLYSYGPYAETLTTSEHRPFRPPENYPNQSGYGPLETSSTSSGLDLHGSGGPHTKNFEPIGSGTYVQYTTSPGSMIEETETKPTSFVKIEEGPSPTGFTAYRPSEQLYTPISVPFSTYGPSADHSQAESIGLSSISLGQPTTGPQLTTQQSKESYGTSGILGQGSYVPYTISTEAEVGTTGQPKPGLFGLSGSNSVMSVQNGPLGPGLYIPYRNAKGAAVAATSQIEPSPYEPHIGAADSSQSISVQPALGYIGPSTSISYESSTGQSNVAVEPNGSEVHNSLSPPETTTVVTVSPVNKKAVLKSASRLSSLLTTSRVSTAISFLLDSGRFNPSSLSKVISYLIKSIYEYQPSVSGDEMLLQVLLEMIVSLVHILLSASIGQVGNCPSSSSSLVGQSITHAIGS,Spidroin,19.454187393188477
124,3796,0.147,8.62,1.03,26.9,GAGSGQGGYGGQGGYGQGAGDGAAAAGGAAAGQGGYGGQGGLGGYGQGAGAGSAASAAAVVAGAGQGGYGGQRGNGQGAGAAAAAASAARAGQGGFGGYGQGFGAGATSSAGVGTTVSNTVSRLSSASAASRVSSAVSSLVSNGQVNVAALPSIISNLSSAISASATTASDCEGLVQVLLEVVSALVQVVSSSNVGNVNTSSTDYTNLVANALSSLYG,MaSp1,15.906525611877441
128,5828,0.144,13.6,2.06,15.8,SVGSGSQGPYGPGSQGPGSQGPYGPGGASAAAAAASGYGSGSSASAAAARLSSPSSRSRVSSAASSLVSNGATNSGSLSSVISNLASQISSSNPGLSGCDVLVQALLEVISALVHIVSSSSVGQVNYAASGQSVQVVAQALAQV,MaSp2,14.459390640258789
129,2417,0.144,8.9,1.21,24.3,GSLGGQGTGAGGAAAAATGGAGQGGYGGLGGQGASAAGSAGQGGYGGLAGQRAGAAATGGLFDGSRDVGGFSFAVSGSSGGYRRGGYVGNSAAANAAASGSAPEADGRILGGNSAVPAAASSDASRSGGRGYGSSLGSVSASSAVGAVGGARFGQGKYSADLGRDSTATSAGVEGGSSRGRISLGVDDSVSVNISGAASRLSSPDASSRVTSAVSSLISNGITNTDALSSAISSVTSQLLMNNPGLSGCDVIVEALLEILSALVCILANSSIGDINYNYSGQSVEIVSQSALQALG,Spidroin,18.948902130126953
132,199,0.143,6.34,1.04,26.8,GPGGQGPGSGGQQGPGGQGPYGPGSSAAAAAATGGYGPGSGQQGSGGQGPGSGGQQGPGSGGQQGPGDLGPYGPGASAAAAAALGGYGPGSGQQGPGGYGPGSGQQGPGGQGPGSGGQQGSGGQGPYGPGSSAATAAATGGYGPGSGQQGSGGQGPGSGGQQGPGGQGSGGQGPGSGGQQGPYGPSSAAAAAVALGGYGPGSGQQGPGSQGPGSGRQQGPGSGGQQGPGGQGPYGPGSSAAAAATRGYGPGSGQKGSGSQGPGSGGQQGPGGQGPGSGGQQGPGGLGPYGPGASAAAAAAFGGYGPGSGQQGPGGYGPGSGQQGPGGQGPGSGGQQGPGGQGPGSVGQQGQGGQGLYGPSSAAAAAVALGGYGPGSGQQGPGGQGPGSGGQQGPGGQGPGSGGQQGPGGQGPYGPSSAAAAAVALGGYGPGSGQQGPGGQGPGSGGQQGPGGQGPYGPGASSAAAAAAGGYGPKSGQQGSGGQGPGSGGQQGPGGQGSYGPRSSAAAAAALGGYGPGSGQQGPGGQGPGSGGQQGPGGLVSYGPGAASAAVSVGGYGPRSQGSSSPVASAAASRLSSPAATSRVSSAVSSLVSSGPTNPAALSSAISSVVSQISASNPGLSGCDVLVQALLEIVSALVSILGSASIGQINYGASSQYARMVGESVAQALV,MaSp2,16.873058319091797
133,6849,0.142,8.65,1.6,18.9,MFGFTRLALSVLAVLCAQQIYAHGAGNSPWSSKENAIKFVNLFLQYVGQTGAFTSDQLSDMSQIADTLMSAMDRMSGKSTKAKLQALDMAFASSMAEIAIVETGGQSLPVKTNAIATALNSAFYQMTGQGNAQFVNEIRALISMFAQSSDNEVSGSSSAAAASASSGGGQGGYGQGGYSQGGYGQGGSASASAAAAAAGGAGQGGYGQGRQSGAGSAAAAAAAASGAGQGGYGQGGQGSYGQGGQGGAG,MaSp1,25.822154998779297
142,6774,0.14,6.31,1.11,28.3,MKWSTRFSLFFLVLFIQGFLSQGQTIWNNPDAAISITNNLVQCAGRSGVFSADQMDDLGSVAESTNSQMMKLGGNAPQHKKKALTTAMNAGIAEVVASSSAESYSAVLNTIGGCMRESMMQVTGSVDNTFVNEMMQMINMFAADNANAVSASASSSASSSSSVYGGGYASGAAAGAGASAAAGAGSAGGYGGGYGSGAGAGAASAAGAGAGGASGYGGGYTSGSASSSASASSSTSNSSSVYGGGYGSGTGAGAGAAAAAGAGAGGAGGYGGGYGSGAGAGA,MiSp,18.96033477783203
145,1421,0.139,6.48,1.01,26.7,QGGQGGYGGQGGPGGQGGRGGQGGLGGYGQGAGAGAAASAAAATGSGQGGQVGYGGQGGVGGQGGLGGYGQGTGVGAAAAAAGSGQGGIGGYGGQGALGGYGQGAGVGVRAGQGGLGLYGSSYQSSTTYSTSSGSGLGGYGQGSGAGGANGAGSGRGGYGGQVGLGGYVQGAGAVSAASSAGGAGGSGYGGQGAAGGYGQGTGLGSGGAGQGGLGGYGQIAGPGAAFAASGAAGSGQGGLGPYGSSYQSGTSYTVTSQGSAAGLGGYGQGSGTGAAAAATGAVGSGQGGQGGYLQGAGAGAGAGQGGLGGYGEGAGSATATAAATGGSGTAQGGYGGPSGQGLLVGYGQGAGAGAAAVGAGNVGNTVVNTVSRLSSPTAASRVSSAVSSLVSNGQVNVASLPYVLSNLSASISSTNAALSECEILVQVLLEAVSALVQIASSANVGNINLNASSDYASLVGSSLSNLYG,MaSp1,17.221595764160156
147,2669,0.138,8.62,1.08,28.0,AAAAAGGLGGQGGQGGYGSGGQGGQGQGQGGRGSGAAAAAAAAGGLGGQGGQGGYGSGGQGQGQGGYGSGAAAAAASAAGGSGGQGGYGSGGQGGQGGYGSGAASAAAAASSSVSRLQSPAATSRVSSAVSSLATSGVASSGALSSVISNLSSSVSAAHPGLSGCELLVQVLLEVISALVAILGSSTVGPVNIGQSASYSGMVGNAIASALL,MaSp1,17.45285415649414
148,314,0.138,7.36,0.99,24.4,GQGGLGGYGQGAGAGAGAAAAAAGAAGAGQGGYGQGGRGGYGQGAGAGAAAGAAGAAGAGQGGYGQGGLGGYGAGAGASAAAAGAAGVGQGAGEGAYGYQSSSQYSLSLSAEAAGYGAGAAGGYGQGVGAGAGAGAAAAAGSGQGGQGGYGQGAGAGAGAAAGGAGAGGYGQGGYGQGAGAGAAAGASAAAGSGQGGRGGYGQGVGAGSGAGGAGAGGYGQGGYGQGAGAGAAAAAAAAAGAGQGGRGGYGQGAAAGAAGAGAGGYGQGGYGQGAGAGAAAGVAAAAGSGQGGRGGYGQGVGAGAGAAGAGAGGYGQGGYGQGAGAGAAAGAAAAATAGAGQGGRGGYGQGAAAGAAGAGAGGYGQGGYGQGAGAGAAAGAAAAAGSGQGGRGGYGQGAGAGAGAGAAAGAGAGGQGGYGQGGLGGYGSGAGAGAAAASAAGAGQAGYGGYGQGAGSGSGAAVAGAGQGGYSGYGQGAAVSAGASTTVVNSVSRMSSASTASRVSSAVSNLVSNGQVNVASLPGIISNISSSISASSPGASECEILVQVLLEVVSALLQIVSSANIGEINLNASSDYASMVGSSLQNVYG,MaSp1,19.380857467651367
154,5838,0.135,13.7,2.34,13.0,GSGQQGPGQQGPGQQGPGGQGPYGPGSSAAAAAAAGGYGPGGGQQGPGQQGPGQQGPGQQGSYGPAASAAVSAAGGYGPQGSSAPLASAAASRLSSPAASSRVSSAVSTLVSSGPTNAAALSNAISSVVSQVGASNPGLSGCDVLVQALLEIVSALVHILSSSSIGQINYGASGQYAQIVGQSVAQARV,MaSp2,16.437973022460938
155,6339,0.134,14.6,1.14,21.4,MGSSRLALAFLALVCTNALFVAAQGATPWDNPNMADAFMQGFMGGIARSGAFSQDQMSDMQDISSSMQDSVNRMARSGRSSKSKLQAMNMAFASSMAEIAAAEAGGASMAAKTSAIADALRGAFLQTTGVSNEQFINEISALISMIGQNAVSASASASAGGGGGGGGGYGGPSYGGGYGPSQGASSVSVSASAAGGGPGGRGPSAPAQQGPGGYGPSVSSAATAAAASGGQGPSGPGPQGPSGPGGYAPSSQGSAGPSGPGGYGPSGPGASAAAAAAASGPGGYGPGSQGPSGPSGPGAYGPGRQGPSGPGGPGASAAAAAAAASGPGGYGPGSQGPSGPSGPGGYGSGSQGPSGPSGYGPSGPGSQGPGGPGASAAAAAAAGGGPGGYGSGGQGPSGPGGPGGYGPG,MaSp2,20.286895751953125
157,1794,0.133,11.2,1.12,19.3,GGYGAGGYGQGASAAAAAAAAAAAAAGGAGGAGQGAGGAGSGAAAAAAGAGGAGGAGGSGGYGQGASAAAAAAAAAAAAAGGAGGYGQGAGGYGAGGYGQGASAAAAAAAAAAAAAGGAGGAGQGAGGAGSGAAAAAAGAGGAGGAGGSGGYGQGASAAAAAAAAAAAAAGGAGGYGQGAGGYGAGGYGQGASAAAAAAAAAAAAAGGAGGAGQGAGGAGSGAAAAAAGAGGAGGAGGSGGYGQGASAAAAAAAAAAAGSGGAGGYGQGAGGYGAGGYGQGASAAAAAAAAAAAAAGGAGGAGQGAGGAGSGAAAAAAGAGGAGGAGGSGGYGQGASAAAAAAAAAAAAAGGAGGYGQGAGGYGAGGYGQGASAAAAAAAAAASAAGGAGGAGQGAGSGSGAAAAAAAGGAGGSGGSGGYGQGASAAAAAAAAASAAASRLSSPSATTRVSSAVSSLVSGGPTNVNSLSNTIGNAVDQVRASNPGLSDCDVLVQALLEITSAAVHILGSASLGQINYASAGQTAQAVAQSVYNALG,MaSp1,19.588151931762695
160,3349,0.132,10.7,1.08,20.0,GAGAGAAGQGGYGAYGASSQTSSGFSLSVSSQGQSGYGQGIGIGAGAGAAAGAGAGAGAGAGAGYGQGLGAGAGAGAGAGAAAGAGVGAGVGAGYGQGVGVGAGVGVAVGADARAAVSNSVSRLASGAASSRVSSAVSTLVQNGQPNLSSLPNVISNLSSQVSASTPGASGCEVMVQVLMEIVSALVHILGSASVGYVDTSSVGNSAGLVGSAMSNTLG,MiSp,10.254289627075195
161,217,0.132,8.41,0.77,25.2,SGAGAGSGSGAGAGSGSGAGAGSGSGAGAGSGSGAGAGSGAGAGAGAGSGSGYGQGSYTSYSQYGYSNYGQGAGSGAGAGSGSGAGAGSGSGAGAGSGAGAGAGAGAGAGAGSGSTASTVYNSVSRLSSSSASSRVSSAVSNIVYAGGLNPDSLSNVIADVSAGVAASNPGLSGCDLLVQTLLEVIVALVHILSSADLSYVDASAAAQSAVAVGSAVQNGFLMY,MiSp,18.612340927124023
165,3835,0.131,10.4,0.81,8.9,QGPGGLAPGGQGPGGQGSGDTGPGGQRPGGYGPGGQGSGASRQGATAAVATASAAAAAVSVAPVGQGPGGYGSDGQGAGGMAPGGYGPGGQGQGGTGPGGQRPGGYGPGGQGSGGTGRGGQGPGGYGPGGQGSRGTGPGAQGPGGYGPGGQGSGGSRQGAPAAVATASAAAAAVSVAPGGQGPGGMTPGGQGPGGYGPGGQGPGGSGPGVQVPGGTGPGGRGQGGTGPGGQGPEGTGPGGESPSGSSLPLSIRRLSSPAAAYRISNAVTRILSSGGPSIQSLSNVMGQLFANVSVSHPGLSGCEILVQVLLEIIATLVHIMNYSSYGEVNIDSSSASARTVAQAVSYAI,MaSp,21.140066146850586
167,193,0.131,11.7,1.13,57.1,QGYGQGAGAGAGAAAAAGVGAGAGAGYGAGAGRGYGQGAGAGAGAGAGQGYGQGAGAGAGAGTGRGYGQGAGAGAGAGVGAGAGAGQGYGQGAGAGAGAAAAAGAGAGAGAGYGAGAGRGYGQGSGAGAGAGAGQGYGQGAGAGAGAAAAAGAGSGAGQGYGQGAGAGAGAGAGAGAGQGYGQGAGAGAGSGAGAGQGYGQGAGAGAGAGAGQGYGQGAGAGAGAGQGYGQGAGAGAGAAAAAAGGAGAGTGTGYGAGQGYGAGAGAGAAAGSGAGAGYGAGQGAGAGAGYGAGAAAGAGAAAAVSSAAPVVYNTVNRLSSSSATSRVASAVSSFVASGGPSMDSLSNVISQLSSSVAASEPGLSGCEVLVQVLLEVVSALVHVLSSSSIGYVDPNAAGQYSGMVGGAMGNVLG,MiSp,21.483619689941406
168,3857,0.13,6.84,0.97,30.8,QGGGQGAGQGGYGSGLGGQGAGSAAAAAAAGGAGGRGGLGGQGGGLGAGGAGQGGYGSGLGGLGGGSVAAAAAAGGAGGLGGQGGYGGQSGYGGQGGYGGGYGGQQVAASAATASAAASRLSSPDASSRVSSAVSSLVSSGATNPAALSNTIGSVVSQIGASNPGLSGCDILVQALLEVVSALIQILASSSIGQVNYGATAQSTGIVSQSISQALG,Spidroin,16.56563949584961
170,2270,0.129,7.93,1.32,21.5,GGGQGGDGYDGGYDGQGGSSAASAATSGSGRDGRRGGYGQGGSGASSAAAAASNGSGGDGSGRGYGGQGGYGPGGSSATAAAAGSGGGQSGNGYDDGLGGLGEYGPGGSSTAAAAAASGGQGGDGYDGGYGGQGGSSAASAATSGSGRDGRLGGYGQGGSGASSAAAAASNGSGGDGSGRGYGGQGGFGPGGSSAAAAAAGSGGGQGGKGYDDGFGERGGYGQGGSSAAAAAASGASGGSGAGQGFYGGGLRDSVAVASSAASRISSPSSQSRVSSAVSVFSDGGIEYPETFSSVYNNIYSDIASSNPNLSGCEVLVQTLLEVVSAILSSSSGLDTGSSTSFISSAIGPNY,MaSp3,18.875
176,2792,0.127,6.85,1.03,25.3,LGGQGGGQGAGQGGYGSGQGGQGAGSAAAAAAAGGAGGRGGLGGQGGGQGAGGAGQGGYGSGLGGLGGGAAAAAAAGGAGGLGGQGGGQGAGQGGYGSGQGGQGAGSAAAAAAAGGGGGRGGYGGQGGQGAGGAGQGGYGSGLGGLGGGAAAAAAAAGGAGGLGGQGGGQGAGQGGYGSGQGGQGAGSAAAAAAAGGAGGRGGFGGQGGGQGAGGAGQGGYGSGLGGLGGGAAAAAAAGGAGGLGGQGGGQGAGQGGYGSGQGGQGAGSAAAAAAAGGAGGRGGYGGQGGQGAGGAGQGGYGSGLGGLGGGAAAAAAVGGGAGGLGGQGGGQGAGQGGYGSGQGGQGAGSAAAAAAAGGAGGRGGLGGQGGGQGAGGAGQGGYGSGLGGLGGGAAAAAAAAGGAGGLGGQGGGQGAGQGGYGSGQGGQGAGSAAAAAAAGGAGGQGGYGGQGGQGAGGAGQGGYGSGLGGLGGGAAAAAAAAGGAGGLGGQGGGQGAGQGGYGSGQGGQGAGSAAAAAAAGGAGGLGGQGGYGGQSGYGGQGGYGGGYGGQQVAASATTASAAASRLSSPAASSRVSSAVSSLVSSGPTSPAALSNTISNVVSQVGASNPGLSGCDVLVQALLEIVSALIHILGSSSIGQVNYGATAQSTGIVSQSISQALG,MaSp1,20.1923828125
178,3313,0.126,8.43,0.91,21.7,ASAAGSAGQGGYGGLDGQRAGAAATGGLFDGSRDVGGFSFAVSGSSGGYRRGGYVGNSAAANAAASGSAPEADGRILGGNSAVPAAASSDASRSGGRGYGSSLGSVSASSAVGVVGGARFGQGKYSADLGRDSTATSAGVEGGSSRGRISLGVDDSVSVNISGAASRLSSPDASSRVTSAVSSLISNGITNTDALSSAISSVTSQLLMNNPGLSGCDVIVEALLEILSALVCILANSSIGDINYNYSGQSVEIVSQSALQALG,MaSp,18.864803314208984
184,6821,0.125,14.5,2.27,13.0,MGWIQRLAIPLVIFVLQISLSLGQKQNTPWTNSATAEQFMGSFLQRMAEEPAFTTSQLDDMSSIGETIMMSVKKFQQTGKSSAHKLQALNMAFASSIAEIAVSEEGGASIDDKTNAIANALSAAFMQTTGVVNTAFVNEIRQLVTMFAQANINDVGVGGAGASAAVSTGAGVAAAAAGSGSYGQGGAGYAAAGGYGSQTSSSISLSITGQTGQVSGAGAGVGTAAGISAGAGVSGGYGGAGAQGGYGARAGTGAGGYGAGGQGGYGAGAGSAAGSGAGAGAGGVGGYGAGAGTGAAAGAGAGAGGYGAAGASGGYGTGAGAFAGAAAGAGAGAGTGGAGTGGAGGYGAGAGTGAAAGAGAGAGGYGAAGASRGYGTGAGAGAGAGAGAGAGGVVGYGAGAGTGAAAGAGAGAGGYGAAGASGGYGTRAGAVAGAAAGAGAGAGTGGAGGYGAGSGTGAAAGAGAGAGGYGAAGASGGYGTRAGAVAGAAAGAGAGAGGYGAAGASGGYGSGAGAGAGAGAGAGAGGAGGYGAGAGTGAAAGAGAGAGGYGVAGASGGYGTRAGAVAGAAAGAGAGAGTGGAGGYGAGSGTGAAAGAGAGAGGYGAAGASGGYGTRAGAVAGAAAGAGAGAGTGGAGGYGAGSGTGAAAGAGAGAGGYGAAGASGGYGTRAGAVAGAAAGAGAGAGTGGAGG,MiSp,16.780574798583984
185,3546,0.125,8.47,0.74,24.6,GSGPFGSGGYGPGVGPSGPTQYGPGDGSSSAAAAAASFAGGSGTGQYGPGTGRSGSGGYGPGSGPAGPSQYGPGFGLSAGAAAGAGASGSGQYAPGRGPSGPGGYGPGAGPSGPSLYGPGSGSSSAAATAASAGAAGGQYGPGTGPSGPGGYGPGSGPAGPSQYGPGSGASAAATGTSSSRQYTQVRGPSGPDGYGRRAGQSGPSQYGTGSGSNSVATVAATAGGALGPGQYGPGTGPSGPGGYGPGSGLVSGPAGPSQYGSRSGSIAGAAAASSSSGSSGPGQFGPGTGSSGSGQYMPIAYGATSLSSSTASGSVARLSSPPSSARVASAASSLASSGLSNPSSISGVFSDLSNSVAASHPGLSECEVLVQVLLEVIAALVQILSSSSVGQVSSSSDYYASLVGQAIVNAFSG,MaSp,18.384300231933594
193,2579,0.12,7.57,0.75,27.2,GGQGGYGQGGQGSGSGAAAAAAAASGGQGGQGGYGQGGQSGQGGQGGYGQGGQGSGAAAAAAAAAAGGQGGQGGYGQGGQGGQGGYGQGGQGGQGGYGQGGQGQGSGAAAAAAAASGGQGGQGGYGQGGQSGQGGQGGYGQGGQGSGAAAAAAAAAAGGQGGQGGYGQGGQGGQGGYGQGGQSGQGGQGGYGQGGQGQGSGAAAAAAAASGGQGGQGGYGQGGQRGQGGQGGYGQGGQGGYGQGGQGGYGSGAAASAAAAVSSSVSRLSSPSSSSRVSSAVSTLASAGGANSGALSSVISNLSSSVSAAHPDLSGCELLVQVLLEVISALVTLVGSSTIGQVNVGQSSQYSGLVANAIAQALAY,MaSp1,18.61552619934082
194,6965,0.118,10.9,1.45,18.2,MSSSRLALAFLALLCTNALFVAADGPTPWDSPNMAESFMNNFMGGIASSGAFSGDQMGDMQDIAGTMQDSVNKMASTGRSSKSKLQAMNMAFASSMAEIAAAEAGGASMAAKTSAITNALRGAFLQTTGVSNEQFINEIATLINLISQSNVNTVSASASSGGGGGGGYGGPAYGPSSYGPSQGASSVSVSASAAGGGSGGQGPSGYPQQGPGGYGPSGPGASAAVAVAGGQGPSGPGPQGPSGPGGYGPSSQGPSGPGASSAAAA,Spidroin,17.062362670898438
195,5654,0.118,6.53,1.16,18.9,GGYGEGLGAGAGAGAGAGAGAGAGAGAGAGGLGGYGQGLGAGSGAGAGAGVGVGVGVGAGYGQGAGAGGYGQGYGVGAGAAVAVGADARAAVSNSVSRLSSGAASSRVSSAVTSLVQNGRPNIASLPNVISNLSSQISASTPGASGCEVMVQVLLEVVSALVHILSSANVSNIDLSAVGNSANVVGSALMG,MiSp,7.2702412605285645
196,7447,0.118,9.77,0.97,19.6,MGFSARLAIPLVLLIVSAVTEITSGQGAANTPWQSPQLLESFMGSFLASVSRQGIFSGDQLDDMESIVDTLKMSMNKMASSGKSSRSMLQALNMAFASSIAEIAVVEQGGASLSQKSNGIVQGLTDAFLQTTGAVNSKFVNEIGELIQMFAQVSANEIGGAAAGAAATAGAQGYGAAYGTSTGGAAGAGYVQTATTGSGTAYGKSAGTGIAVSVGAGSGAGAGAGYGQRTGAAASQRAGAGYGQGAAAGAGVGTGYGQGAGAGTGYGQGAGAGAGLGAGASSGAGYGQGAGAGAGAGYGRGSGAGAGYGQ,MiSp,15.850509643554688
198,5771,0.117,9.54,1.37,14.6,PVSVQQSYGSTGPGSSSSSVSVSASTAASALSSPASNARISSVASNLVSSGPVNSQVLSSTIGNVVSQIQSSNPGASSCDVLIQALLELVTALVHILGSANVSSVNPQAAGSTAEMVSQSVQQVYG,MaSp,20.03618812561035
200,5852,0.117,10.1,1.89,17.9,GAGQVGPGGLGLGGAGQQGPGGQGPNGPGSAAAAAAAAGGYGPGSGQQGPGGAAQQGPGGQGLGGAGQQGPYGPGSAAAAAAAAGGYGPQGPGGQGPGQTGPGQQGPGGQGPYGPGAAAAAAAAGGYGPGSGQQGPGQQGPGQQGPGQQGPGQQGPYGPGAAAAAAAAGGYGPGQQGPGQQGPGQQGPGGQGPYGPGGASAAVSVGGYGPQRPSAPVASAAASRLSSPAASSRVQSAVSSLVSSGPANSAALSNTISSVVSQISASNPGLSGCDVLVQALLELVSALVSILGSSSIGQINYGASAQYAQMVGQSLAQALV,MaSp2,18.033679962158203
203,4382,0.115,3.34,1.3,21.7,GSAAGAAVGAGSGAGYGAGGYGSGAAAGSASGASAGSGSGYGDNGNGRGALAAAGTGSAAGAGADAGSGYGAGAGAGVGAGGYGSTAGYGTGAGGYGSGAGAAKGTGAAAGAGAGGYGAGSGAGAASGSAGGYGTGAGYGIGTGGAGGYGRGSGAGGASGAGAAAGAAAGAGGYGMGIGAGAGAAAGSGSAAGSSARSGYARGISTGLSSTASENINLSFNIGATAASQATSGYGTAVTSAGYGAGAGSAAGAAAGAGFGAGYGAGGYGGGAGATAGSASGAGAGSRAGYGDNGYGRGAGAAAGAESVAGSGAAAGSGYGAGAGAGAGGYGVGAGYVTGAGGYGRGAEAAAGAGSAAAAGAGGYGAGSGYGAGAASGSAGGYGSGAGYGTGTGGAGGYGRGAGAGGASGAGAAAGATAGAGSYGIGTAAGAGAAAVSGSAAGSSATSGYARGTSTGVSSTASQTRNQSYNTGATSASQTTSDYGTDVSSAGYGAAAGSAAGAAAGAGSGAGYGAGGYGSGAGAIAGSASGAGAGYGAGYGDSGYGRGAGAAAGAGSGYGAGAGAGAVGYGSGVGYGTGAGGYGRGAGAAAGAGAAAGAGAGAYGAGSGYGAGAASGSAGGYGSGAGYGTGTGGAGGYGRGAGGGSASGAGAAAGAAAGAGSYGMGTAAGASAIAESGSAAGSSVTSGYARGTSTGISSTASQTRNQSYNTGATSASQATSDYGTGVSSAGYGAAAGSAAGAAAGAGSGAGYGAGGYGSGAGAAAGSASGAGAGYGAGYGDNGYGRGAGVAAGVGSAAGAGAAAGSGYGAGAGAGAVASGYGSGAGYGTGAAGYGRGYGAAAGAGAATGAGAGAYGAGSGYGASAASGSAGGYGFGAGYGTGTGGAGGYGRGAGASGASVAGAAAGAAAGAGGYGMGTATGAGAAAESGSAAGLGATSGYARGTSTGVSSTASQTRNQSYNIEATSASQATSDYGTGVISAGYGAGTGSAAGAAAGAGSGAGYVAGGYESGAGAAASSASGAGAGSGAGYGDNAYGRGAGAAAGVGSAAGAGAAAGSGYGAGAGASGYGSGSGYGTGTGGYGRGAGAAAGEGTAAGAGAGGYGAGSGYGAGAASGSDGGYGSGAGYGTGTGGAGGYGRGAGAGGASVAGAAAGAAAGAGGYGMGTATGAGAAAGSGSAAGSSATSGYARGTSAGVSSTASQTRNESYNTGATSASQATSDYGTDVSSAGYGAGAGSAAGTAAGAGSGAGYGANGYGSGAGAAAGSASGAGAGSGTGYGDNGYGRGAVAAAGAGSAAGAGAAAGSRYGAGAGAAAGAGGYGSGAGYGTGAGGYGRGAGAAAGAGAGARTAAGGYGAGTGAGGGAGGYGSDAGYRRGAGGYVRGAGTAAGAGAAAGAGEYGAGSGSGAGSAAGAAAGAAAGSAGGYGSGLGYGTGSIGTSGYGKGAGPGGAAGAGAAAGAAAVAGVAAGSSAAGGYGRGTSTGVSSSTSQIASQSFNSGSTSASQGSSGYGSGVTSGGYGAASGAGFAAAAAGSGVGYGTGGGYGRGAGAVAGSGASAGYGGSLADVSSSVSSVASRLSSGESSSRIASAASSLVNGNSININALPSVIADVFAQVSASSQGLTSSEVLIETLLNIVSSLIAILGSSSVGGVDFGSIGSSSAAVGQSVQSALG,MiSp,18.930587768554688
210,6784,0.112,7.93,1.17,17.4,MTWTTRLALSFLVVICSQSLFALCQSPWESASIAESFMTYFSDALERSGAFTNEQLDDIETIATSIKLGVDKMERNGKSSGSQLQAINAAFASAVAEIAVAEGGGQTTEIKTEAIADALAFAFVQTTGAVNISFINETRNLISMFAQRNTISSSADLASASAGRTAGINGYGQGEAKVAAGSGVAGQGDKEDKAGAGSGGYGQGAGNAGAAAAAAAAAAAAGGQGGYGQGGAGAASAA,Spidroin,17.595829010009766
211,1400,0.112,14.9,1.18,14.2,PYGPGAAAAAAAAAAGGYGPGSGLGGAGGAGQGSGGSGQQGPGGAGQQGPGGQGPYGPGAAAAAAAAAGGYGPGAGQQGPGSGGQQGPGSGQGGQGPYGPGAAAAAAAAAAGGYGPGSGLGGAGGAGQGSGGSGQQGPGGAGQQGPGGQGPYGPGAAAAAAAAAGGYGPGAGQQGPGSGGQQGPGSGQGGQGPYGPGAAAAAAAAAGGYGPGSGLGGAGGAGQGSGGSGQQGPGGAGQQGPGGQGPYGPGAAAAAAAAAGGYGPGAGQQGPGQQGPGSGGQQGPGGQGPYGPGAAAAAAAAAAGGYGPGSSQQGPGSGGQQGPGSGGQQGPGGQGPYGPYGPGAAAAAAASAGGYGPGSGQGQGSPASAAASRLSSPQASSRVSSAVSALVSSGPTSSAALSNTIGNVASQISASNPGLSGCDVIVQALLELVSALVHILGSSSIGQINYGASGQYASLVGQSVAAALG,MaSp2,16.96694564819336
215,2156,0.109,12.3,1.12,17.6,GVGGLGGRRGYGGAGGSSSSASAAAAAGSGTGGLGGLGLYGQGSGLGAGSGSGAGAGAGAGAGAGAGAGAGAGAGAGAGAGGLGDLGGYGGAAGSSSSASAAAAAGSGAGGLGGLGLYGQGSGLGAGAGAGAGAGAGVGVGAGSGAGGLGGDGYDAYGINSQSSSGFSFSLLSQRQYGPGQSLGGVSGAGAAAGAAGAGGLGGVGGYGQGSGLRSGAGAGAGAVAGGLGGLRGYGGAAGSGSSASAASAAAAGARGLGDLGLYGQGSGLEAGIGAGVGTGAGAGAGVGGLGGYGGAAGSSSSASAAAAAGSGIGGLGGLGLYDQGSGLGAGVVAGAGAGAGAGAGGLGGLRGYRGAGGSSSSASAAAAAGSGVGGLGGLGLYGQGSALGAGAGAGAGAGAGAGSGAGAGSGSGAGGLGGLRGYGGIAESSSSASAAAAAGSGDGGLGGLGLYGDSYGLEAGAGAGAGAGAGSGFGAAGLGGLGGYGGAAGSSSSASASAAAGSGTGGLGGLGLYGQGSGLGAGAGAGAGAGAGAGAGAGAGAGAGAGSGLGGLGGYGGAAGSSFIASAAAAAGSGTGGLGGLGLYGQGSGLGDGVGAGAGGLSGQGIGAGAGVAVSVGADAQAAVSNSVSRLSSGAASSRVTSAVSSLVQNGAPNLSALPNVFSNLSAQVSASSPGASECEVIIQVLLEVVTALVNVLSVANVGPIDLSSVGNAAGLVGDAVMG,MiSp,14.277240753173828
219,3900,0.106,8.17,0.91,18.0,GSGGRGGFGGRGGDDAAAAAAAAGGDGLGGYGRGYGAGLGGRGGSASAAAAAADGSGGRGGFGGRGGDDAAAAAAAAGGDGLGGYGRGYGAGLGGRGGSASAAAAAADGSGGRGGFRGQGGDDASAAAAAAGGDGLGGYGRGYGAGLGGRGGSASASAASASGPGSQGGLGSQSGGSSSVAVTSASSRILSPSSVSRISDAASVLLGYDQGNSASFSNVYSNMIYDISSSNPGASECEIQIQALLEVISAMSMSLYNFNAQESVGYVNQCFNI,MaSp3,19.146547317504883
220,6838,0.106,8.73,1.09,18.7,MGWISRLAILLLFLFQSSGSFGQSSNNPWNSAKSAETFMASFMDGLNSGGGFSKEELDDMDSIGDMIMASIDKMARQGKSKKNMLQALNMAFASSVAEIAVTENGGAGINQKVDAIEKALISAFLQTTGVVNRSFLDEIRQLVLMFAEANANDVDNSSSSASAAAAAGAGSGGYGQGFGTGTAGASGAYSQSVSTGVRSGSAGGYGGDSGGARGGAAGYSTSTASSYGSSYSSSGGSGGGSGYTSDGGSSSGSGGGSGYGSGGGSDYGGGYGSGGAGGYGGGPGGTSSAFSVASASSFGSGGPGGYGGGSGSGAGAAGGGAGGYGSGGAGGYGAGSGSGAGAGSGAGGGGGYGSGGAGGYGGGSGSGAGAGSGAGGAGGYGADGRGSVSGAYGYSVAP,Spidroin,19.089309692382812
221,2429,0.106,8.29,0.93,20.3,AAGGFGPGSGQQGPGGAGQQGPGAQGPYGPGAAAAAAAAGGFGPGAGQQGPGSGGQQGPGSQGPYGPGAAAGGYGPGAGQQGPGAGGQGPYGPGAAAAAAAAGGYGPGAGQQGPGAGQQGPGAGQQGPSTGGQGPYGPGAGQQGPGAGQQGPGAGQQGPGGAGQRGPYGPGAAAAAAAAGGFGPGAGQQGPSTGGQGPYGPGAGQQGPGAGQQGPGGAGQRGPYGPGAAAAAAAAGGFGPGAGQQGPSTGGQGPYGPGAGQQGPGAGGQGPYGPGAAAAAAAAGGYGPGAGQQGPGAGQQGPGAGQGPYGPGAAAAAAAAGGYGPGAGQQGPRSQAPVASAAASRLSSPQASSRVSSAVSTLVSSGPTNPASLSNAISSVVSQVSASNPGLSGCDVLVEALLEIVCALVHILGSSSIGQINYAASSQYARMVGQSVAQALG,MaSp2,19.036182403564453
222,3534,0.106,10.1,0.97,16.7,GAGYGQGAGAGAGAGAGYGQGSGLGAGAGYGQGAGGGAGAGAGSGTGYGQGAGAGAGDGAGSGAGLGAGAGYGQGAGAGYGQGAGAGTGAGYGQGAGTGAGAGAGYGQGAGAGAGAGAGAGSGAGYGQGAGVGYGQGAGAAYAVSSDASSAAYNSVSRLSSSSATSRVSSAVSTLLSSGGPNVNALSNVISNLASSVSASNPGLSGCEVLVQTLLEVVSALVHILSSSNIGNVNVSDAGSYSSMVGQSVAQVFA,MiSp,17.420211791992188
225,2682,0.106,13.0,0.79,20.3,GAGAGAGAGAGAGGAGGYGQGYGAGAGAGAGAAAAGGAGAGAAGGAAAGGAGGYGQGYGAGAGAGAAAAAGAGAGAAGGYGRGAGAGAGAGAGAAAGAGAGAGAGAGAGGAGGYGQGYGAGAGVGAAAAAGASAGAAGGYGRGAGAGAGAGAGAGGAGGYGQGYGAGAGAGAGAGAAAAAGAGAAGGYGGGAGAGAGAGAGGGYGQGYGAGAGAGAAASAGAAGAGAAGGYGQGYGAGAGAGAGAAAGAGAAGGYGGGAGAGAGAGASAGSYAGAVNRLSSAAAASRVSSNVAAIASAGAAALPNVISNIYSGVLGSGVSSSEALIQALLEVISALIHVLGSASIGNVSSVGVNSALNAVQNAVGAYAG,MiSp,18.245691299438477
228,6079,0.104,5.92,1.51,16.2,MQWPTQLSLLFLVLCAQSMTALGSIWSSTAGAEAFIGAFTSSLGATGLLNADQMDDVSSIKDGILRTIEKNPNKNSKSKLQGLNMAFASSVAEVAFSGDSGASVSAISAAIIDSMNQAIIQTTGTSDQVFLSEIGRIINMLAQDFAEASAGASASAGASAGAYGAGGGYGTGAGAGAGAGAGAGAGAGAGAGTSAGGYGNAIQYSSGSTGFSSASSSQASSQTYNTQGSYSSQGYGSGSGAGAAAGAGAAGAGGYGSGYGSGSGAGAGAGAGAGAGSGAGYGVGYGAGQGYGAGSGAAAAAAAAAAAAAAAGAGSGSGA,MiSp,19.409990310668945
230,1793,0.104,12.1,0.94,17.3,AAAGSGGPGGSGPGGAGPGEYGPGGYGPGGAGPGGYGPGGYGPGGAGPGAASAAAAASAAGGGGGGQGGSEEIIYESSAPGGYGPGSSGPGGYGPGSSGPGGYGPGVSGPGGASAAAAAAAAASSSGGPGGSGPGGYGPRGSGPGGAGPGGYRPSGYGPARSGPGGASAAASAAAAISSPASTSRISSVASRLASGGPINVSNLSNTIGSVVSQVQSSNPGASECEYFVQALLEVVSALLHVLGSSSIGNVNYGSAGQTSSMVAQAVNQLYR,MaSp2,22.639511108398438
233,5570,0.103,5.42,1.2,23.4,GAGAGAGFGSANYGQYSTSTSMTSQYGSAYGQGSASGAGAGAGAGAGAGSGAGAGSGAGSGAGVGYGAGAGSGAGAGAGYGAGAGSGAGAGAGYGAGSGSGAGAGEGYGAGAGYGVGSGAGAGSGAGAGYGAGAGYGSGAGSGAGVGAGSGAGYGAGSGAGAGYGAGSGAGSGAGAGSGYGVGSGASAGAGAGSSVASTVYNSVSGLSSSSAVSRVSNAAQALVSSGGVNSGSLSNAVSTISSSIAQSNPGLSGCEVMVQTLLEVISALVHILSSAQINPPNGDAYATANSVASAMSTAFRG,MiSp,16.940101623535156
234,3755,0.102,13.0,1.31,14.2,GSGAGAGAGSGAGAGAGSGAGAGAGAAAGAGAGSGAGAGAGAAAGAGAGAAGGYVGGYGAGSGAGAGAAAGASAAAGAGAGAGRGAGYGAGSGVGSGAGAGAGAAAGAVSGSAGGYGGGYGAGSGAGAGTAGGYGAGYGAGSGAAAGAGAGAAAGSGAGRGVGYGAGSGTGAGAGAGAGAYGGAGTGNRAGDAFGQSFAQTMLSSGVISTETVTTATAQSAASSFASNAAQSLGLDAGTANYLSSQLSSMAASIAQANQNQADFVQAMSYAMGKILSDSGAINESNASSAGSSASSTVTQTIKTSGPSVIFSGPASGGYGSGSGSGAGAGAGAAGYGGGYGAGAAGYGGGYGAGTGAGSGAAAGAGAGAGAAAGIAGASGYGGGYGAVAGAGAGAGAGAGAGSSAGAAAGASAAAAGSVNRVSSNIGSLVSGGPGAISSVVSNIFSGVSASAAGASYNEILTEALIEVIATLLHIISNSSVGYVGTEGLGDSMAMVQQAIGPLVG,MiSp,20.43353271484375
235,708,0.102,2.59,0.6,31.0,AAAAAASGGAGPGRQQGYGPGGSGAAAAAAAAAGGSGPGGYGQGPSGYGPSGPGAQQGYGPGGQGGSGAAAAAAAAAGSGPGGYGPGAAGPGSYGPSGPGGSGAAAAAAAASGPGGQQGYGPGGPGASAAAAAAAGGSGPGGYGQGPSGYGPSGPGAQQGYGPGGQGGSGAAAAAAAAAGSGPGGYGPGAAGPGNYGPSGPGGSGAAASAAAASGPGGQQGYGPGGSGAAAAAASGGAGPGRQQGYGPGGSGAAAAAAAAAGGSGPGGYGQGPSGYGPSGPGAQQGYGPGGQGGSGAAAAAAAAAGSGPGGYGPGAAGPGNYGPSGPGGSGAAASAAAASGPGGQQGYGPGGSGAAAAAASGGAGPGRQQGYGPGGSGAAAAAAAAAGGSGPGGYGQGPAGYGPGGQGGSGGAAAAAAAASSGPGGYGPGAAGPGNYGPSGPGGSGAAAAAAAASGPGGQQGYGPGGSGASAAAAAGGAGPGRQQAYGPGGSGAAAAAASGSGGYGPAQYGSSSVASSAASAASALSSPTTHARISSHASTLLSSGPTNSAAISNVISNAVSQVSASNPGSSSCDVLVQALLELITALISIVDSANIGQVNYGSSGQYAQIVGQSVQQALG,MaSp2,20.401023864746094
237,6019,0.102,10.7,1.25,15.2,MTWTARLALSLLAVLCTQGIFAQGQNNPWSSTELADAFINAFLNEAGRTGAFTADQLDDMSTIGDTLMTAMDKMARSNKSSQSKLQALNMAFASSMAEIAAVEQGGMSVAAKTNAIADSLNSAFYQTTGAVNVQFVNEIRSLISMFAQASTNEVSYGGSGAASASAGGGQGGYGGQGAGAAAAAAGGAGQRGYGGVGNQGAAAAAAAGGAGQGGQRYGGQGAGAAAASGAGQGGRGYGGQGAGAAAAAAGGAGQGYGGQGAGAAAAAAAGGAGQGGRGYGGQGAGAAAAAAGGAGQGGRGYGGQGAGAAAAAAGGAGQGGRGYGGQGAGAAAAAAGGAGQGGYGGLGSQGAGQGAAAAAAAGGAGQGGYGGLGGQGAGAAAAAAAGGAGQGGYGGRGGLGAGQGGYGGQGAGAAAAAAAAGGAGQGGYGGLGSQGAGQGAGAAAAAAGGAG,MaSp1,18.132810592651367
239,6367,0.101,8.76,1.46,14.2,MQWPTRLTLLTIVVCAQSYSALGASIWSSAAMAETFMQSFTSALGRSNILEADQMDDIASISDTLMSAVEKSGGKKNKLQALNMAFASSVAEIAFADMTGKPVDVKSNAILNALSEAFLQTTGFVDSYFIQEIGGLINMFAQVTANESDTSGAASASAAAAVSADSYGGRSVYKASTVAGTGISAKGDYGAYGSGAGTGAVASAGAGVSGAGYGAYGAGAGASAAATAGAVAAGAGGYGRGAGAGAAAGAGAGGYGGQGGYGAGAGAGAAAATAAGARGASGYGAGAGVGAAAAAGTGAGGAGGYGRGAGAGAAAGAGAGGAGGYGGQGGYGAGAGAAAAAGAGAGGAGGYGRGAGAEPAAGAGAGAVSAGGYGGQGGYGVGAGAGAAAAAGAGAGGAGGYGRGAGAGAAAGAGAGAGGDGGYGGQGGYGEGAGADAAAAAGAGAGGAGGYGSGAGSGAGIGAGAGAGAGGANGYGGQGGYGTGEGAGAAAAAGAGAGGAGGYGRGAGSGAGIGAGAGAGAGGYGGQGGYGTGAGAGAAAAAGAGARGAGGYGRGAGAG,MiSp,25.60665512084961
241,2194,0.101,10.5,1.18,22.3,GGLGGLGLYGQGSGLGAGAGAGAGAGAGAGVGVGAGSGAGGLGGDGYDAYGINSQSSSGFSFSLLSQRQYGPGQSLGGVSGAGAAAGAAGAGGLGGVGGYGQGSGLRSGAGAGAGAVAGGLGGLRGYGGAAGSGSSASAASAAAAGARGLGDLGLYGQGSGLEAGIGAGVGTGAGAGAGVGGLGGYGGAAGSSSSASAAAAAGSGIGGLGGLGLYDQGSGLGAGVVAGAGAGAGAGAGGLGGLRGYRGAGGSSSSASAAAAAGSGVGGLGGLGLYGQGSALGAGAGAGAGAGAGAGSGAGAGSGSGAGGLGGLRGYGGIAESSSSASAAAAAGSGTGGLGGLGLYGQGSGLGDGVGAGAGGLSGQGIGAGAGVAVSVGADAQAAVSNSVSRLSSGAASSRVTSAVSSLVQNGAPNLSALPNVFSNLSAQVSASSPGASECEVIIQVLLEVVTALVNILSVANVGPIDLSSVGNAAGLVGDAVMG,MiSp,14.970829010009766
259,5944,0.093,8.74,1.35,14.5,MKFSTHLSLYFLALCIWSISPLNAVTVWDTKENAEGFISRFNGGLARSGAFSDTQMSDISSISDTIISAIERNPSNSRSKLQALNMAFASSVSEIAFSESNGVPNGAKIQVIMDALSDSFLQTTGVVDKTFLNEIGSLVRMFAQVSASENEVSAGASASASAGAGGYGQSAAGGQAVGAGPGAGGNAVASSQGIGGGYGPGPGAASTSSIGAASTISQTSSSSSTVGYSQTQGGYGQSAGSTTGGYNQGAGAASSAGAATGGYGQGGGYSQGAGIGGYGQGAGAGAAATAGTASGVTGGYGQGAGAGQGASSAAAGGYGQGVGGGARQGLGGGTGQGSGAGAGAAASAASGAAGGYGQGTGQGAGQGAGVGAASGAAGGYGQGVGQGLGGRAGQGSGAGAGAASGATGGYGQGVGGGYGQGTGQGAGAGAAASAASGAA,MiSp,18.560791015625
265,2059,0.09,8.0,0.94,18.3,GQGGLGGAAAAAAASGLGGAGRGGLGGGSGQQGGGQGGYGSGQGGQGGLGQGGAAAAAAAAGGLGGAGQGLGGGSGQQGAGQGGYGSGQGGQGGYGSGQGGQGGSGQGGNGAGQGGQGGLGQGGAAAAAAAASGGLGGAGQGLGGGSGQQGGQGGYGSGQGQGGLGQGGLGGAAAAAAAASGLGGAGRGGLGGGAGRGGLGGGSGQQGGGQGGYGSGQGGQGGLGQGGAAAAAAAAGGLGGAGQGLGGGSGQQGAGQGGYGAGQGGLGGAAAAAAAAGGAGQGGLGGGYGSGQGGQGGYGSGQGGQGGSGQGGYGSGQGGQGGLGQGGAAAAAAAAGLGGAGQGLGGGSGQQGGQGGYGSGQGGQGGLGQGGLGGAAAAAAAASGLGGAGRGGLGGGSGQQGGGQGGYGSGQGGQGGLGQGGAAAAAAAAAGGLGGAGQGLGGGSGQQGGQGGYGSGRGGQGGSGQGGYGSGQGGQGGLGQGGAAAAAAAGGLGGAGQGLGGGSGQQGGQGGYGSGQGQGGQGGLGQGGLGGAAAAAASGLGGAGRGGLGGGSGQQGAGQGGYGSGQGGLGQGGAAAAAAAAGGAGQGGLGGGYGSGQGGRGGYGSGQGGPGGYGQGGLGGSSAAASASAASAAASRLSSPAATSRVSSAVSSLASGGVSSPGALSGIIGNTVSQISSNSPGLSGCDVIVQALMEVVSALVHILSSASVGQVNYSSAGQSAQLVSQSVSQALGY,MaSp1,19.83877182006836
267,30,0.09,3.15,0.52,36.1,SGAGAAAASAAGGAGAGQGGYGAQGIQSSTTFSVSSQGAGGGLGGYGQGSGAGAAVAGAAGAGQGGQGGYGQGIGAGSRAGQGGLRGYGQGAGSSSAAAAVSGAGSGQGGYGGQGGYGQGAGGSSAAAAGSGAGQGRLGRYDQGLRADAASSAGVAVTVGNTVSRLSSPQAATRVSSAVSSLVSNGQVNVAALPSIISNLSSAISASATTASDCEVLVQVLLEVVSALVQIVSSANVGYINPVSSDSLNMVGSSITSAMG,MaSp1,18.142812728881836
273,3860,0.087,24.1,1.68,8.7,GGQGAGSAAAAAAAGGAGGLGGQGGYGSGQGGSGLGGQGAGSAAAAAAAGGAGGLGGQGGYGSGQGGSGLGGQGAGSAAAAAAAGGAGGQGGQGGYGSGQGGYGQGGQGAGSAAAAAAAAGGAGGLGGQGGYGSGQGGYGSGQGSAAASASVSATAAASRLSSPAASSRVSSAVSTLASGGASSPAALSSVIGNVVSQISSSSPGLSGCDVLVEALLEVVSALVHILSSASVGEVNYSTAGQSTQMVSQSVYQAMG,MaSp1,20.36717414855957
274,2015,0.086,7.64,0.94,18.2,RPGGDSATGGNGGRFGSGGPGGGSAAAAAATGGNVGHFGSVGAGGDSAAAAAASGGNGGRFGPGGDSAAAAAASGGNTGNGQGGYGGRFGSGLQGGDLRVVASASGDRGFGRGRYSSGYGSDSGTSATGEFSGYLDVPLSGRVSAAASRLSSPAAGSRVSSTISLLLSNGITNTNALSSAIGNIMYQVGNSNPGLSSCDVTVEAMLEILSALLSILGSASIGEINYNSLGQSAEIVSQSMLQALS,Spidroin,17.691804885864258
275,329,0.086,5.48,0.65,22.5,GAGSGAGAGSGAGAGSGAGAGSGAGAGSGAGAGSGAGAGSGAGAGSGAGAGSGAGSGYGQGAGYGSGAGYGSGAGYGSGAGYGSGAGLGDGAGAGAGAGAGAGAGYGQSSTSETTTRTVYNTVSRMSSASAASRVSSAVSNIVQSGGVRADSLSNVIANIAAAVGRANPGLSQCEVLVQTLMELVSVLVHIVSSANLSTVNAGTAAQSVSAVSSAVAASLG,MiSp,21.010114669799805
282,1589,0.083,11.6,0.76,16.1,SQGPGGYGPGASAAAAAAAASGPGGPGSQGPGGPGSQGPGGPGSQGPGGPGGYGPGSQGPGGYGPGASAAAAAAAASGPGGYGPGSQGPGSQGPQGPGSQGPGGYGPGSQGPGGYGPGSQGPGGYGPGSSAAAAAAAASGPGGPGSQGPGGPGSQGPGGPGSQGPGGPGGYGPGSQGPGGYGPGASAAAAAAAASGPGGYGPGSQGPGSQGPQGPGSQGPGGYGPGAAAAAAAAASGPGGYGPGSQGPGSQGPQGPAGYGPGASAAAAAAAASGPGGPGSQGPGGPGSQGPGGPGSQGPGGYGPGSQGPGGYGPGSQGPGGYGPGASAAAAAAAASGPGGPGSQGPGGPGSQGPGGPGSQGPGGPGGYGPGSQGPGGYGPGASAAAAAAAASGPGGYGPGSQGPGSQGPQGPGSQGPGGYGPGASAAAAAASGPGGYGPGSQGPGSQGPQGPGSQGPGGYGPGAAAAAAAASGPGGYGPGPQGPSGPGSQGPSGPGSQGPGGYGPGASAAAAAAASGPGGYGPGPQGPSGPGSQGPGGYGPGAAAAAAAAASGPGGYGPGPQGPSGPGSQGPQGPGSQGPGGYGPGAAAAAAAAASGPGGYGPGPQGPSGPGSQGPSGPGGYGPAASASAAAARLSSPAASSRVSSAVSTLASSGGANAGALSSVISSLVSQVSANSPGLSGCDVLVQALLEVVSALVHVLSSASIGQVNYGASGQSAQLVSQAVSQALGY,MaSp2,20.105009078979492
283,3681,0.083,6.31,0.8,18.6,AAAGGPGGYGPGSQGPGSQGPSGPGGYGPGSQGPGGYGPGSQGPGGPGASAAAAAAAAGGPGGYGPGSQGPSGPGSQGPGGYGPGSQGPGAAAAAAAAAAGGPGGYGPGSQGPGSQGPSGPGGYGPGSQGPGGYGPGSQGPGGPGASAAAAAAAAGGPGGYGPGSQGPSGPGSQGPGGYGPGSQGPGASAAAAAAAAGGPGGYGPGSQGPGSQGPGSQGPSGPGGYGPGSQGPGGYGPGSQGPGGPGASAAAAAAAAGGPGGYGPGSQGPSGPGSQGPGGYGPASQGPGASAAAAAAAAGGPGGYGPGSQGPGSKGPGSQGPSGPGGYGPGSQGPSGPGGAAAAAAAAAGGPGGYGPGSQGPSGPSGAGGYGPGSQGPSGPGGYGPGSQGPSGPGGYGPGSQGPGGPGASAAAAAAASGPGGYGPSGPGSQGPSGPGSQGPSGPGGPGASAAAAAAASGPGGYGPGSQGPSGPGGYGPGSQGPSGPGGYGPGSQGPSGPGSQGPSGPSGPGGYGPSGSGASAAAAAAASGPGGYGPGSQGPSGPSGPGGYGPGSQGPSGPGGPGASAAAAAATASGPGGYGPGSQGPSGPSGPGGYGPGSQGPSGPGGYGPGASAAAAAAASGPGGYGPGSQGPSGPSGPGGYGPSGPGASAAAAAAASGPGGYGPGSQGPSGPGYQGPSGPGAYGPSPAASASVAASRLSSPQASSRVSSAVSSLVSSGPASGSSVSSALNSLTSQISGSNPGLSGCDVLVQALLELVSALVTILSSASIGQVNVNSAGQSTQMISQALL,MaSp2,19.494585037231445
287,6054,0.082,6.0,1.08,17.8,MTWTARLVLLTLVALCTLSAVARGESNHPWKDMKSMETFMDIATEKLSSSGRFNDDDVDAVREVGDTLKQSAENMWKKGKMSPKQLGMMNMAFTAVLADMVYSDGSNLEEKKNAVDNALSAALVASIGKIDPIFMNEINTLMSTFGQSNQLGNESGGYGAESAAVAASSSNGFGSGPQTLSSQGRGAPSISVSATGAGAFPQGPVGSQQSSYSISASSLSGAPGGYGGQYGSGLGAGQGGNSGSAAAAVATGSGGAGSPIQGYGGTVGSAAASGIGGYGGGAGLGYGGGREAAAAAGGAGQGGFGAGGDGLGGQEGTASAAAAAGGLGGQGGYGGLGYQGAGGAGQGGYGSGLGGAGSAAAAASAGGAGQGGFGSGGVGIGYGAGLGGQGGAGQGGATAAAAAAGGLGGQDGYGGLGSLGTGGTGQGGAAAAVVAAGGIGGQGGYGVLGYQGAGGVGQGGYGSGLGGAGSAAAAASAGGAGQGGFGSGGVGIGYGAGLGGQGGAGQGGAAAAAAAAGGAGQGLVGPGAGPGGYGRDGSGSAAAAAASSNGSGSDGYGGGYGGQGGPGQ,MaSp3,19.249391555786133
288,5775,0.081,6.2,1.14,15.1,GASGAGAGGLGGYGQGAGAGAGAAAAGAGAGAYGAGQGGLGGYGQGAGAGAGAGAGAGAGAGTGAGAGAGAGAGAGAGAGAYGAGQGGLSGYGQGAGAGSSSAAAAGASQGTYGSGYQTGSQFSLSLSSQAEGKGTTYGQGAATGAGAAAAAVGSAGAGQGGYGLGAGAGAEARAGAGARLGAGAGAEAGAYGAGQGGLGGYGQGAGAGAGAAAAGAGAAAFGAGQGGLGGYGAGAGAGAGAGAGAGAYGAGRGGRGGYGQGAGAGAGAAAYGAGQGGLGGYGQGSGEGAGAGAGVGAGAAAGAGAGIGAGAGAGAGGAAAGAGAGTYGAGRGGLGGYGQGAGAGAGAAAYGAGQGGLGGYGQGAGAGAGAAAAGAGAGAYGAGQGGLSGYGQGAGAGAAAAAAGGAGAGQGGQGGYGGQGGYGGYGLGAGAGAGAASATAGAYGAGAYGASSSSDVVATVGSTVSRLSSPNAVSRVSSAVSNLVSNGQLNLSSLPNVISNLSSSITASSPGISGCEALVQVLLEVTSALVHILSSANIGDINLNASSDYAAMVGSSVSNVMG,MaSp1,18.46640396118164
291,5813,0.08,6.74,0.82,16.4,YGPGQGQEAGFSGSSPATASSAYSQGYGPGQSAYPGQPGYSSSSAIAISLGYGQNGGYGPSSGASGSGAGQGQLGGPGSPTTVSSVSSGPGFAPGQQQPGTVGSSSSAASVISNAQGFGPQQSSYVVQQGSSGAASAATATAAASRLSSIESSSRVSSAVSSLVSNGPTNPVALANAVRSVMSQVNASSSGLSECEVLVQALLEILSALVHILGSATVGEVNYDASSQTAQMVGQSIAQIFS,MaSp1,17.531597137451172
295,4109,0.078,5.65,0.94,16.5,AGSGGAGGSGGYGPGGYGPGGSGSGAASAAASAAAGGPGGAGPGGYGPGGYGPGGYGPGGSGGSGSAAASAAASAAGGSGGSGGYEEIISGPGGYGPGGAGPGGYGPGGAGPGGYGPGGYGPGGSSGSGGSGSAAASAAASAAAGGAGGSGGYEEIISGPGGYGPGGAGPGGYGPGGAGPGGYGPGGYGPGGSSGSGGSGSAAASAAASAAAGGAGGSGGYEEIISGPGGYGPGGAGPGGAGPGGYGPGGAGPGGYGPGGYGPGGSGGSGSAAASAAAAASGSGSGGSGGYEEIISGPGGYGPGGAGPGGYGPGGSGPGGYGSGSSGGSGGSGGSGGAGSSAAAAAAASGAGGSGGSGGYGPGGSGPGGYGPGGSGSSAASAAAGGPGGAGGYGPGGYGPGGYGPGGYGPGGSGGSGSAAASAAASAAGSGSGGSGGYEEIISGPGGYGPGGAGPGGYGPGSAGPGGYGPGGAGPGGYGPGGSSSAAASAAASAAGSGAGGSGGYEEIISGPGGYGPGGSGPGGAGPGGYGPGGYGPGGSGSASAAAAASAAGSGSGGSGGYEEIISGPGGYGPGGVGPGSSGPGGYGPGGYGPGGSGSAAASAAASAAAGGSGGSGGYEEIISGPGGYGPGGVGPGSSGPGGYGPGSYGPGGSGSSAASAAAGGSGGSGGYGPGASLASSASAAASALSSPGSSSRVSSVASRIASGGPVNVSTLSSTIGNVVSQVRASNPGASNCDVLVQSLLEVVTGLVHVLGSANIGNVNYGASGQTARMVGQSINAAFG,MaSp2,20.84674072265625
296,3393,0.077,8.61,0.87,16.6,AGAGAGYGQGAGGLGGRGQGDGAGSGAAAGAGAGAGAGGAGQGGYGSYGAASQTSSGISLSLSTQGQYGQGSGIGAGAGAGASAGAGAGAGAGAGYGQGAGGLGGYGQGVGAGAGAAAGAGAGAGVGYGRGAGGYGQGAGAGAGAAAGAGAGAGAGYGQGAGAGAGGYGQGYGAGVSVAVGADAQAAVSNSVSRLSSGASSSRVSSAVSSLVQNGRPNVASLPNVISNLSAQVSASTPGASGCEVMVQVLLEVVSALVHILSSANVGNIDLSSVGNSANLVGSALG,MiSp,6.581359386444092
297,6329,0.077,8.62,1.51,12.3,MQWLTQLSLFFFVLFIQGSLAQGQQMWSNPGAAVAMTSSFVGCAGQSGLLSGDQMDDMQMMADTITMQASRLGANAPKHKMKALYSGMAAAIAEVASNSPPELTSAVLNSIGGCLSNSMIQATGAVDNTFTNEVMQMVTMFAADNANAVSSSASSSGASSAASSSSAVSSSQSSGYSSGGGYGSSAGAGSGAGAGAGGAGGYGGSYGAGAGAAATSAAGAGAGGAGGYGGGYGAGAGAGAAAGAGAGAGAGGAGGYGTGYGAGAGAGSA,Spidroin,18.69463539123535
299,1792,0.076,13.4,0.85,15.4,DTGGPSPFAPGPFGQSGSDSNQHVSITFGQPVQSKSFGEEGLGQFNQYINSVAAETKPSHFGSDGGGAVSSGSVAFGEPVPSSYQQVNGSVEQYATSSHQPGSGPVGQSGSNSGQYGTRHFGPSEANSGASTSNESFGSGHFLKHVTSSVGQTAEFPQTSIGTDKGGTGPFGPGPFEQSISSSNQHASVPFGQLGQSKSFGEGLGQYNQYSNSVAAETKQSHFRPDGVAISSGSVPFGKPGPTSYQQISGSLRPYGTISDQPTRGSAGLLGLSSDQPGDGLFGPSGISQGTSTESGSLGSGYYATHTTPSLEQTAETADARPYPSGLDGGVSSLVESGPFGHSGFSSNQQASVTFKHSGQSESSGQGLGQYIPYGNSVAKAATESETKPAEFGPEGGGLVPSGSLPFGQPEPNTYQQTLSSFVPSDDNSNQPGSGHYLKYTTSSVGQTAEEQETRPSSIGPDTGGPGPFEPGSFGQSESSLNQHVSFPFGQSKSFGEGLGQYNQYSNSVAAETKQSQFRPDGVAISSGSIPFGKPGPTSYQQISGSLRPYGTISDQPTRGSAGPFGLSSEQPGDGLLGPSAASSGTSTQNESVGSGHYVTHTTSSVAQTAEAKGARPYLGGLDGGGPGLLGSGPFGHSGYSSNQQVSVNFGHSGQGLGQYIPHGSSVAEAATEATEAKPAEFGSDGEGEVPSGSMSFWQQVPSSHQRIPGSDGQSRPSLVQNGPGLFGPSEASLGTFTTNEAFGSGNYLKYSTTTATQTAKAKHSPIKLDGGAPGPYGYSGFSSQQVPVTFGQSGNIQSSGQGLGQYIPFSNSAAKAAAVTTQTISSPNGPHRGALAPSELGASGPSENSSDQPGHGPFETTGNSSYHRGSVPYGSLGSETGHFESNEPIEPGSYMQYTTTSAALTANEAATKPSILVKNGEGPSPTGLTPFSPSGYGSYKPVSVIVSPYGSSTDHPETGSFGLSSPVLDQPTLGPYETSEQGTGSSGTAELLGQGSHVPYTIPSEAVMGSAGRPRPGLLRLPGSSPVISVPNGPFDLIPGLYVPYKSAEGAAMTAKAQTEPSPYEPHREGADPSRLSSEQPALSFIGSSTPSTYEPSTGQSTVAPESSEQLGSGLYNPHIALEPTTVVTVTPIDKKAVLKSASRLSSLLTTARVSTAISFLLSSGGFNPSSLSKVISYLIKSIPESQPGLSGNEMLLQALLELIASLVHILSSASIGQVGSCPSSSSSLVGQSLTHALGG,Spidroin,19.743865966796875
303,5792,0.076,6.25,0.96,14.7,AAASASVSATAAASRLSSPAASSRVSSHVSTLASGGASSPGALSNVIGNAVSQISSSSPDLSGCDVLVQALLEVVSAMVHLLSSANIGQVNYSTAGQSTQLVSQSVAQAMG,MaSp1,12.3653564453125
307,5580,0.074,4.29,0.74,20.3,VSNTVYRMSSPEVTSRVSSAVSTLVSSGVNNANSLSNIIANVATSVAASNPGLSGCEVLVQALLEIVSALVHVLSSANIGYVNFDAIPGSVSAVGQAMSGVLY,MiSp,16.23211669921875
311,2414,0.072,5.02,0.58,22.4,GAGAAAASGAGAAAGGAGGYGQGYGSGAGAGAGAAAAAGAGAGAGGAGGYGGGAGDGAGAGAGGAGGYGQGYGTGAGAGAGAGAAAGAGAGAGGAGGYGQGYGSGAGAGAGAGAGGSGGYGQGYGSGAGAGAGAAAAAGAGAGARGSGGYGQGYGTGAGAGAGASAGAGAGAGGAGGYGQGYGAGAGAGAGAGAGGAGGYGQGYGAGVGAGAGAAAAAGAGAGAGGAGGYGQGFGSGAGAGAGAGAGAGAAAAAAAGAGAGAGGAGGYGQGYGAGAGAGAAAGAGAGAGAGAGAGSAGGYGQGYGAGAGAGSAAGAGAGAGAGGAGGYGQGYGGGAGSGAGSAAAAGAGASGGYGGGSAAAAGSGAGVAGGYSQGYAAGAGAGAAGGYGGSYGAGAGSGAGASASAGSYAGAVNRLSSSGAANRVSSNVAAIASGGAAALPNVMSNIYSGVLGSGVSSSEALIQALLEVISALMHVLGSASIGNVSSAGLDSTLNVVQNAVSQYAG,MiSp,17.098302841186523
312,5515,0.072,4.56,1.04,14.4,PSGPSGPGTGPSGPSGPGTGPSGPSRPGTGRSGADTGLFGPGGYGLAAAASAASYAGPAGPSRGGAGPSGPGAGTSGPGAGPYGPGTGPSGPGTGPSGPDAGPFGPGGYGLAAAASAASYAGPAGRSRGDAGPSGPGAGPSGPDAGPFGPGGYGPASGNEGPSEDAGYFGPWRYGPEAAASAATYAGPSAPSGRGLGPSGPGAGQSGGGGGPRGRDAGPFGPGGYGPGAAASAAAYTGPGRPSRGGAGPSGPGAGTLGPGAGPSGPGTGPSGPGTGPSGPDAGPFGPRGYGLAAAVSAASYAGPAGPSGGGAGPSGLGAGPFGPGGYGPASGDEGPSEDAGYFGPWRYGPEAAASAAAFAGPSAPSGRGEGPSGLGAGQSGGGGGPRGRDAGPFGPGGYGPGAAASAAAYTGPAGPSRGGAGPSGPSGPGTGPSGPSGPGTGPSGPSRPGTGRSGADTGLFGPGGYGLAAAASAASYAGPAGPSRGGAGPSGPGAGTSGPGAGPYGPGTGPSGPGTGPSGPDAGPFGPGGYGLAAAASAASYAGPAGRSRGDAGPSGPGAGPSGPDAGPFGPGGYGPASGNEGPSEDAGYFGPWRYGPEAAASAATYAGPSAPSGRGLGPSGPGAGQSGGGGGPRGRDAGPFGPGGYGPGAAASAAAYTGPAGPSRGGAGPSGPSGPGTGPSGPSRPGTGPSGADAGLFGPGGYGLAAAASAASYAGPARSSRGGAGPSGPGAGPSGPGTGPSGPGTGPSGRDAGPFVSGGYGLAAAASTASYAGPAGPSEGAGPSGPVAGPSGQGGGPSGRDAGRFGPGRYGPAAAASAASYTGPGGPSGRDAGPLGRGAGPSGPSARPSGGDEGPSEYAGYFGPWRYGPGAAASSAAYAGPAAPSERGAGPSGPDAGRYGPSAAASAASYAGPAGPSGRGAGPSGPGAGPSGPSEPGAGPSGPDAGPFGPSGYGPAAVASAASYGGPAAPSGQGAGSSGPSGRGAGRSGPSAGPSGRGAGPSGTDAGPFGPGGYGPVAAASAAATSYARPRGPQRYGPSSGDSGPGGGTGPGAGPSGAGEGPSGERDRVIVPWRGPRPEAAASAASYAGPAGPSGPSGPSAGPSGPDAGTGRLLYIPSGDRNAVLNSVSRLSSSSASSRISSAVSSLLSAGGPDYSSLSGIVADLSYSVAISHPGISGCEILLQVLLELITGLFQILSSAVIGEVSSSSDYYSSVVGQSVASAFAG,Spidroin,21.766523361206055
318,3476,0.069,19.5,1.17,8.3,GAGAAAAAAAGGAGQGGQGGYGSGQGGQGGYGSGQGGLGGGAGAAAAAAAAGGAGGLGGSGMGGAGQGGYGSGQGGQGGRGGAAAAAAAASGGAGQGGQGGYGSGQGGQGGYGSGQGGLGGSSAAASASAATAAASRLSSPAASSRVSSAVSSLASGGVSSPGALSGVISNVVSQISSSNSGLSGCDVLVQALLEVVSALVHILSSSSIGQVNYGSAGMAAQLVSQEVSQALGY,MaSp1,19.095993041992188
320,6726,0.069,14.1,1.27,9.2,MTWTVRLALILLVALCNQSKVAQGLAAHPYESPASVEAFMSSMVDKLATSGYMTEDDIETIGMMATTMKSAAEKMARSGKASPQKLEAINMGFGAGLAEIVSSKGENVAAATAAVRDAMSAAFLQTTGAVNLKFIKEIVDLIGMFSQDQAVNGSGGSSSSVSVSDSAAGGYGGQYGSGFGTGQGGYGSGQGGSGAAASAAAAGGSGGAGQGYG,Spidroin,19.13434600830078
321,6985,0.068,3.26,0.76,19.8,MNWTARLALSLLALVCSQSIFVLGQSPWQSSALAESFIGYFYTALGQSSAFTADQMDDISSICDSIQGGIANMERTGKASAHKLQAMNMAFASAVAEIAISEDGGASPQVKTDAVADALSSAFLQTTGVVNMQFVNEIRTLIAMFSQANAPSSNAVSVSSAAGGGGGGGGGYGAPVSGVSVSAPGAYGPGPQGPQGLGPQATSISVSAAAPGGYGQGPIQGPQSYAPGVQGPVMQGPSGPGQQSSYEYSISISSQSGPQGGYGTGGGGASSAAAGGAGGQGGYGAGQGGYGDGQGAGAAAAAAAAGGAGGQGGYGSGLGDYGTGRGGSGSSAAAAAAGGAGGAGQGGLGAGQGYGSGLGGLGGAGQGGAGAAAAAAGGAGGQGGYGDGRGGYGAGQGAGAAAAAAAAGGSGGQGGYGDGRGGYGAGQGAGAAAAAAAAGGAGGQGGYG,MaSp1,20.161678314208984
322,4221,0.068,5.98,0.83,16.4,AAAAAAGGQGGQGGYGGLGSQGAGGAGQGGYGGGQGGAASAAAAAAGGAGQGGLGAGQGYGAGQGGQGGAGQGGAASAAAAAAGGQGGQGGYGGLGSQGAGGAGQGGYGGGQGGAASAAAAAAAGGAGQGGLGAGQGYGAGQGGQGGAGQGGAASAAAAAAGGQGGQGGYGGLGSQGAGGAGQGGYGGGQGGAAAAAAAAAGGAGQGGLGAGQGYGAGQGGLGGAGQGGAAAAAAAAGGLGGQGGYGGYGSQGTGGAGQGGYGGGAASAAAAAAAGGAGQGGLGAGQGYGAGQGGQGGAGQGGAASAAAAAAVGQGGQGGYGGLGSQGAGGAGQGGYGGGQGGAASAAAAAAAAGGAGQGGLGAGQGYGAGQGGLGGAGQGGAAAAAAAAGGLGGQGGYGGYGSQGAGGAGQGGYGGGSAAAAAAAGGAGQGGLGAGGAGQGYGAGQGGQGGAGQGGAASAAAAAAGGQGGQGGYGGLGSQGGAGQGGYGAGTYGGGSAASASAASAAASRLSSPSAASRVSSAVSSLVSSGPTSQSALSSTISNVVSQISASNPGLSGCDVLVQALLEVVSALVHILGSSSIGQVNSSAAGQSASIVGQSVYQALS,MaSp1,18.56722640991211
326,5791,0.066,6.65,0.77,13.5,AAAASRLSSPSASSRVSSHVSTLASGGASSPGALSNVIGNAVSQISSSSPDLSGCDVLVQALLEVVSAMVHLLSSANIGQVNYSTAGQSTQLVSQSVAQAMG,MaSp1,10.965394973754883
327,2294,0.066,5.76,0.59,20.7,GGYGPGNQGSGGPGASVAVAAAGGPGGYGPSGAGGYGQGSQGLSGSGPSAAVASAGGPGGYGSGNQGAGGSANQGAGGNGGYGSGNQGLGGAGGYGPGNQGSGGPGASVAVAAAGGPGGYGPSGAGGYGQGSQGLSGSGPSAAVASAGGPGGYGSGNQGAGGSANQGAGGTGGYGSGNQGLGGAGGYGPGNQGSGGPGASVAVAAAGGPGGYGPSGAGGYGQGSQGLSGSGPSAAVASAGGPGGYGSGNQGAGGSANQGAGGNGGYGSGNQGLGGAGGYGPGNQGSGGPGASVAVAAAGGPGGYGPSGAGGYGPSGAGGYVQGSQGISGSGPSAAVSSAGGPGGYGSGNQGPGSQGPGGSGASIVVTAAGGPGGYGPGNQGPSGPGYQGPSGSGAYGPSPVASASIAASRLSSPAASSRVSSAVSTLLSSGLTNGAAVSGALNGLASQIGANNPGLSGCDVLVQALLELVSALVAILSSGSIGQVNPGSVGQSTQMISQALL,MaSp2,18.086963653564453
329,2590,0.064,10.0,0.86,16.2,GAAGYGQGGLGGYNAGAGGAAGAAAGAGRGGYGQGAGAGGAASAAAGAGQGGYGQGGFGGYGGGAGSGSAAAAAGAAGAGQGGYTGYGQGAGSAAGAAAAGGAGSGRGGYSGYGQGAGVSSGVSTTVVNSVSRLSSPSTASRVSSAVSNLVSNGQVNVASLPGIISNISSSISSSSPDASECEILVQVLLEVVSALLQIVSSANIGEVNLNASSDYASMVGNSVQNVYG,MaSp1,19.59072494506836
332,6848,0.064,3.47,0.57,20.2,MQWTTRFSLFFLILIIQGFLAHGQQIWTNPDAAMSMTNNLVQCAGRSGVLTADQMDDMGMMADSVNSQLQKMGANAPKHRLRAMNSAMAASVAEVVASSPPQSYNAVLNTIGNCLTESILQATGTVDNVFVSEVTKMISIFAADNANTVSDSASSSGASYATSTSSAASSGAGAGAGGARGYGSGYGAGAGAGAAAAGGAGAGGAGGYGRGAGAGAGAAAAAGAGAGGAGGYGSGYGAGAGAGAAAAGGAGAGAAGGYGRGAGAGAGAGAAAGAGAGAGGAGGYGSGYGAGSGAGAGSAAAGGAGAGGAGGYGRGAGAGAGAGAGAGGAGGYGSGYGAGAGAGAGAAAAGGSGAGAAGGYGRGAGAGAGAAAGAGAGAGGAGGYGSGYGAGAGAGAGAAAAGGAGAGGAGGYGRGAGAGAGAGAAAGAGAGAGGAGGYGSGYGAGAGAGAGAAAAGGAGAGGYGRGAGAGAGAGAAAGAGAGAGGAGGYGSGYGAGAGAGAGAAAAGGAGAGG,MiSp,18.418651580810547
336,1798,0.062,8.31,0.87,15.2,PYGPGSQGPGGQGPYGPGSQGPGGQGPYGPQGPGGASAAAAAAAASGPGGQGPYGPGSQGPGGQGPSGPGSQGPGGQGPYGPGSQGPGGQGPYGPQGPGGASAAAAAAASGPGGQGPYGPGSQGPGGQGPSGPGSQGPGGQGPYGPGSQGPGGQGPYGPQGPGGASAAAAAAAASGPGGYGPGSQGPSGPGSQGPGGQGPYGPQGPGGASAAAAASAASGPGGYGPGSQGPSGPGSQGPGRQGSYGPGSQGPSGPGSQGPGTSASAAAARLSSPSASSRVSSAASSLVSSGGANSGALSSVISNLVSQISYSSPGLSGCDVLVQALLEVVSALVHILSSSSVGQVNYGASGQFAQLVAQAVAQAVA,MaSp2,16.224239349365234
337,4269,0.062,25.3,1.64,6.6,SGRSSTKKLQALNMAFASSMAEIALAEQGGQNIDVKTNAIVGALNEAFIRTSGRVNNAFINEIRQLMLMFSQVSMNDSVSGSTASARGYGEQQGGPGASAAASAAATGSGYRPRQGQPAVSSASSAATVSSTDSQGYGPGQSGYPSQPGYSSSIALSLGYGQSGGYGPSSSSSGPGAGQGFGQQGGPGASAAATEAPAGQDYGPGQAQQGGSSGSSSATTSSADSQSYGPVQSGYPGQPGYSSSSIAISLGYGQNGGNAPSSGASGPGGGQGGGQQGGSGASAAASAAPAGQGYGPGQGGSSGSSALTASSADSQGYGPGQSGYPGQPGYSSSSSAIAISLGYGQNGGYGPGYGASGPGGGQQGRSGASAAASAAPAGQGYGPGQGQQAGSSGSSTTTASSVGSQGYSPGQSGYASQQGYSSSSSAIAISLGYGQNGGYGPSSGTSSPGAGQGEGQQGGSGASAAASAAPAGEYYGPWQEQQGGSSGSSAATTSSADSQSYGPVQSAYPGQPGYSSSSIAISLGYGQNGGYGPGSGASGPGGGQQGGSGASAVESVAPAGEGYGPGQGQQAGSSGSSTTTASSSGSQGYGPGQSGYASQQGYSSSSSAIAISLGYGQNGGYGPGSRASGPGGGQQGGSGASAAASAAPAGEDYGPRQGQQAGSSGSSTTTASSTGSQGYGLGQSGYASQQGYSSSSSAIAISLGYGQNGGYGPSSGTSGPGAGQGGGLQGGSGASAAASAVPAGQDYGPGQGQEGDTSGSSAVTASSAGSQSYGPGQSGYPGQPGYTSSSSAIAISLGYGLNGGYGPSSGASGPGDRQVGRQQGGSGASSAVSAAPGGQGYGPMQGQGGSSGSSAATASSVDSQGYGPGQSGYPGQPGYSSSSSPIAISLGYGQNGGYVPSSGASGSGTGQGQGGGQQGPGASEAAVGQGYGPGQGQQAGSSGSSAATTSAGFQGYGPVQSGYPGQPGYSSSSSSIAISLGYGQNGVYSPSPGASGPGTGQGQGGPGASAPASAAAAGEGYGSGQVQQAGFSGSSATITSSADSQGYGPGQSEYPGQPGYSSSAISISLGYGQNGYGPSTGTSGSGAGQVQGGYSGQLGGSGFSSPMSSVSSGQGFAPGPQLEATGSSASAATSGAQGFGSQQSSYVVQQGSAGAASAATASAAASRLSSVESTSRVSSAVSSLVSNGPTNPAALANAVSSVMSQVNASSSGLSECEILVQALLEILSALVHILGSATVGVVNYDASSQTAQMVGQSIAQIFS,MaSp1,18.84264373779297
338,4463,0.062,9.06,0.84,13.0,GSQGPGSLGPGGYGPGSQGPGGYGPVSQGPGSQGPGSQGPSGPGSRGPGGYGPGSQGPGGASAAAAAAAAGGPGGYGPGSQGPGSQGPSGPGSQGPGSQGPSGPGSQGPGGYGPGSQGPGGYGPGSQGPGAASAAAAAAAASGPGGYGPGSQGPGSQGPSGPGSQGPEGYGPGSQGPGGYGPGSQGPGGYGPGSQGPGGASAAAAAAAASGPGGYGPGSQGPSGPGTQGGYGPGASASAAASRLSSPASSSRVSSAASTLVSSGGANSGSLSSVISNLASQVSASSPGLSGCDVLVQVLLEVVSALVHILSSSSVGQVNYGASGQYAQLVGQAVSQALAY,MaSp2,18.68746566772461
341,2180,0.06,10.1,0.93,11.9,AAAAAAAAAAAAGGAGGAGQGAGGAGSGAAAAGAGGAGGAGGSGGYGQGASAAAAAAAAAAAAAGGNGGYGQGAGGYGAGGYGQGASAAAAAAAAAAAAAGGAGGAGQGAGGAGSGAAAAGAGGAGGAGGSGGYGQGASAAAAAAAAAAAAAGGNGGYGQGAGGYGAGGYGQGASAAAAAAAAAAAAAGGAGGAGQGAGGAGSGAAAAAAGGAGGAGGSGGYGQGASAAAAAAAAAAAAAGGAGGYGQGAGGYGAGGYGQGASAAAAAAAAAAAAAGGAGGAGQGAGGAGSGAAAAAAGGAGGAGGSGGYGQGASAAAAAAAAAAAAAGGNGGYGQGAGGYGAGGYGQGASAAASAAAAAAAAAGGAGGAGQGAGGAGSGAAAAAAGGAGGAGGSGGYGQGASAAAAAAAAASAAASRLSSPSATTRVSSAVSSLVSGGPTNVNSLSNTIGNAVDQVRASNPGLSDCDVMIQSLLEVISAAVHILGSANLGQINYASAGQTAQAVAQSVYNALG,MaSp1,18.952280044555664
342,5532,0.06,2.9,0.82,19.1,GAGKGFGQGSGQGFGQGMGAGQGSGQGSGQGSGQGYGSSTSTSVSNSVSRLSSGSANSRVSSAAQSFASNDQPVVNYLPGVMSDLRSRVVAENPGLSECEVQVQVLLEVISALVHVLSYANFNNVDYGNAGQTSAAVARAMANSWAY,MaSp,18.58483123779297
350,4277,0.053,4.07,0.58,17.0,QGGQGSGAAAAAAAAAGGSGGQGGYGQGGYGQGAGEGGQGGYGQGGQGSGAAAAAAAAGGSGGQGGYGQGAGEGGYGQGGQGSGASAAAAAAAGGSGGQGGYGQGSGPRGYGPSGSRSGAASAAASAVSAISSPGSVSRISSTASRIVSGGPINAASLSNTIGSVVYEVRAGNPGASDCEVLVQTLSELLAAVINILGSASIGNINYGASGQSAAVVSQSIQSAMG,MaSp,18.749584197998047
353,3767,0.05,5.29,0.64,16.3,GPGSQGPGSSEPGSQGPGSYGPGSAAVAVSVPGGYGPSGPGSQGPGVSVPGSQGPGGYGPGSQGSGRPGSQAPGGYGSGSQGPGGPGSQGPGSSGPGSQGPGGYGPGSAGSAAVAVSGPGGYGPSVTGSQGPSGSGSQGPVVYGSGSQGPGSQGPGSQGPSGLGGYSPGASASSAASAAARLSSPASSSRVSSAASQLVASGGANSGALSSVISNLVSQVSARSPGLSSCDVLVQALLELVSALVHILSSSSIGQVNYSASGQYAQYVGQCLAQALS,MaSp2,21.426794052124023
354,3656,0.05,6.33,0.7,13.1,GFGPGGAGGYGPGGAGGYGPGEFGGYGSESGGAAAAAAAAAAASAAASAAEGGYGTSYGTGGSGGYGSSSAGSSASAAASGSQGGYSTGYGGGSSGASSAAAASAAASSAAAASAAASRLSSPASSTRISNAASNLVSRGIANAGALSSVISSLSSQVRASNPGLSGCDVLVQTLMEVVSAMVHIASSSNIGPVNYGSSGQYAQLVRQSVNQAFA,MaSp,19.13178062438965
356,4007,0.05,6.19,0.73,13.1,YGNGYGSGAGDASAAAAAAAAAAAAGSGAGGYGQGGYGAGGSGAAAASAAAAAAAAASGAGGNGSGGYGNGYGSGAGDASAAAAAAAAAAAAGSGAGGYGSGGYGSDGSGAAAAAAAAAAAAAAAGGAGGYGAGGYGQDGYGSGGSGASAAAAAAAAAAAAAAASGASGYGNGASDAAAAAAAAAAASAAASGDSGYGQAGYSSGGSGAAAAAAAAAAAAAAAGGSGGYGGGYGSGPSGSGSSSASAAASAASAISSPASVSRISNVASRIVSGGPLNGSNLSSTLSSVIAQVRASNPGASQCAVATQSLMEMLTAYAHVLGSSRIGNVNYGASAQTASVFSSSMQNNFG,MaSp1,19.313386917114258
361,1965,0.046,5.83,0.49,18.1,GAGYGQGAGSGYGQGAGAGAGAAAAAGAGAGAGYGQGAGAGYGQGAGSGYGQGAGAAAAAGAGAGAGYGQGTGAGYGQGAGVGAGPGAGAGAGAGYGQGSGAGYGQGAGAGAGAGAGAAAAAGAGAGGQGGYGSYGTSSQSSSGFSLSISSQGQSAYGQGSGAGAGAAAGAGAGAGAGAGTGYGQGAGAGYGQGAGAGAGAGAGAGYGQGDGSGYGQGAGAGAGAAAGAGAGAGYGQGSGAGYGQGAGAGAGAGAGAAAGAGAGAGYGQGTGAGYGQGVGAGAGAGAGAGYGQGSGAGYGQGAGAGSGAGAGAGGQGGYGSYGTSSQATSGFSLSASSQGQYGYGQGAGAGAGAGAGAGAGAGAGAGAGAGAAAGAAAGAGSGAGAGTGYGQGAGAGYGQGAGVGYGQGAGAGAAVGAGAGAGSGYGQGAGAGAGAGAGYGQGAGAGYGQGAGAGAGAGAGAGAGAGAGYGQGAGAGGSAAAGAGAGAGAGYGQGAGAGYGQGAGAGAGAGASAAAGAGAGAGYGQGAGAGYGQGAGAGAGAAASAGAGAASSAGQGGYSSYGTSSQSSSGASSLYSSQIQYGQGSGAGAGAAAAAGAGAGSGAGYGQGAGVGAGAGAGAGAGGYGQGYGAGAGAGGYGQGYGVGSGAAAAAGADVRAAVSNSVSRLSSGAASSRVSTAVSSLVQNGQPNVGSLPSVISNLSSQVSASNPGLSGCEVMVQVLLEVISALVHILSSASVGNVDVGSVGNSATLVGSAVGNMG,MiSp,14.72198486328125
362,3899,0.046,4.23,0.59,17.0,GYGAGYGTGFGTGYGAGAGFGTGFGYGAGAGSGAGAGAGSGAGSGSGSGSGSGSGSGSGSGSGSGSGSGSGSGSGAGSGAGSGAGAGAGSGYGAGYGFGTGYGAGLGYGSGFGNGFGYGAGAGSGAGAGAGSGAGSGAGSGSGSGSGSGSGSGSGSGSGSGSGSGSGSGSGAGSGSGSGAGAGSGAGAGSGYGAGYGNGFGTGYGAGAGFGTGYGAGFGYGAGAGSGAGAGSGAGSGSGSGAGSGSGSGSGSGSGSGSGSGSGSGSGSGSGAGSGAGSGAGAGSGAGAGAGAGLGAGYGYESWYSVGGGYGAGAGSGAGAGAGSGAGAGSGSGAGSGSGSGSGSGSGSGSGSGSGSGSGSGSGSGSGSGAGAGSGAGAGAGYGAGYGTGFGSGYGAGAGFGTGYGAGYGYGAGAGSGAGAGAGSGSGAGSGSGSGSGSGSGSGSGSGSGSGSGSGSGSGSGSGAGSGAGSGAGAGSGAGAGSGYGAGYGFGTGYGAGLGYGSGFGNGFGYGAGAGSGAGAGAGSGAGSGAGSGSGSGSGSGSGSGSGSGSGSGSGSGSGSGSGAGSGSGSGAGAGSGAGAGSGYGAGYGNGFGTGYGAGAGFGTGYGAGFGYGAGAGSGAGAGSGAGSGSGSGAGSGSGSGSGSGSGSGSGSGSGSGSGSGSGAGSGAGSGAGAGSGAGAGAGAGLGAGYGYESWYSVGGGYGAGAGSGAGAGAGSGAGAGSGSGAGSGSGSGSGSGSGSGSGSGSGSGSGSGSGSGSGSGAGAGSGAGAGAGYGAGYGTGFGSGYGAGAGFGTGYGAGYGYGAGAGSGAGSGAGAGAGSGSGAGSGSGSGSGSGSGSGSGSGSGSGSGSGSGSGSGSGAGSGAGSGAGAGSGAGAGSGYGAGYGFGTGYGAGLGYGSGFGDGFGYGAGAGSGAGAGAGSGAGSGSGSGSGSGSGSGSGSGSGSGSGSGSGSGSGSGSGAGSGAGAGSGAGAGSGYGAGYGTGFGTGYGAGAGFGTGYGAGFGYGAGAGSGAGAGAGSGAGSGSGSGAGSGSGSGSGSGSGSGSGSGSGSGSGSGSGSGAGAGSGAGSGAGAGSGAGAGAGAGYGYESWYTVGGGYGGGAGSGAGAGAGSGAGAGSGSGAGSGAGSGSGSGSGSGSGSGSGSGSGSGSGSGSGAGSGAGAGSGAGAGAGYGAGYGTGFSTGYGAGTGFGPGYVAGTGFGPGYVAGTGSGPGLISDVGSTLTSTSNRLVSNEAANRISYAANSLVSGGGFNNAALPGVFQSISSQINASGLSGCEALVQVLLEVLSSVVHVLGSSSVGYVDPTGVTNSASSVQSAVTAMGY,MiSp,23.10677719116211
365,5804,0.042,10.5,1.04,8.7,AAGGAGLGGVSAGQGYVTVQSGQGASASASAAASRLSTPSAASRVSSAVSSLVSSGGPTNSAALSSTISNVVSQIISSNPGLSECDVLVQALLEIVSALVHIFGSSNIGQVNSGAAGQSASLVGQSVYRALS,MaSp1,19.733556747436523
368,3458,0.039,10.1,0.64,9.9,AGGYGQGYGAGSGSGAGAGAAAAAGAGAGAGAGAAGGYGQGYGAGSGSGAGAGAGAGAGAGAGAGAGSGAGAGGAGGYGQGYGAGSGSGAGAGAGAGGAGGYGQGYGSGSGAGAAAAAGASAGAAAGGAGGYGQGYGAGAGAGAGAAAGAGAGAAGGYGQGYGAGSGSGAGAGAGAASAAASGAYGGYSQSYGSGASAGAGASASSGSYASAVNSLSSAAAANRVSSNVQALASAGANALPGVIGNIYSGIASSGANSSDAMVQALLEVISALIHVLSSASIGNVNSAGVGSALNLVQQSVGQYLG,MiSp,20.107162475585938
370,4275,0.037,14.2,0.98,7.0,GGASAASAAAGGAGQGGYGQGGLGGQGAGAAAAAAASGAGQGGYGRGGYGQGAAQGQGAGAASAAAAGGAGGYGQGIGGQGAGSAASAAAGAAGQGQGAGSAAGAGGQGGYGSLGQGGASAASAAAGGAGQGGYGQGGLGGQGAGAAAAAAASGAGQGGYGRGGYGQGAAQGQGAGAASAAAAGGAGGYGQGIGGQGAGSASSAAAGAAGQGGYGQGQGAGSAAGAGGQGGYGGLGQGGASAASAAAGGAGQGGYGQGGLGGQGAGAAAAAAASGAGQGGYGRGGYGQGAAQGQGAGAASAAAAGGAGGYGQGIGGQGAGSAASSAAGAAGQGGYGGLGQGGASAASAAAGGAGQGGYGQGGLGGQGAGAAAAAAAGGAGQGGYGRGGYGQGAAQGQGAGAAAASAAGGAGGYGQGIGGQGAGSAASAASSASGQGMYGRGSYAQSQMSSASGMSSTSGSSSYGQTTSNVVSSTAVSSSVSSASSRINSGASYSRIGSAASSLSSGGVFNSAALSSVLSNIVSQVSSSTPGISSSEAMIQALLEIVSTLIALLSSSSIGQVNSNSIGNSAAVVSQSMGAVLG,MaSp1,20.347347259521484
373,4364,0.035,2.83,0.33,25.0,GFGGRGAGAGGYGQGGSGSAAAAAASSSRSGSDGYGGGYNGQGGPGQGGSGAAAAASGGGSGGSGGRGAGAGGYGQGGYGSAAAAASSSGSGSDGYGGGYNGQGGPGQGGSGAAAAAAGSGGGSGGFGGRGAGAGGYGQGGSGSAAAAAASSNGSGSDGYGGGYNGQGGPGQGGSVAAAAAASRGGSGGFGGRGVSPGGYGKGSTGSSSAAAASSDASGSDGYGREFGGQGGSGQNGASVATSSSSGGGFGGYGAGQGVYGGGLQEPAAASAAVASSAASRLSSPSSRSRVSSAVSIFLDNGLRSPEAFSSVYNSFVSDIISSNPNLSGCEVLVQVLLEILAATISGLSGLDSNSSMNVVKSFVS,MaSp3,14.970497131347656
376,3744,0.033,6.03,0.55,11.4,AAAAGGAGGQGGYGGSGSQGAGGAGQGGYGAGQGGAGAAAAAAAAGGAGGQGGYGGLGSQGAGQGGYGSGQGGAGAAAAAAAVSGAGGQGGYGGLGSQGAGGAGQGGAGAAAAAAAAAGGAGGAGRGGLGAGGAGQGYGSGLGGQGGAGQGGAGAAAAAAAAVGAGGQGGYGDLGSQGAGGAGQGGYGAGQGGAGAAAAAAAAGGAGGQGGYGGLGSQGAGQGGYGSGQGGAGAAAAASGAGGQGGYGVLGSQGAGGAGRGGSGAAAAAAAAAGSAGGSGRGGLGAGGAGQGYGAGLGGQGGAGQGGAGAAAAAAAAFGAGGQSGYGGLGSQGAGQGGYGAGGAGAAAAAAAAGGLGGYGGLGSQGAGGAGQGGYGGGAYGGQGVVSSAAAASAAASRLSSPSAASRVSSAVSSLVSSGGPTSPAALSSTISNVFSQISSSNPGLSGCDILVQALLEIVSALVHILGSANIGQVNSSAAGQSASMVGQSLYQALS,MaSp1,19.676284790039062
377,4502,0.031,8.74,0.72,7.7,PGSGQGGQVGYGGQGGVGGQGGLGGYGQGTGVGAAAAAAGSGQGGIGGYGGQGALGGYGQGAGVGVRAGQGGLGLYGSSYQSSTTYSTSSGSGLGGYGQGSGAGGANGAGSGRGGYGGQVGLGGYVQGAGAVSAASSAGGAGGSGYGGQGAAIGYGQGTGLGSGGAGQGGLGGYGQIAGPGAAFAASGAAGSGQGGLGPYGSSYQSGTSYTVTSQGSAAGLGGYGQGSGTGAAAAAAGAVGSGQGGQGGYLQGAGAGAGAGQGGLGGYGEGAGSATATAAATGGSGTAQGGYGGPSGQGLLVGYGQGAGAGAAAVGAGNVGNTVVNTVSRLSSPTAASRVSSAVSSLVSNGQVNVASLPYVLSNLSASISSTNAALSECEILVQVLLEVVSALVQIASSANVGNINLNASSDYASLVGSSLSNLYG,MaSp1,17.119327545166016
383,4532,0.025,4.25,0.55,9.6,GAAAAAAAAAGGSGGQGGYGQGGYGQGAGEGGQGGYGQGGQGSGAAAAAAAAGGSGGQGGYGQGAGEGGYGQGGQGSGASAAAAAAAGGSGGQGGYGQGSGPRGYGPSGSGSGAASAAASAVSAISSPGSVSRISSTASRIVSGGPINAASLSNTIGSVVYEVRAGNPGASDCEVLVQTLSELLAAVINILGSASIGNINYGASGQSAAVVSQSIQSAMG,MaSp,18.77776527404785
392,4070,0.005,1.29,0.79,28.2,AAASGSGSGGRQGGYGQGGSGASSAAAAASDGSGGDGSGRGYGGQGGYGPGGSSAAAAAASGGRGGDGYDGGYGGPSGSSAASAAASGSGSGGRQGGYGQGGSGASSAAAAASDGSGGDGSGRGYGGQGGYGPGGSSAAAAAAFSGGQGGDGYNGGNGGQGQGGSAAAAAAAAGAGGPGGVGYDGGYGGQGSSASSEAASSNGDGYGGGYGGQGGNGGGASSADALSQGREGGQRGLIRRRVIYKRGPGRNGLGGSGSSAAATASEGFGGDGYGGGNGGENGSSAAAAAAAGGGGQGGDGNDGGYGPGGSSAAAAASGGEQDGDGYGGYNGQVGSEASSAAAAASDGSGGDGSGRGYGGPGGYGPSGSSVAAAAAESGGQGGDGYGGGQGGYGPGGSGAAAAAAGGGPGSDGYGEGYGPGGSSSAAAAASGRGSGGRRGGYGPGGSGGAAAAAASGGQGDDGYGGGQGGYGPGRSGAAAAAAGGGPGSDGYGEGYGPGGSSSAAAAVSGRGRGGGRGGYGQGGSGASSAAASASDGSGGDGSGRGYGGQGGYGPGGSSTAAAASSGSSGGSGAGQGFYGGGLQESAAVASAAASRILSPSSLSRVSSAVSAFADDGKEYPEAFSRVYNNIYSGIASSNPNLSGCEILVQTLLELVCAIMSSYSGLNTGSSTSLISSAMGLNY,MaSp3,19.820024490356445
396,3909,,,,,GGSGPGGAGPGGYGPGGAGPGGYGPGGYGPGGSGPGGASAAAAAAAGGGGGGQGGYEEIVEYSSGPGGYGPGSSGPGGYGPESSGPGGYGPGGSGPGGSGPGGASAAAAAAAGGSGPGGSGPGGYGPRGSGPGRAGPGGYGPGGSAPGASAAASAAAAISSPASTSRISSVASRLASGGPVNVSRLSSTLGSVVSQVQSSNPGASQCEVLLQALLELVSALLHVLGSANIGNVNYGASGQTSSMVSQAVNQLYG,MaSp2,22.16634178161621
397,3609,,,,,RRGLFRSAGSGAGSGAAAGAGAGGAGGYGQGYGAGSGAGAGAAAAAGAGAGSGGAGRYGQGYGSGSGAGAAASSGAGSAVSGGYSQGYASGASAGASTSAAAGASAGGGYGGGYGGGAGASVSSGSYSAAVSRLSSAAAANRVSTNVAAIASGGAAALPSVISNIYSGVLNSGVNSSEAFIQALLEVISALVHVLGSASIGNVSSVGVDGAMSAVQNSVGSYFG,MiSp,20.387439727783203
400,2798,,,,,AGAGAGLGAGYGAGAGAGVGVGAGAGAGAGAGAGAGAGAGAGAGVGVGAGAGAGAGAGYGAGSGSGAGAGVGAGAGAGLGAGYGAGAGAGAAAGAGAGAGGAVSYGQTTQTRTTVYNTVSRMSSDSSSNRVSSATSALANGGLNSLSNVISNISAGIAASSPGLSGCEILVQTLMEVVSALVHILSCSSIGYVNAGSASQSAGAVANAVAAVLG,MiSp,12.404537200927734
406,4252,,,,,GYGGLGGPGQGGESAAAAAAGGGGRGGFGGRGAGPGGYGRGGSGSAAAAAASSDGSGNDGFGGGYGGLGGPGQGGASAAAAAAGEGGRGGFGGRGAGPGGYGPGGSGSAAAAAASSDGSGNDGYGGGYGGLGGPGQGGASAAAAAAGEGGRGGFGGRGAGPGGYGRGGSGSAAAAAASSDGSGNDGFGGGYGGLGGPGQGGASAAAAAAGEGGRGGFGGRGAGPGGYGRGGSGSAAAAAASSDGSGNDGYGGGYGGLGGPGQGGASAAAAAAGEGGRGGFGGRGAGPGGYGPGGSGSAAAAAASSDGSGNDGYGGGYGGLGGPGQGGGSAAAAAASGGGRGGFGADQGVYDGELQEPAVAAASAASSAASRMSSPSSQSRVSNAVSIFLDNDLRYPETFSSVYNSFVSDISSSNPDLSGCEVLVQSLEELLAATVSRLTGLDSSSAVDVVRSPFY,MaSp,18.928546905517578
407,6099,,,,,MTWTARLALSLLAVICSQSIFALGQSPWSSARMAESFMSSFANALAQSGAMTPDQMDDIMSINDSIQSGVEKMERTGKTSANKLQAMNMAFASAVAEIAIAEGGQSAGVKTNAIADALASAFLQTTGVVNSQFINEIRSLIGMFAQANSVSISSASASASAGSGGGYGPQAPGGGSAAASGGYGPGPQGPGPQGPGMSSVSISTSTTGGYGPGPQGPRPQGPGPQ,Spidroin,23.646562576293945
409,4242,,,,,GYGPGSAAAAAAAAFGPYGPGSQGPGGSGNQGPGSQGPGGSGNQGPGSQGPGGSGNQGPGSQGPGSQGPGGYGPGSAAAAAAAAFGPYGPGSQGPGGSGNQGPGSQGPGGSGNQGPGSQGPGSGNQGPGSQGPGSQGPGGYGPGSAAAAAAAAFGPYGPGSQGPGGSGNQGPGSQGPVGSGNQGPGSQGPGSGNQGPGSQGPGSQGPGGYGPGSAAAAAAAAFGPYGPGSQGPGGSGNQGPGSQGPGGSGNQGPGSQGPGSGNQGPGSQGPGSQGPGGYGPGSAAAAAAAAFGPYGPGSQGPGGSGNQGPGSQGPGGSGNQGPGSQGPGGSGNQGPGSQGPGSQGPGGYGPGSAAAAAAAAYGPYGPGSQGPGGSGNQGPGSQGPGSGNQGPGSQGPGSQGPGGYGPGSAAAAAAFAFGPYGPGSQGPGGSGNQGPGSQGPGGSGNQGPGSQGPGYQGPGSQGPSGPGRYGPAASASAAASRLSSPAASSRVSSAASTLASSGANSGALSGVISNLVSQVSANNPGLSGCDVLVQALLEVVSALIHILSSSSVGQVNYAASGQTAQLVSQAVAQALAY,MaSp2,20.717926025390625
411,196,,,,,AAASAAGTGQGGYRQGGLGGYGQGAGAGAGAAAAAAGAAGAGQGGYGQGGQGGYGQGAGAGAGAGAGAGAAAASAGQGGYGQGGLGGYGQAAGAGAGAASAAAGASGAGQGGYGRGGQGGYGQVAGAAAAAAAAGAAGAGQGGYGQGGLGGYGQGAGAGAAAGAASAAGAGQGGYGQGGQSGYGQGAGAGEGAAAAAAGAARAGQGGYGQGGRGGYGQGAGDSAAAGAASAAGGGQGGYGQGGLGGYGAGAGASAAASGAAGAGQGSGQGAYGYQSSSQYSLSLSAGAAGYGAGAAGGYGQGVGAGAGAGAAAAAGSGQGGLGGYGQRAGAGAGAAAGGAGPGGYGQEGYGQGAGAGAAAGAAAAAGSGQGGRGGYGQGIGAGGAGAGGYGQGGYGQGAGAGAAAAAAAGTGQGGRGGYGQGAAAGAAGAGAGGYGQGGYGQGAGAGALAGAVAAAGSGQGGRGENGQGVGAGAGAAGAGAGGYGQGGYGQGAGAGSAAGAAAAATAGAGQGGRGGYGQGAAAGAAGAGAGGYGQGGYGQGAGAGAAAGAAAAAGSGQGGRGGYGQGVGAGAGAAGAGAGGYSQGGYGQGAGAGAAAAAAGQSGRGGYGQGAGAGSGSGSGDAAGAGSGGQGGYGQGGLGGYGSGAGAGAAAASATGVGQAGYGGYGQGAGSGSGADAAGVGQGGYSSYGQGASVSAGSSTTVVNSVSRMSSPSTSSRVSSAVSNLVSNGQVNVASLPGVISNISSSISASSPGASECEILVQVLLEVVSALLQIVSSANIGEINLNASSDYASMVGSSVQNVYG,MaSp1,20.701570510864258
414,209,,,,,PGQQGPGGYGPSGPGSAAAAAAAAGPGQQGPGGYGPGQQRPSGYGPGQQGPSGPGSAAAAAAAAGPGQQGPGAYGPSGPGSAAAAAGLGGYGPAQQGPSGAGSAAAAAAAGPGGYGPVQQGPSGPGSAAGPGGYGPAQQGPARYGPGSAAAAAAAAGSAGYGPGPQASAAASRLASPDSGARVASAVSNLVSSGPTSSAALSSVISNAVSQIGASNPGLSGCDVLIQALLEIVSACVTILSSSSIGQVNYGAASQFAQVVGQSVLSAF,MaSp2,14.43733024597168
415,5567,,,,,SRPPPYRSGPAPGAGSGPGCAAAYGAGSGAGSGSGAGSGSGAGAGSGTGAGAGSGAGAGTGSGAGAGSGSGSGAGSGAGAGSGSGAGSGSGAGFGAEYGAGYGAGYGSGAGAGTGAGAGSGSGSGAGSGAVAGYGAGAGSGAGEGSGSGAGSGAGSGSGSGAGYGYGAGTGTGIGAGAGSGAGAGSGAGSGAGTGAQTTVFNAVSRMSSASAANRVSSAVSSISNSPINPNSISSVISNVSSSVAAANPGLSGCEVLIQALLEVVSALLHILSYSNVGYANPSAAAQTAQAFSSAMAQQVGGY,MiSp,20.31971549987793
416,5648,,,,,YTTSLLGSDDASSRISGAAYSLAAGGSLNLGALPSVISDLFSQVSASSPGVSSGELLVQVLLEIVSSLIHILSSSHVGQIDFGSVANSAATVGQSLQAIMG,MiSp,28.35006332397461
418,6122,,,,,MQWPTQLSLLFLVLCAQSLTALGGSIWSSTSSAESFMSSFTSSLGNSGLLSYDQMDDVSSIRDTIMSAIEKNPNKNSKSKLQGLNMAFASSVAEIAFSGDTGVSVSAISSAIMDAMSQAIVQTTGSNDPAFLNEIGRIIQMLAQDFAESSASASASASASAGASAGGYAGGAGAGGYAGGAGAAGYGNSIPYSSSGSTAVNQVTGSQTSSQTYGSQSSSTAQTSSSYGASAVRGSTSSYGSGAVAGAASGAGAGAGAGSGYGAGQGYGAGSGAG,MiSp,17.634883880615234
419,6146,,,,,MQWPTRFSLFFLVLFLQGFSALGQQFWSDRASAMAMTNGFVGCLKQSGYFSSEQMDDLDLIIDTTAMQLDKMGNRVSEHKLKALTMGMAGSMAETVVSSPSGVSQALMNSIDSCLTGSMLQVTGNIDQTFRTELLQIITLLSQDEGNAASASAGAAASASAASSSGITSGSAGGYGGAAAAGAGAGAGGAGGYGGGYGSGAGAGAAAAAGAGAGGAGGYGGGYGSGAGAGAGAAAAAGASGAGGYGRGAGAGAGAASAAGAGGAGGYGGGYGSGAGAGAGAAAAAGAGGAGGYGGGYGTGAGAGASAAAAAGAGAGGAGGYGRGAGGGAGAAAGAAGGYGGGYGSGAGAGAGAGAGAAGGYGGGYGSGAGAGAGAAAAAGAGAGGAGGYGRGAGAAAGAAAGAGAGAAGGYGSGYGSGAGAGAGAGAAAAAGAGAGAAGGYGGGYGSGAGAGAAAAAGAGAGGAGGYGRGAGAGAGAAAGAGAGAAGGYGGGYGSGAGAGAGAAAAAGAGAGGAGGYGRGAGAAAGAAAGAGAGAAGGYGSGYGSGAGAGAGAAAAAGAGAGAAGGYGGGYGSGAGAGAAAGAGAGAGGAGGYGRGAGAGVGAAAGAGAGAAGGYGGGYGSGAGAGAGAGAGGAGGYGRGTGAGAGAAAGAGAGAAGGYGGGYGSGA,MiSp,21.352489471435547
422,6104,,,,,MSWITSLTIPFFIALFCSQYAFTAGQSNNVFTDLARAEQLLTRFSLNIQLRNEFTDQQKGDMGAVGNMILSSMDSMLKSGKNSKAMIQALNMAFASSVAEIAVAEEGGANLDQKTNAIAGALSQAFVETVGYVDNQFVGEIRELILMFAQASANEIGGSSGTAAAASSSASYGPGAGYYGSPGVSSSAAAASAAGSSGPTGSFAPGQYGPSVPSSASTATAAASSQASGPSGPYEKSRPAGPSGPYGPSGLAGPGPYELSGPSGPAGSGPYGPSGPSGPAGPGPYGPSASSSATAAVTAYSPGPYGPSGPAGNGPYGPSGPAGPAGPAGPGPFGPSGPSGPAGPGPYGPSVSSISSSSATAAAYSLGLSGPAGPGPYGPSGPTGPSGPTGPSGPTGPGPSGPSGPAGPGPYGPSSSSSAAAAAYSGGPSGPIGPSRPAGPGPYVPSSSSSAEAAAYSPGPYGPSGPAGPGTYGPSGP,MaSp,22.155567169189453
424,6113,,,,,MSWTARLAILLLFVACQSSHSLAQYASASAATPWSSPGNAESFMNSFLQSMRQQPGYTPDQIDDMSSIGDTILGSINQMAATGKTSQHKLQALNMAFASAMAEIAASEQGGGSIQVKTNGIANSLSQAFLQTTGSVNSQFINEITQLVNMFAQANSNAIATGSASASAAAAAGSAPSGYGGYGPGPSAGGAGAAAAAAAGAGAGQGGQRGYGQGAGAGAAAAAAGAAGTGQGPAGTYGTGYQSSSTYSTTVTSQTAAGGQRGYGQGAGAGAAAAAAAGGAGQGGYGGQRGYGQGAGAGAAAAAAAAAGGAGAGQGGYGGQRGYGQGAGSGAAAAGASAAA,MaSp1,13.090803146362305
425,296,,,,,AAAGAGGQGGYGGLGSQGAGQGGYGAGQGGAGSAAAAGGAGGAGQEGLGAGQGYGSRLGSQGGAASAAAAAAGGAGRQGGYGGLGSQGAGQGGYGAGQGGAGSAAAAGGAGGAGQEGLGAGQGYGSRLGSQGGAASAAAAAAGGAGRQGGYGGLGSQGAGQGGYGAGQGGAGSAAAAAAAGGAGGAGQGGLGAGQGYGSGLGGQGGAGQGGAASAAAAAGGAGGQGGYGGLGSQGAGQGGYGAGQGGAGSAAAAAAAGGAGGAGQGGLGSGQGYGSGLGGQGGARQGGAASAAAAAGGSGGQGGYGGLGSQGARQGGAASAAAAVAGGAGGQGGYGGLRSQGAGQGGYGAGQGGSGSAAAAAAAGRAGGAGRGGLGAGQGYGAGLGGQGGAGQGGAAAAAVAAGGTGGQGGYGSQGSGQGGYGGGAYGGQGVAESSAAASAAASRLSSPNAASRVSSAVSSLVSSGGPTSSSALSSTISSAVSQISASNPGLSGCDVLVQALLEVVAALVHILGSSNIGQVNSNAAGQSASLVGESVYRALS,MaSp1,19.07375717163086
426,6112,,,,,MGWISHVIVLFCLLCTQVTKAYPLQNYKLGIGNVQYGPILDDDNGVNLGRGVQGKQNALGDDLMVAAPSDESGKAIHRRKRGIRSDLNAILSGAYNSIFGKGDNKSVKDFSTYETGSYETQSYETYETESYETGGYETYETGS,Spidroin,15.705362319946289
430,1790,,,,,QGGSSAAAAAAAAAAGGQGGQGGYGNQGGYGAGQGGQGGSAAAAAAAAAAGGQGGQGGYGGSSSTTQTSQTTYQQSIYGPGGQGGSSAAAAAAAAGGQGGQGGYGGQGGSSAAAAAAAAAAGGQGGQGGYGNQGGYGTGQGGQGGSSAAAAAAAAAAGGQGGQGGLGGQGGLGGQGGLGGQGGLGGQGGSSAAAAAAAAAAGGQGGQGGYGGQGGSSAAAAAAAAAGGQGGQGGLGGQGGSSAAAAAAAAAAGGQGGQGGLGGLGGQGGSSAAAAAAAAAGGQGGQGGYGGQGGSSAAAAAAAAAAGGQGGQGGLGGLGGQGGLGGQGGSSAAAAAAAGGQGGQGGYGGQGGSSAAAAAAAAAAGGQGGQGGYGNQGGYGAGQGGQGGSSAAAAAAAAAAGGQGGQGGYGNQGGYGAGQGGQGASSAAAAAAAGSAGGQGGYGQTTSTQTTQTSYQSSQGGQGGQGGAASAAAAAAAGGQGGYGPSGYGPSSSSASASAAAAALSSPASSSRVSSAASALASGGAVNAGSLSSTISNVVSQVRSSNPGASNCDVIVQALMEVVAAMVHIIGYSNIGQIDFGASSQYAQMVSQSMQQALG,MaSp1,20.16684913635254
434,331,,,,,GSGSGAGSGAGSGSGSGSGSGSGSGSGAGSGSGAGAGSGAGAGAGYGAGLGYGLGLGYGLGAAAGAGSGAGAGSGAGSGSGAGSGSGAGSGSGAGSGSGAGSGSGAGAGGGAGAGAGFGFGAGYGAGSGAGSGSGSGAGSGAGSGSGSGSGSGSGSGSGAGSGSGAGAGSGAGAGAGYGAGLGYGLGLGLGLGAGAGAGAGAGSGAGAGPRAAPAPGVSQIVSSSYRTGPGGSGAGAGAGAGAGAGAGSGYGAGYGYGRGAGAGSGAGSGSGAGSGSGSGSGAGSGSGAGSGSGAGAGSGAGAGSGAGAGYGAGLGYGMGLGYGLAAAAGAGSGAGAGSGAGSGSGAGSGSGAGSGSGAGSGSGAGSGSGAGAGGGAGAGAGYGFGAGYGAGSGAGSGSGSGAGSGAGSGSGSGSGSGSGSGSGAGSGAGAGSGAGAGAGYGAGLGYGMGLGYGLGAAAGAGSGAGAGSGAGSGSGAGSGSGAGSGSGAGSGSGAGSGSGAGSGSGAGAGKGAGAGFGFGAGFGAGSGAGTGSGSGAGSGAGSGSGSGSGSGSGSGSGAGSGSGAGAGSGAGAGAGYGAGLGYGMGLGYGLAAAAGAGSGAGAGSGAGSGSGAGSGSGAGSGSGAGSGSGAGSGSGTGAGGGAGAGAGYGFGSGYGAGRGAGSGSGSGAGSGAGSGSGSGSGSGSGSGSGAGSGAGAGSGAGAGAGYGTGLGYGMALGYGLGAAAGAGAGAGSGAGEGGRAAPAPGLSQIVSSSYRTGPGGSGAGAGAGAGAGPGFGYAAGYNFGGAVSGPAAVQALPVSTFTSSQAVDRVSSLVSSIQSGPINVNALASGLASVISSVKSNNSGLSGCDVTVEVLLET,MiSp,20.26228141784668
435,6107,,,,,MSFSRLALAFLAVLSTHALFTVASGATPWDSPVLADNFMKSFMDGIGNSGAFTSSQVDDMRTIGDTMIDSVNSLASSGKTSKSKLQAMNMAFASSMAEIAATEEGGMSMAAKTGAISNALRGAFLQTTGYSNENFISEIASLISMISSANENIVSASASAAAGGGYGAPSYSPSSYGPTPLQTSARASVSGPVSQVPSAPAGYRPSVPAGYQPSGPGGAAAAAAAAAASAAASGPGPQGPGAYGPAPQRPGGYGPSGDNGAAAAAAAAAAAAAAAGQGPGGYGPSGPAAAAAGQGPGGYGPSGPAGAAAAAAAAAAGASGAGGPGRQGPAPYIPKPMGPGGYGPSGDNGAAAAAAAAAAAAAAAGQGPGGYGPSGPAGAAAAAGAGASGAGGPGRQGPAPYVPKPMGPGGYGPSGDNGAAAAAAAAAAAAAAAGQGPGGYGPSGPAGAAAAAAAGASGAGGPGRQGPAPYVPKPMGPGGYGPSGDNGAAAAAAAAAAAAGQGPGGYGPSGPAGAAAAAAAGASGAGGPGRQGPAPYVPRPMGPGGYGPSGDNGAAAAAAAAAA,MaSp2,14.092977523803711
436,5972,,,,,MNWSIRLALLGFVVLSTQTVFTVGQVGTPWANPQIAESFISSFLSIVSQSGAFSANQLDDMATVGDSLKSSIERLAASGRSSKSKLQALNMAFASSMAEIAVAESGGLSIGAKANAIAEALAQAFVQTVGVVNYQFVNEIRGLITMIAQASTNEVSSSAGSGGGGGSGGGSGGGYGPGSYSSASAVSVSGPGPQGPSGPSPRGPSPQGPSPQGPYGPGPSVSVATVSGPYGPGPSGPSPQGPSPQGPSPQGPYGPGPSVSVSTVSGPSGPSGPS,Spidroin,21.349430084228516
437,165,,,,,AGSSGQGGSGNGAGGSGSGGQGSGGSGQGGYGSGYGAAAAAAAAAAAGLLGPAGALGGLGGIGGGSAPSGGGLGGQGQGGSGGGNNGQGPYGAGSAASAAAAAAAAAGGLYGPGAGSSGQGGSGNGAGGSGSGGPGSGGSGQGGYGSGYGSAAAAAAAAAAAGLLGPAGALGGLGGIGGGSGPSGGGLGGQGQGGSGGGNNGQGSSGPGSAASAAAAAAAAAGGLYGPGAGSSGQGGSGNGAGGSGSGGQGSGGSGQGGYGSGYGAAAAAAAAAAAAGRLGPAGALGGLVGIGGGSGLSGGGLGGQGQGGSGLGNNGQGSSGPGSAASAAAAAAAAAGGLYGPAAGSSGQGGSGNGAGGSGSGGQGSGGSGQGGYGSGYGAAAAALAAAAAGPLGPAGGLGGIGGGQSGQGAGPSGQGQGLSGSGSNGQGPFGPVSAASASSSASAVVGAYGSNAGSSGYGEIWNPTARLSSSSSVARVSSAVLSLASGGVFNPYSLAGVIATLSNSVLNSNPGLSSCEVLVEVLLEVISALVQILSSSTIGYISSSSGDVSSLVAQSVAAAFAG,MaSp1,17.78699493408203
438,6109,,,,,MNWSIRFALLGFVVLTTQTIYAFGQAATPWENTALAEAFINSFLDSIRQTGVFSLSQQDDMSTIGDTLKTAMERMAQSRKSSKSKLQALNMAFASSMAEIAVAEQGGLSIQAKTEAIASALSSAFLQTTGVINLQFVNEIKSLIYMIAQATTNEVASSAASAGGGYGGGGSGQGVSYGAGAAAAAAAVGGYGPGSQGTGGQGPGSGGPQGSGGQGPYGPGAAAAAAAVAGGYGPGAGQQGPGG,Spidroin,21.004026412963867
439,5850,,,,,RLLVLPCCILECSSDEAASDSAGGYGPGSGQQGPGGAGQLGPGGAGQQGPGGAGQQGPGGQGLGGAGQQGPGGQGPYGPGSAAAAAASAGGYGPGSGQQGPGGAGQQGPGGQGLGGAGQQGPGGQGPYGPGSAAAAAASAGGYGPGSGQQGPGGAGQQGPGGQGPYGPGAAAAAAAAGGYGPGSGQQGPGQQGPGQQGPGQQGPGQQGPYGPGAAAAAAAAGGYGPGQQGPGQQGPGQQGPGGQGPYGPGGASAAVSVGGYGPQRPSAPVASAAASRLSSPAASSRVQSAVSSLVSSGPANSAALSNTISSVVSQISASNPGLSGCDVLVQALLELVSALVSILGSSSIGQINYGASAQYAQMVGQSLAQALV,MaSp2,16.659780502319336
440,5990,,,,,MTFTNRLIVLCFVILSIQSTYVSGQITPWSSTELADAFINNFISAISSSGAFNEDQLGDMSAIGDTLRESIDKMARSKKNSKSKLQALNMAFASSMAEIAVVEQGGQNVAKRTNAIADALNTAFYQTTGTEDTQFVDEIRGLIETFAKASSKENSYTDNSGVFSRNFGGNSAAADAGDGGSGQGGYGGNLGGNSAAASAGDVGSRQGGYSGNIGGQGGLSGDSVASAASAGGNGGSRQSGYGGNFGGPGSNSAAAAAGGDGGSGQGGYGGNIGGQGGLSGDSFAAAASAGGNGGSRQGGYGGNFGGPGGESAAAAGGDGGSGQGGYGGNIGGQGGLSGDSVAAAASAGGNGGTRQGGYGGNFGGPGGESAAATAGGNGGSGQGGYDGNFRGPGGLGGISIAVTSSAGGDGSYGQGEYSRNFGGRGGGGDDSVAAAASAGGNGGSRQGGYGGNFGGPDGESAAAAAGGNGSSGQGGYGRNLGGQVGNSVAAAAGGDGGSGQGGYSGNIGGQGGLSGDSAAAAAGRYSGSGQGGYGGNLGGPGSNSAAATAGGGSGQGEYG,MaSp,19.187902450561523
442,6120,,,,,MQLPTRIWLFFTVLFIQGFLTQGQQFWANKNSAIAVTNAFVNCMSQSGVMTADQLDDMSMISGTVEGQLQKMGDQVSAHKMKALSRAFGASVAEIAASSQSSAMSGTIESCMRSSMNQIIGGTDEVFLAEILQIIGLFAQDEASASASASAGGYAGGYGGGAGAGAGAGAAAGAAGGYSAGSSYSSSTGSSSSFQSAGYSSAGGYGGGAAGGAGAGAAAGAGAGAGAGQGSGYGGGYGSGAGAGAGAGAGAGAGQGSGYGGGYGSGSGAGAGAGAGAGAGAGAGRGAGYGGGYGSGAGAGAAAAAGAGAGAGGAGGYGTGYGAGSGAGAAAGAGAGAGRGAGYGGGYGSGSGAGAGAGAAAGAGAGAGAGAGQGSGYGGGYGSGSGAGAGAGAAAGAGAGAGAGAGRGAGYGG,MiSp,22.152454376220703
444,6125,,,,,MSWTARLATLLLFVACQSAVIKAQSPWDSTAVAESFINGFMGAMAQSGSLNGDQMDDMNIVGDTVLTSMNKMVASGKSSKSMLQALNMAFASSMAEIAVQSPNVAAVSSAIANALSSAFLQTTGVVNYQFIQEISSLIRMFAQNQSNEVNVGAGAAASASAGGYGQAAGTGGGYGAGAGAGAGAGAGAGAAAVSTGSSQGGYAQTSYQSGSSASTSASSLGQQSYSQQQAYGSSAGASAAAGAGAAAGGGAGAGYGQGLGAGAGAGAAAGAGAGAGAGYGQGAGAAGLGGYGAGAGAGAAAAAGAGAGAGAGYGQGAGLGGYGQGAGVGAGAGAGAGAGAGAGGYGQGAGAGYGQGAGAGYGQGAGAGAGAAAAGGAGAGAGYGQGGYGQGAGAGAGAAAAAGGAGQGGYGAYGTSSDSSSGFSVSISSQSGQGYGQGAGAGAGSAAGAGAGAGAGYGQGLGAGGQGGYGQGAGAGAGAAAAAGSGAGAGYGQGAGGLGRYGQGAGAGAGAGAAAAAGAGAGAGYGQ,MiSp,13.816986083984375
