Unnamed: 0,idv_id,toughness,young's_modulus,tensile_strength,strain_at_break,sequence,protein_type,predicted_tensile_strength
0,315,0.425,17.5,2.62,31.0,YGQNGYGSSSGASGTSSGTSQGQAGYSGQIGGPDSSAAASAASAGQGYAPGQGQQTGLGGSSAAAASAAESQGYGAGQSGYSGQPGYSSSSSAISISLGYGQNGYGPATGASGAGSGAGQGQGGYVGPDSAAAASAASAGQGYGPGQGQQAGPGGSSAAASAADSQGYGPGQSGYSGQQGYSSSSSAIAISLGYGQNGYGPSSGSSGTSSGTGQGQAGYSGQLGGPDSSAAASSASAGQGYGPGQGQQAGPSGSPSSSAAAASAAGSQGYAPGQSEYPGQPGYSSSSSAISISLGYGQNGYGPGTGASGAGSGAGQGQGGYAGPDSAAAASASSAGQGYGPGQGQQTGAGGSSAAAASAADSQGYGPGQSGYPGQQGYSSSSSAIAISLGYGQNGYGPSSGASGAGSGAGQGQGGYVGPDSSAAASSASAGQGYGPGQGQQAGPSGSPSSSAASAADSQGYAPGQSEYPGQPGYSSSSSAISISLGYGQNGYGPGTGASGAGSGAGQGQGGYAGPDSAAAASASSAGQGYGPGQGQQTGAGGSSAAAASSADSQGYGPGQSGYPGQPGYSSSSSAISISLGYGLNGYGPSSGASGTSSGTGQGQAGYSGEIGGPGSYAATSSAPSGQGYAPGQGQLGAAGSSSSSAAAATSSSQGYGPGQSSYAVQQGSARAASAATASAAASRLSSADSSSRVSSAVSSLVSNGPTNPVALANAVSSVMSQVNASSSGLSECDVLVQALLEILSAFVHILGSATVGEVSYDATSPTAQVVSQSIAQVFA,MaSp1,1.912495493888855
1,3470,0.421,30.4,3.06,24.1,AGAGACAAAGAGAGAGGAGGYGQGYGAGAGAGAGSGAGAGSGAGAGAGGAGGYGQGYGAGAGAGASAAAGAGAGAGGAGGYGQGYGTGAGAGAGSGAGAGSGAGAGAGGAGGYGQAYGAGSGGGAGAAAGAAAASGQAAGAVSRLSSSSATSRVSSAVSSLVSSGVVSSDSLKNVISSTAAGVAASHPGLSGCEVLVQTLLEVVSALVHVLSSSNIGNVDPNRAAQSSAMVRNAMSYSMG,MiSp,1.3836162090301514
10,5816,0.286,9.92,2.45,27.2,GGPDASAAASASDSGRGYGPGQGEQASSSGSSAAASAADSQGYGPGQSGYPGQQGYSSSAIAISLGYGQNGYGPVSGADQGQGGYGGQQGGLRTAAAGSASSPGQGYGPVQGQLGTSVSSPSTVSSAQGYGPGQSSYPLQQGSTGGASAATASAAASRLSSVDASSRVSSAVSSLISNGPTNPIALANAVSSVMSQVSASSSGLSECDILVQALLEIVSALVHILGSATVGEVNSDATSQTAQMVGQSIAQAFS,MaSp1,1.5729787349700928
13,7438,0.284,8.73,1.17,42.8,MSSFKILSLACLVVLCTQAIVIVEGAGSPWESPQLAQSFINSFLRAISWSGAFSFNQLDDMSTIGETLIVSMGRFTGSKKNLKSKLQALDMAFASSMAEIAVAEQGGLSITEKTNAIENALNAAFLETTGVINTQFVSEIKSLIYVIAQTSTNEISNMPTSGAGGYAQAASGSQGPGSSVNFATSYGPGPQGQSAPRTQGPSPQGPTGPRPQGPGSPVSS,Spidroin,0.925167977809906
15,5564,0.267,4.61,1.97,31.3,SVSRLSSYDASSRVSSAVSSLVSSGGPNVDSLSNVISYISSSVAASNPGLSGCEVLVQTLMEVVSALVHILSSANIGNVNIGGAGQSTYTVGNAFANALG,MiSp,1.3671988248825073
16,6756,0.267,26.8,1.88,27.1,MTWSFRVAIPYFFLLLCSQYSLSTAGTGSSPWSSPQLAESFLSSFMAAMSSNPSFTGQQIDDMTSIGSTILTSMKQMADSGKSSKATLQALNMAFASSVAEIAVTEEGGSSINQKTDAIAEALAQAFLQTTGAVNQQFIGEIRELVSMFAQAALNDVSSTAVASAGATYPKSTGQYIAGGASSFGPAQYGPGAGSSAAAAAATAGTTSETEQYGPGPGSSGPTQYGPGAGSSAAAAAAAAAAASSGPGQYGPGTGPSGPTQYGPGSESSAAAAAAAAARLSGPGQYGPGIYGPGTGPSRPQYGVGAGSSAAAAAGAAAATSAPGQYRPAPGPSGPTQYGPGAGSSAAAAAAAAAAASSGPGQYGPGTGPSGPTQYGPGSESSAAAAAAAAARLSGPGQYGPGIYGPGTGPSRPQYGVGAGSSAAAAAGAAAATSGPGQYRPAPGPSGPTEYGPGAGSSAAAAAAAAAAASSGPGQYGPGTGPSGPTQYGPGSESSAAAAAAAAARLSGPGQYGPGIYGPGTGPSRPQYGVGAGSSAAAAAGTAAATSAPGQYRPAPGPSGPTQYGPGAGSSAAAAAAAAAAASSGPGQYGPGTGPSRPTQYGL,MaSp,0.8851659893989563
17,2918,0.262,12.3,1.84,26.4,GGSGMGGAGQGGYGSGQGGQGGLGGGAAAAAAAAAGGAGQGGQGGYGSGQGGQGGYGSGQGGLGGGAGAAAAAAAAGGLGGSGMGGAGQGGYGSGQGGQGGLGGGAAAAAAAAAGGAGQGGQGGYGSGQGGQGGYGSGQGGLGGSSAAASASAASAAASRLSSPAASSRVSSAVSSLASGGVSSPGALSGVISNVVSQISSSNSGLSGCDVLVQALLEVVSALVHILSSSSIGQVNYGSAGMSAQLVSQEVSQALGY,MaSp1,1.2566279172897339
24,6787,0.243,14.0,2.04,19.7,MSFTSRLALSFLVLFCTQSMIALGQSNNPWSNAQLAESFIRCFLAEAGNSGAFNADQMDDMSSIGDTLMGAMEKMARSNKSSKSKLQALNMAFASSVAEIAVVEQGGMSIAVKTNAIADALSNAFLQTTGAVNVQFVNEIKSLITMFAQNNVNEVSYGGSSGGAAAASASAASGGYGGSAPSSGGYGSGPSYGPSGSSYQVSVSSSSSGSQGPSGPVQQGPSGPAPQGPSGPGGYGPGPQGPSGPGPQGPSGPGSYGPGPQGSSSSVSISVSSSRGPSGYGPGPQGQTGPQGPGAQGPGGYGPGASAAAAAAGGGQGGQGGYGSGQGGQGGQRGYGQGSQGGQGAGASAAAAAAAAGGAGGLGGGDQGGYGSGRGGQGGYGQGGQGGQGAGQGGQGAGASAAAAAAAAGGAGGLGGGDQGGYGSGRGGQGGYGSGQGGQGGQGGYGQGGQGGQGAGASAAAAAAAAGGAGGLGGGDQGGYGSGRGGQGGYGSGQGGQGGQGGYGQGGQGAGASAAAAAASAGGAGGLGGQGGYGSGQGGRGGQGAGQGGQGAGASAAAAAAAAGGAGGLGGGDQGGYGSGRGGQGGYGSGQGGQGGQGGYGQGGQGGQGAGASAAAAAAAAGGAGGLGGGDQGGYGSGRGGQGGYGSGQGGQGGQGGYGQGGQGAGASAAAAAASAGGAGGLGGQGGYGSGQGGRGGQGAGQGGQGAGASAAAAAAAA,MaSp1,0.8793228268623352
26,4426,0.239,9.01,1.05,34.3,GYGQGAGAGAGAAASGAGQGGYGSFGATSQTSSGLSISLSSQGQYGQTSGAGAGSGAGAGAAGAAAGAGAGAGAGYGAGAGAGAGYGQGAGAGADAGYGAGAGAGTGYGAGIGYGQGVGAGTGAGDGAGGYGQGYGAGAGATVAVGADARAAVSNSVSRLSSGAASSRVSSAVSSLVQNGRPNIASLPNVISNLSSQVSASTPGASGCEVMVQVLLEVVSALVHILSSASVGSIDMSAVGNSANTVGNAFGNMG,MiSp,0.9701977372169495
27,5842,0.233,20.3,3.33,12.7,GPGGYGPSGPGAAAAAAAAAGGQGTYGPGQQGPGQQVPGQQGTGGQGPYGPGAAAAAAVAAGGYGPQGPGGSGPQGPGQQGPGGQGPYGPAAAAEAAAGYGPGQQGPRQQGPGSQGPYGPGAASAAVSVGGYGPQRSAAPVASAAASRLSSPEASSRVSSAVSSLVSSGPSNPAALSSTISNVVSQISASNPGLSGCDVLVQALLELVSALVSILGSASIGQINYGASAQYAQAVGQSVAQALA,MaSp2,1.0643879175186157
31,6767,0.226,9.59,1.51,25.4,MNWSIRLALLGFVVLSTQTVFAVGQAASPWSNPQLAESFINAFLNGVSGTGAFSGDQLDDMATVGDSLRSSIERLAASGRSSKSKLQALNMAFASSMAEIAIAESGGLSVSAKADAIASALAQAFVQTVGAVNYQFVNEIRGLISMIAQSTLGEVSSSGGSGGGGGGSGGGSGGGYGPSSYSSASAVSVSGPGPRGPSGPSQQGPSPQGPSQRGPGPVSSVAVSVSGPYGPGPSGPSQQGPGQQGPGQQGPGGQGPYGPGAAAAASAAAGGYGGRQGPGSGGQSGSGSQGQNGPGSGQQGPGRQGPYGPGAAAAAAAAAGGYGPGAGGSGSGSGGQQGPGSGGQQGPGGQGPYGPGAAAAAAAAAAGGYGPGSGSGSGGSGQQGPGGYGSGGPGQGGAGQGLYGPGAAAAAAAAGGYGPGAGGSGSGSGGQQGPGSGGQQGPGGQGPYGPGA,MaSp2,1.0151101350784302
35,2004,0.221,12.2,1.14,30.2,AAGGPGGQGPYGPGSQGPGSGGQGPYGPGQQGPGQQGPGGYGPSGPGGAAAAAAAAAAGGPGGQGPYGPGSQGPGAGGQGPYGPGSQGPGSGGQGPYGPGQQGPGQQGPGGYGPSGPGGAAAAAAAAAAGGPGGQGPYGPGSQGPGSGGQGPYGPGQQGPGQQGPGGYGPSGPGGAAAAAAAAAGAGQQGPGQQGPGGYGPSGPAAAAAAAAGGPGGQGPYGPGSQGPGSGGQGPYGPGQQGPGGYGPSGPGGAAAAAAAAAAGGAGQQGPGQQGPGGYGPSGPAAAAAAAAGGPGGQGPYGPGQQGPGQQGPGGASAAAAGTGGQGPYGPGSQGPGSGGQGPYGPGQQGPGLQGPGVYGPSGPGGAAAAAAAAGGQGPTSYGPSGAIPGVSASVSSAASRLSSPAAASRVSSAVSALASSGPYDARAVSSTLSNLVSQVSTYHPGLSGCDVIVQALLELVSALVHILGSSSIGQVDYSGAIYSAQTLAQAVAQALA,MaSp2,1.2176834344863892
36,7298,0.217,8.21,1.15,30.5,MSWTARLALLLLFVGCQSSQSYAQSSSVWSNPETVENLMSNFMNFMKTQSAFTPDQLDDMSTIASTMISSVKRVAASGRTSAHAMQALNMAFASSMAEIAAAEEGGGSLQAKTSAIANALASAYMQTTGSVNRQFINEITQLVSMFAQGNVNEVSAGASASATSTAAGQGGYGQGRYGAGASASAAGAAGAGQGGYSQRGFGQAATAGASAAATGASGSAQGGQGAGAGAAATAGQSGFGGYGQEAKSGYGNGNRAGATGASQGGYGQGGYGQGSETGQGGYGQGSGAGAATVAAAAGAAGQGGYGQGGNGQGSGEGAGAAAAAAA,MaSp1,0.9804064631462097
43,1486,0.207,10.6,1.5,25.5,GFGIRGAGPGGYGRGGAGSAAAAAAASDGSGGDGYGGGYGGLGGLGQGGDSSAAAAASGGGPGGFGIRGAGPGGYGRGGAGSAAAAAAASDGSGGDGYGGGYGGLGGLGQGGDSSAAAAASGGGPGGFGIRGAGPGGYGRGGAGSAAAAAASDGSGGDGYGGGYGGLGGLGQGGDSSAAAAAASGGGPGGFGIRGAGPGGYGRGGAGSAAAAAAASDGSGGDGYGGGYGGLGGLGQGGDSSAAAAAASGGGPGGFGIRGAGPGGYGRGGAGSAAAAAAASDGSGGDGYGGGYGGLGGLGQGGDSSAAAAASGGGPGGFGIRGAGPGGYGRGGAGSAAAAAASSDGSGGDGYGGGYGGLEGLDQGGDSSAAAAAAASGGGPGGFGIREAGPGGYGRGGAGSAAAAAAASDGSGGDGYGSGYGGLGGLGQGGDSSAAAASGGGPGGFGIRGAGPGGYGGGGAGSAAAAAAASDGSGGDGYGGGYGGQGGLGRDGSSAAASAANGGGRRGFGRRGAGPRGYGRGGAGSSAAAAAASDGSGGDGYGGVYGGLGGLGQGGDSAAAAAASGGGPGGYGAGPGLYGGDVQEPAAASAATAASAASRMSSPSSQSRVSSAVSIFSENDLRYPETFSSVYNNFVSDIISSNPNLSGCEVLVQVLLEILAATISRYSGLDSGSSMNVVSSAVSSPLY,MaSp3,1.340993881225586
44,7041,0.206,7.14,1.5,25.9,MSWTARLAILLLFVASQSSLTLAQSTPWSDPGTAENFMNSFMAVISTQPVFSADQLDDMTMIGDTIMTSVRKMVQSGKVSANKLQAMNMAFASSIAEIAVAEGGANIPAITSAIADSLNAAFLQTTGNVNVQFVNEITQLVSMFAQDTAANAVSSSAAASTSAGGSVSRGYGQTAGSGVSVIAAGATGPGTVSNYGPSYQTSSGYTVSISSQGGASGGLGGYGPGAAAGAAAAAGASGAGQGGLGGSGQGGLGGYGQGAGAGAAAAAASAAGGAGQGGLGGYGQGGLGGYGQGAGAGAASAAAAGQRGLGGSGQGGLGGYGQGAGSGAAAAAAAGAGGAGQGGLGGSGQGGLGGYGQGAGAGAAAAAAAGAGGAGQGGLGGSGQGGLGGYGQGAGAGAAAAAAAGAGGAGQGGLGGSGQGGLGG,MaSp1,0.994185745716095
45,6949,0.204,10.1,1.91,21.9,MSFTSRLALGFVVLFCTQSMFALGQANTPWSSPQLAEYFIRVFLEYASGSGAFTNEQVEDMSSIGDTLMGAMEKMARSNKNSKSKLQAINMAFASSVAEIAVVEGGQSISVKTNAIADALTSAFLQTTGSVNYQFVNEIKSLITMFAQNSANEVSYGGSSGGGGSAAASASASSGGGGGSGGTSPGGGSSPSYGQPGGSSYSVSVSSVSQSYGPGPQGPGQQGPGQQRPIQQGPGQQGPRQQGPGSQGPGGYGPSSASAAAAAASGPGQRGPGPQGPGQQGPGQQGPGQQGPGQQGPGQQGPQQQGPGQQGPGQQGPGGSSYSVSVSSVSQSYGPGQQGPGQQGPGSQGPGSQGPGGYGPSASAAAAAAASGPGGYGSGQGGQGNQGGQSGQGNQGGQGGQGGYGSNQGGQGGYGSGQGGQGGAAAAAAAASAGGPGGYGAGQGGQGNQGGQGGQGNQGGQGGQGNQGGQGGQGNLGGQGGYGSNQGGQGGYGSGQGGLGGGAAAAAAAAAAGGAGGQGGQGNQGGQGGQGNQ,MaSp1,0.9977782368659973
49,2664,0.198,16.6,1.18,25.0,GAGAGYGQGAGAGAGAGAGSGAGLGAGAGYGQGAGAGTGAGYGQGSGAGAGAGAGAGAGYGQGAGSGAGAGYGQGAGAGAGAGYGQGAGAGAGAGLGAGAGYGQGAGAGAGAGAGSGAGLGAGAGYGQGAGAGAGAGYGRGAGAGYGQGTGLGAGAGYGQGAGAGAGAGAGAGYGQGAGSGAGYGQLISAAQAAAAAAAAAASAAGSTQSTKTETVVYDQAYSNQASSAAAASATAQRVVAGYGQGAGAGAGSGAGAGSGAGLGTGAGYGQGAGAGAGSGAGAGYGQGAGAGYGQGAGAGAGAGAGYGQGAGAGYGQGAGAGAGSGAGAGYGQGAGAGYGQGAGAGTGAGYGQGAGIGAGAGAGAGAGAGAGYGQGAGSGAGAGYGQGAGAGTGAGAGAGSGAGYGQGAGAGYGQGAGVASGAAYAVSSDASSAAYNSVSRLSSSSATSRVSSAVSTLLSSGGPNANALSNIISNLASSVSASNPGLSGCEVLVQTLLEVVSALVHILSSSNIGNVNLSDAGSYSSMVGQSVAQVFA,MiSp,1.2076536417007446
50,3964,0.196,9.12,1.35,24.8,GPGGQGPSGPGQQGPGSQGPGGQGPYGPQGPGGASAAAAAAAAGGPGGYGPGSQGPGGQGPSGPGSQGPGGQGPYGPGSQGPGGQGPYGPQGPGGASAAAAAAAASGPGGYGPGSQGPGQQGPGSQGPGGQGPYGPQGPGGASAAAAAAAAGGPGGYGPGSQGPGGQGPSGPGSQGPGGQGPYGPGSQGPGGQGPYGPQGPGGASAAAAAAAASGPGGYGPGSQGPGGQGPSGPGQQGPGSQGPGGQGPYGPGSQGPGGQGPYGPQGPGGASAAAAAAAASGPGGYGPGSQGPGQQGPGSQGPGGQGPYGPQGPGGASAAAAAAAASGPGGYGPGSQGPGQQGPGSQGPYGPGSQGPGSQGSYGPGASASAAAARLSSPSASSRVSSAASSLVSNGGANSGALSSVINNLVSQISYSSPGLSGCDVLVQALLEVVSALVHILSSSSVGQVNYGASGQSAQLVAQAVAQAVA,MaSp2,1.119456171989441
52,2376,0.195,9.71,1.45,27.4,VGAGAGAGAGAGYGAGSGTGAGGGVGAGAGAGVGVGAGAGAAAGSGAGIGYGAGTGAGAGGSAGYGAGAGYGAGSGVGAGTGAGAGSGTGAGAGAGAGSGFGTSYSTTSSNIYSMTNFGSGIGAGVGAAVGSGSGAGAGVGSSVGAGLGAGVGTGAVVGTGFGAGAGLGAGTGAGVGAGAGAGAGAGAGAGVGVGIGYGTGSGAGFGSGVVSGSGGGAGSSYVSGFGSTVSAASSRLTSPAATSRVTSAASGLVSGGYFNSNALPNIVSSLTSQIQSTSPGLSECDLLTQVLLEVLSALIHILSSSTVGPLDFSNLEQSYRPISTAFGR,MiSp,1.3519432544708252
66,3541,0.181,16.6,1.84,17.9,GPQGPGGPGSQGPSGPGSQGPGGYGPGSQGPGGYGPGAAAAAAAAASGPGGSGPQGPGSQGPGGAGPQGPGGYGPGSAAAAAAAASGPGGYGPQGPGSQGPSGPGSQGPGGYGPGASAAAAAAASGPGGYGPQGPGGPGSQGPGGPGSQGPGGYGPGSQGPGGYGPGAAAAAAAAASGPGGYGPQGPGGPGSQGPGGPGSQGPSGPGSQGPGGYGPGASAAAAAAASGPGGYGPQGPGGPGSQGPSGPGSQGPGGYGPGSQGPGGYGPGAAAAAAAAASGPGGSGPQGPGSQGPGGAGPQGPGGYGPGSAAAAAAAASGPGGSGPQGPGGPGSQGPGGYGPGGYGPGAAAAAAAASSGPGGYGPQGPGGPGSQGPGGPSSQGPGGYGPGAQGPGGAGPQGPGGYGPGAAAAAAAAAASGPGGYGPQGPGSQGPGGPGSQGPGGPGSQGPTGYGPGSQGPGGYGPGASAAAAAAASGPGGPGSQGPSGPGSQGPSGPGSQGPGGYGPGAAAAAAAASGPGGPGPQGPSGPGSQGPGSYGPGSQGPGGYGPGAAAAAAAAASGPGGPGPQGPGAQGPSGPGSRGPAGYGPGAAAAAAAAASGPSGPGGYGPGPQGPGGYGPGSQGPSGPGSRGPSGPGGYGPGASASAAASRLSSPASSSRVSSAASTLVSSGGANAGALSSVISNLVSQVSANSSGLSSCDVLVQALLEVVSALVQILSSSSVGQINYGAAGQFTQLVSQAVAQAF,MaSp2,1.2155578136444092
68,7322,0.18,16.1,1.68,17.6,MSWTARLAILLLFVACQSTHSLAQYASANANTPWSSPAKAEAFMGSFMQSMGQQQGFTASQLDDMSSITDTILSSIAKMAREGKTSSNKLQALNMAFASAMAEIAASEEGGANIQVKTNGIANSLSNAFLQTTGSVNGQFINEITQLVSMFAQANSNAVATSSASASSAAAAGSAPSGYGGYGPGPSAAGVGAAAATGASAPGPGGYGPSYQTGSSVSLSVSSQGQGPSYGGYGQGTGSSAAAAGGAGAGQGGYGQGAGAGAAAAGAAGTGQGPAGSYGTGYQSSSTYSTTSTSQALGGGQGGYGPGSGASAAAAAAAGAGAGQGGYGGQGGYGQGAGAGAAAAA,MaSp1,0.6605570316314697
70,77,0.179,6.3,1.04,28.9,GGAAAAAAAAAGGAGGAGQGGLGAGQGGLGAGQGYGAGQGYGSGLGGQGGAGQGGAAAAAAAAAGGAGGAGQGGLGAGQGGLGAGQGGLGAGQGYGAGQGYGSGLGGQGGAGQGAAAAAAAAAGGAGRAEQGGQGAGQGYGAGQGYGSGLGGQGGPGASAAAAAAGGLGGQGGYGGLGSQGSGGFGQGGYGGQQGAASSAAAVSAAASRLSSPSAASRVSSAVSSLVSSGGPTSSSALSSTISNVVSQISSSNPGLSSCDVLVQALLEIVSALVHILASASIGQVNTNSAGQSASIVGQSVYQALS,MaSp1,1.027919888496399
71,7392,0.176,11.1,1.64,21.5,MVWKSRSLLLLLVVLSCQAVLSQSQSDSPWSNTEKAEFFIRSYLEAISRSNAFTDGQLDDMSSIGDTLMGAMEKMARSNKSSRSKLQALNMAFASSMAEIAIVDQGGQNVDTKTSAITDALSEAFYRTSGTINTQFINEIRELITMFSRASANQNTVGSGIAASAASGTNEGYSPSISSGNAGQQGASGSSAISISLGSGGSQGAYSGPQFGTGVTAGSQRESGYSSQQGSVGASVVTTSTSGSYSQDQGGYSGQQGPIGTSTSVSSTTNGYGQGQEGYGPTRSSEASFAFAFGENQGRYGGQQIESGTTGAGQGQVGYGGQQAGPGSSVASVSATGSSGQDQVGYGGQGPSDAGATVAAASSAGSYGQDQGVYGGQQAPSGTSASAGGYDQGQGGYGPSGSSAASFSFAFGGSQGGYGGQQIGSRSTGVGQVQLGYGGQQAGPGSSVASVSATGGSGQDQVGYGGQGPSGAGTSVAAASSAGSYGQDQGVYGGQQAPSGTSASAGGYDQGQGGYGPSGSSAASFSFAFGGSQGGYGGQQIGSGSTGVGQVQLGYGGQQAGPGSSVASVSATGGSGQDQVGYGGQGTSGAGTSVAAASSAGSYGQDQGVYGGQQALSGTSASAGGYDQGQGGYGSSGSSAASFSFAFGGSQGGYGGQQIGSGSTGVGQGQLGYGGPQAGPGSSVASVSNTGVSGQDQVGYGGQGPSGAGTSVAAASSAGSYGQDQGVYGGQQALSGTSASA,MaSp,0.9127652049064636
75,3799,0.171,11.9,1.19,26.3,AGPGGYGPGQQGPGQQGPGQQGPAGYGPSGPSGPGGAAAAAAAGPGGYGPSQRGPSGPGSAAAAAAGAGPGGYGPGQQGPSGPGSAAAAAAAGPGGYGPSQQGPARYGPSGPGSAAAAAAGAGTAGYGPGPQASAAASRLASPDSGARVASAVSNLVSSGPTSSAALSSVISNAVSQIGASNPGLSGCDVLIQALLEIVSACVTILSSSSIGQVNYGAASQFAQVVSQSILSAF,MaSp2,1.239284634590149
81,5659,0.167,11.0,1.7,18.0,GAGSGAAGLGGLGGNGGPAGSSSIASAAAAAGSGTGGLGGLGLYGQGSGLGDGVGAVAGGLSGQGIGAGAGVAVSVGADAQAAVSNSVSRLSSGAASSRVTSAVSSLVQNGAPNLSALPNVFSNLSAQVSASSPGASECEVIIQVLLEVVTALVNILSVANVGPIDLSSVGNAAGLVGDAVMG,MiSp,1.2880035638809204
85,4523,0.165,10.3,1.39,20.3,GSGQGSGGSGQQGPGGQGSGGSGQGGSGGQGLYGPGSAAAAAAAATGGYGLGGGQGSGGSGQQGPGGQGSGGSGQGGSGGQGLYGPGSAASAAAAAGGGYGLGGGQGSGGSGQQGPGGQGSGGSGQGGSGGQGFYGPGSAAAAAAAAGGYGPGSGQGSGGTGQQGPGGQGSGGSGQGGSGGQGLYGPGSAASAAAAAGGYGPGGGQGSGGSGQQGPGGQGSGGSGQGGSGGQGLYGPGSAAAAAAAAGGYGPEGGQGSGGSGQQGPGGQGSGGSGQGGSGGQGPYGPGSAAAAAAAVGGYGLGGGQGSGGSGQQGPGSQGSGGSGQGGSGGQGLYGPGSAAAAAAAAGGYGPRGGQGSGGSGQQGPGGQGSGGSGQGGSGGQGLYGPASAAAAAAAAGGYGPGAVQQGSGGQGPASGGQRPGSGGQQGPGSQGPYGPSAAAAAAAVGGYGPGSGSQGPGSQAPVASAAASRLSSPQASARVSSAVSSLVSSGPTNPSALSNTISSVVSGVSGSNPGLSSCDVLVQALLEVVSALVHILGSSSIGQINYDASSQYAQMVGQSVYQALG,MaSp2,1.0423998832702637
88,7610,0.164,22.8,1.65,16.5,MIWITRLSLAFLLALCIHSKFAVGQATPWESVAKADAFVQSFMSSAGQSGVFSSDQMDDMSSIGDIMMSAMGNMKGKVTPHKLQALNTAFASAVAEVAISDAAGQNVQATTEAIANALNSAFYQTTGASNAAFVNEIRTLINMFAQASGNAISSGPVSGGPVGYGPGPSVSVSAPTTTTTIIQRPSQTVSSYRPPQTVTSYTPGQTVSQTSYGSSETITYSSGTTGGYGGQGSGTGASSAASAAASGAGGAGGYGAQGYGTGGYGTGGAGSSAASAAAGGGGGKGGYGSGGYGTGG,MaSp,1.2467381954193115
90,4023,0.162,4.25,1.08,32.7,AGGAGGYGAGAGAGAAAGAGSGAGGAGGYGRGVGGYGSGAGAGTGAGGYRSGSGASAGAGEGGYGAGAGAAAGARAGAGGYGRGASAGAGAGAGGAGYGAGYGAGAGTGGAGGFGAGLGAGAGAGVGAGSAAGNVFAQSLASNLLSSDDFVSMISSTTTTDQAVSVASSVAQSVGGQLGLDADSLNNLINSVNAYVASVGALADAASYARAISAALGNVLSSTGTITESSAASAASSVASTVTTTLTNYGSTAGAGNSGGYRANAAAGGASSAGTKVGGAGGYAGGAGASAGADAGVGAGYGSGYNAGAGAAARFGARGAGSYGRDMGVSAEAGAVGASGYGVGTVAGAGAGAGAGAGGSGYGVGYGSGAGAISAASAGGYGRGAGSGSGASAGGYGAGDGAGSAANAGGYGRGLGAGSAYGAGAGAATAVGTGTGGAVNYVSGAGAVAGGARGYGARYDAGAGAGAAVDAGTGAGGYGAGAGAGGYGRGLGAGSGVDAGTSGAGGYGAGYGVGAGAGAGASSAAGNAFAQSLASNLLSSNDFVSMISSITTTDQAVSVASSVAQSVGGQLGLDYDSLNNLINSVSAYVASVGALADAASYANAISAALGNVLASTGTITESSAASAASSVASTVTTTLTSYGSSAGSGAAGGYGASTGPGGYGANADAGARGYGAGGSASSATSAAAGAGGAGGNRIGIGAGAGAGAGAGAGSQDAVGYGSGAGAGSTAAVGARAGAAGGYRRGGGSGSGAGAGAGAGGYGASVGTAKATTASARAGATGGYGRGAGAGSGAEARGYGAVRAEGFGAAGTGAAGGYGRSDGAGYGSGVGAGANAGAGAGSVVGYGTRSGAGAAAAANVGDVNASGSGGYSSAGSDVSTTVSTTTSRLSSASASSRISSAASTLVSGGYLNTAALPSIISDLYSQISASSYGASASEVLVQVLLEIISSLIHVLGSSSVGVVDFGSVGDSAATVSQSFQSIMG,MiSp,1.1068919897079468
93,6795,0.161,17.3,2.3,13.3,MTWTARLALILLVALCNQSKFAHGGRTHPFRDSATAEAFMSSMVRTLANTGLMDDDDLDTFGMLATTMTKAADKIGKSGKDNPKSMEAINMGLGAGLAEILSGKGENIAVTTGAVRNALTSAFLQTTGVIDEQFISEIVKLIEMFAQVQDSTGNGAESDTSIAVSSSASGGYGSGPQPFSAQGPGSSSVSVSASAPGGFPQGSAGPQGPFGTGESSYQYSISVNSISDSPGGYGGQYGTGYGASQGGYGNGQEGAGAAAAAASAGGPGGLGSQGGSGYGQGGYGNGQ,Spidroin,1.1873838901519775
95,1841,0.16,21.9,2.37,15.0,GGSGPGSAGPGYGPGSYGPGSSGPGQYGPGGSGPGAASAAAAASAAGGSGPGSAGPGYGPGSYGPGSSGPGQYGPGGSGPGAASAAAAASAAGGSGPGSAGPGYGPGSYGPGSSGPGQYGPGGSGPGAASAAAAASAAGGSGPGTAGPSGSGPGAASAAAAAAAGNGGPGGSGPGRYGPGQYGPGSYGPGRSGPGSASAATAAVGGRQGYTEEVIISSSVSSGPEGYGPVSSGPAGYQPGSSGPSGSGPSAASAAASAAGSGGPGQYGPGGNGPRGSGPGAASAAAAAAGSSGPGGSGPGQYGPGSYGPGGSGPGAASAASAASGAGRSQGYIEDIIISSPGGSYGPGSSGPGGASAAAAAGSPGSYGPRRSGPSGASAAASAAAAISSPASTSRISSVASRIASGGPLNASNLSNTIGNVVSQVQSTNSGASECEVLVQALLEVVTALVHLLGSADIGNVNYGASGQTASMVSQSMSQIYG,MaSp,1.2126675844192505
97,4371,0.159,6.59,1.21,24.5,GAGAGAGAGAGGLGGYGQGSGAGAAAGAGAGAGAGAGAGYGQGAGAGAGAGASAAAGGAGQSGYSSYGASSQTSSGISLSMSSQGQYGQSSGAGAGAAAGAGAGAGAGAGYGQGGYGQGAGAGAGAGGYGAGAGAGADARAAVSNSAARLSSAAASSRVSSAVSSLVQNGRPNINSLPNVISNLSSQVSNSTPGASGCEVMVQVLMEVVSALVHILSSANVGNIDMSSVGNSANVVGNAFNQMG,MiSp,1.12352454662323
98,3910,0.159,17.3,1.65,15.9,VAYSSVGGFRAISKAIAMASAVAFLDSGIATYSNASALGKQVASTFVDELSNYGSAAASSSSSTAAAAVVEKAESSSSAATATSTTSTTSTATASAASSAQTSSTAESRASATSAVFSESMMSYFSKSHGENPAFTRSMSSAESSSYAEAAAKMVGGRYGMSHAHSSSYARAIARAVAYSSVGGFRAISKAIAMASAAAFLDSGIATYSNASALAKQVASTFVGELSNYGSAAASSTSLAGSSTLTTIQPFAPAPAALESQSTFPSSVTGYGEYQPVNQGFAHVSSSVSPLSVPRISPPSHPAAFATEEGESPSTSASPVTSYNEYEPDSEEFELLSSSTSALSGPRISNAGRVSPLSTNLVSLEGILSSPEAGERIDYLIPYFVREVSPNGFDASRMSNILALLVSAISEGGPGLSPSEVMIETLLEVVCALIKILSSAHVEAVNMTSSSATSTAVAQSFSSALLAG,Spidroin,1.1390072107315063
99,1485,0.158,7.19,0.87,32.0,LGYGQNGYGPSSGASISGADQGQGGYGGKLGGTDASAAASAVAAGEGYGPGQGQQAGPSGSPSSSAAAASAADSQGYAPGQSEYPGQPGYSSSSSAISISLGYGQNGYGPGTGASGAGSGAGQGQGGYAGPDSAAAASASSAGQGYGPGQGQQTGAGGSSAAAASAADSQGYGPGQSGYPGQQGYSSSSSAIAISLGYGQNGYGPSSGSSGTSSGTGQGQAGYSGQLGGPDSSAAASSASAGQGYGPEQGQQAGPSGSPSSSAAAASAADSQGYAPGQSEYPGQPGYSSSSSAISISLGYGQNGYGPGTGASGAGSGAGQGQGGYAGPDSAAAASASSAGQGYGPGQGQQTGAGGSSAAAASAADSQGYGPGQSGYPGQQGYSSSSSAIAISLGYGQNGYGPSTGSSGTSSGTGQGQAGYSGQLGGPDSSAVASSASAGQGYGPGKGQQAGPSGSPSSSAAAASAADSQGYAPGQSEYPGQPGYSSSSSAISISLGYGQNGYGPGTGASGAGSGAGQGQGGYAGPDSAAAASASSAGQGYGPGQGQQTGAGGTSAAAESAADSQGYGPGQSGYSGQPGYSSSSSAISISLGYGQNSYGPSSGASGTSSGTGQGQAGYSGQIEGPGSSAATSSAPSGQGYAPGQGQLGAAGSSSSSAAAATSSSQGYGPGQSSYAVQQGSARAASAATASAAASRLSSADSSSRVSSAVSSLVSNGPTNPVALANAVSSVMSQVNASSSGLSECDVLVQALLEILSAFVHILGSATVGEVSYDATSPTAQVVSQSIAQVFA,MaSp1,1.74141263961792
101,5803,0.157,9.52,1.53,19.2,GAGVGGPGGAGQGGASAATAAAAGGQGGQGGYGGLGSQGAGGAGQGGYGAGGAGQGGYGGSAYGGQGATASAAAASAAASRLSSPSAASRVSSAVSSLVSNGGPTSPAALSSSISNVVSQISASNPGLSGCDILVQALLEIISALVHILGSSNIGQVNSSSAGQSASIVGQSVYRALS,MaSp1,0.9257896542549133
104,1495,0.157,7.54,1.04,27.2,AGAGAGGAGGYGTGIGSGYGAGAGAGAAASAGAGAGAGGAGGYGGGAGAGAGASSAAGAAGGYGGGSSSSAASGSSVVYSQGYSAGAGSAAASGAGSAGGYGGGYGAGAGAGAAAGSYAGAVNRLSGAEAASRVSSNVGAIASGGAAALSNVISNIYSGVLNSGVSASEALAQALLEVISVLIHVLSNASIGNVSSSGVGNALSVVRNAVGAYAG,MiSp,1.0196354389190674
112,6323,0.153,5.35,1.33,27.1,MSWQTHLSLLLCLLLAGINFSYARHSKTNLPWTDQRSCQDFFEIFHATLAKDDSFPIQESTDLLDIINSLCPLMSKTSKNDPHRSTKMQAMNMAVASAMADIIVEEETDEADVQERTVAISRAMAQAFLKTTGRTNTFYIEEIQGLIKYFYEEKQKTEELQEQQVYPEFITPEGQPQLYESFGPAHKPRTAAFLSTNTGDKEYMKTSKALPIVATSAATSSTTSSTKTKAKSYAAATATSAVATFQNFLYRNQVFVRYFNKGSSPDTSRRRAYDLALKFAHATGLAEHQSSSVAYAVAESMAGLRDGSSSEAHAQTFAQSFSSSVSAQQPDRPFDFYDHSDDFRRIMGDYYAAQQKSESAAYARSAATAAASSDTTTVTEKSIATTKAKSYAAATATSAVATFQNFLYRNQVFVRYFNKGSSPDT,Spidroin,1.0820668935775757
116,3875,0.152,7.76,1.4,17.6,YGAGLGGQGGSGQGGYGGGQGGAAAAAAAAGGSSGGGQGGLGSGGAGQGYGAGLGGQGGSGQGGYGGGQGSAAAAAAAASGSGGGGQGGLGSGGAGQGYGAGLGGQGGSGLGGGRGGASAAAAAAGGSGGAGQGGLGSGGAGQGYGAGLGGQGGSGQGGYGGGQGGAAAAAAAAGGSSGGGQGGLGSGGAGQGYGAGLGGQGGSGQGGYGGGASAAAAAAGGSGGGGQGLGSGGAGQGYGAGLGGQRGSGQGGYGGGQGGAAASSAAASAAASRLSSPSAASRVSSAVSSLVSSGGPTNSAALSSTISNVVSQISASNPGLSGCDVLVQALLELVSALVHILGSASIGQVNSSAAGQSASMVGQSVYRALS,MaSp1,1.2654392719268799
120,2859,0.151,6.75,1.32,26.3,GQQGPGSQGPGGQGPYGPQGPGGASAAAAAAASGPGGYGPGSQGPGQQGPGSQGPGGQGPYGPQGPGGASAAAAAAASGPGGYGPGSQGPGQQGPGSQGPGGQGPYGPQGPGGASAAAAAAASGPGGYGPGSQGPGQQGPGSQGPGGQGPYGPQGPGGASAAAAAAASGPGGYGPGSQGPGQQGPGSQGPYGPGSSASAAAARLSSPSASSRVSSAASSLVSSGGANSGALSSVISNLVSQISYSSPGLSGCDVLVQALLEVVSALVHILSSSSVGQVNYGASGQSTQLVAQAVAQAVA,MaSp2,1.1993961334228516
121,292,0.149,4.4,1.15,30.7,GAGAGYGSGAGAGAGSGAGAGYGAGSGAGAGSGAGAGSGAGAGSGAGAGAGAGSGSGFGQYSTYVSTSQYGSGYGTGAGAGAGAGAGSGAGSGAGAGSGAGAGSGSGAGSGSGAGAGSGAGTGYGAGAGSGAGAAAGYGAGAGYGTGAGAGAGAGAGSGAGVGYGARSGAGAGSGAGAGYGTGFGAGAGYGSGAGAGAGSGAGAGYGAGSGAGAGSGAGAGSGAGAGSGAGAGAGAGSGSGFGQYSTYVSTSQYGSGYGTGAGAGAGAGAGGGAGSGAGAGSGAGAGSGAGAGSGAGAGSGAGSGAGTGYGGGAGAGAGSGAGSGAGAGYGSGAGAGAGAGAGSGAGVGYGAGSGAGAGSGAGAGYGAGFGAGAGAGYGSGAGAGAGSGAGAGYGAGSGAGAGSGAGAGSGAGAGSGAGAGAGAGSGSGFGQYSTYVATSQYGSGYGTGAGAGSGAGAGAGAGAGYGTGAGAGGGAGAGSGAGAGSGAGAGAGYGSGAGYGAGAGSGAGAGAGSGAGAGSGAGAGSGYGGGAGAGAGAGAGAGVSSTVYNSVSRLSSASAATRVSSAVQTLATGGVTTDALSNVISNVSASVAANHPGLSGCEVMVQTLLEVISALVHVLGSAQIYPPNGNPTTSSQAVASAMSNAFSG,MiSp,1.0179274082183838
122,5556,0.149,4.92,1.0,28.4,SGSGAGAGSGYGAGYSYGVSYGAGAGSGAGSGAGAGSGAGAGAGSGAGVSPVSGSVYRLSSQAANSRVSTAVSSIVSAGGVTHNSLSNAISRISASVAAAHPGLSQCEVLVQTLLEVVSALVHILSSANLGNVNVGATGQSVSTVGNAVQYAMG,MiSp,1.0339967012405396
123,3943,0.148,4.89,1.3,23.8,GQYNQYSDSETAGTNPTQFGQDGGIAVSSGSVSFGLPGVNSYQQISGSVGPYDTVSNLPGHGPVVPSGSNLIKNESKSSEPSEASGGISTSNGSFGPGNYLKYEASPAGQMAAESETGSSFIGPDTGGPNPFTPGPFGQSVPNSNQHVAITFGQQGQSKSQGEDLGQFNQNSYSVTVESKPSQFGLSGGLAASLGSIPIGQPVPNSNQEISGSVGQYATDSNQPDRGPVVSPGSSLDQSGTRLYKPPKSTSEASISTGSTGSGQYLYGTTSVSQAEKEPEIRPLSIGPDTGETSPFTSGSFGQSGSGSNQHISVTQGQFGQSNSFGEGLEQYNQHSNSQVAETKPFQFGTDGGISGSSGSVSFGQPVPNSYQQISGSFGQDRPISDQSGSGSFGTLGFSSNQGGAGLFGPSKANSKSPAKGGSLGYVTHTTSSISQPTEALYASHYPNSLVGGKPDLLGPGLLGNSGHSSNQHTEKAPETVPSPIKPVGGWQFEHPGYSSHQHVSITSGQSGQIKPSEHGPGQYIPYGNSIAAAAAEAAVTKPYKFEPNGEGKVSPESVPFWPREPSLDQQNPSSVGLLTPNLVQPEAGLFKPLETSLGTSASTGTFESGNYLKYSASAAAQTSAGGTPPMTADGEALGLSGNSGFNSHQHASVTFGQSGKFKSPEQGLGQYIPTSNSATEAMPVVEQTKLYSYGPYAETLTTSEHRPFRPPENYPNQSGYGPLETSSTSSGLDLHGSGGPHTKNFEPIGSGTYVQYTTSPGSMIEETETKPTSFVKIEEGPSPTGFTAYRPSEQLYTPISVPFSTYGPSADHSQAESIGLSSISLGQPTTGPQLTTQQSKESYGTSGILGQGSYVPYTISTEAEVGTTGQPKPGLFGLSGSNSVMSVQNGPLGPGLYIPYRNAKGAAVAATSQIEPSPYEPHIGAADSSQSISVQPALGYIGPSTSISYESSTGQSNVAVEPNGSEVHNSLSPPETTTVVTVSPVNKKAVLKSASRLSSLLTTSRVSTAISFLLDSGRFNPSSLSKVISYLIKSIYEYQPSVSGDEMLLQVLLEMIVSLVHILLSASIGQVGNCPSSSSSLVGQSITHAIGS,Spidroin,1.2525566816329956
124,3796,0.147,8.62,1.03,26.9,GAGSGQGGYGGQGGYGQGAGDGAAAAGGAAAGQGGYGGQGGLGGYGQGAGAGSAASAAAVVAGAGQGGYGGQRGNGQGAGAAAAAASAARAGQGGFGGYGQGFGAGATSSAGVGTTVSNTVSRLSSASAASRVSSAVSSLVSNGQVNVAALPSIISNLSSAISASATTASDCEGLVQVLLEVVSALVQVVSSSNVGNVNTSSTDYTNLVANALSSLYG,MaSp1,1.4221745729446411
128,5828,0.144,13.6,2.06,15.8,SVGSGSQGPYGPGSQGPGSQGPYGPGGASAAAAAASGYGSGSSASAAAARLSSPSSRSRVSSAASSLVSNGATNSGSLSSVISNLASQISSSNPGLSGCDVLVQALLEVISALVHIVSSSSVGQVNYAASGQSVQVVAQALAQV,MaSp2,0.9823636412620544
129,2417,0.144,8.9,1.21,24.3,GSLGGQGTGAGGAAAAATGGAGQGGYGGLGGQGASAAGSAGQGGYGGLAGQRAGAAATGGLFDGSRDVGGFSFAVSGSSGGYRRGGYVGNSAAANAAASGSAPEADGRILGGNSAVPAAASSDASRSGGRGYGSSLGSVSASSAVGAVGGARFGQGKYSADLGRDSTATSAGVEGGSSRGRISLGVDDSVSVNISGAASRLSSPDASSRVTSAVSSLISNGITNTDALSSAISSVTSQLLMNNPGLSGCDVIVEALLEILSALVCILANSSIGDINYNYSGQSVEIVSQSALQALG,Spidroin,0.9442301392555237
132,199,0.143,6.34,1.04,26.8,GPGGQGPGSGGQQGPGGQGPYGPGSSAAAAAATGGYGPGSGQQGSGGQGPGSGGQQGPGSGGQQGPGDLGPYGPGASAAAAAALGGYGPGSGQQGPGGYGPGSGQQGPGGQGPGSGGQQGSGGQGPYGPGSSAATAAATGGYGPGSGQQGSGGQGPGSGGQQGPGGQGSGGQGPGSGGQQGPYGPSSAAAAAVALGGYGPGSGQQGPGSQGPGSGRQQGPGSGGQQGPGGQGPYGPGSSAAAAATRGYGPGSGQKGSGSQGPGSGGQQGPGGQGPGSGGQQGPGGLGPYGPGASAAAAAAFGGYGPGSGQQGPGGYGPGSGQQGPGGQGPGSGGQQGPGGQGPGSVGQQGQGGQGLYGPSSAAAAAVALGGYGPGSGQQGPGGQGPGSGGQQGPGGQGPGSGGQQGPGGQGPYGPSSAAAAAVALGGYGPGSGQQGPGGQGPGSGGQQGPGGQGPYGPGASSAAAAAAGGYGPKSGQQGSGGQGPGSGGQQGPGGQGSYGPRSSAAAAAALGGYGPGSGQQGPGGQGPGSGGQQGPGGLVSYGPGAASAAVSVGGYGPRSQGSSSPVASAAASRLSSPAATSRVSSAVSSLVSSGPTNPAALSSAISSVVSQISASNPGLSGCDVLVQALLEIVSALVSILGSASIGQINYGASSQYARMVGESVAQALV,MaSp2,1.1243481636047363
133,6849,0.142,8.65,1.6,18.9,MFGFTRLALSVLAVLCAQQIYAHGAGNSPWSSKENAIKFVNLFLQYVGQTGAFTSDQLSDMSQIADTLMSAMDRMSGKSTKAKLQALDMAFASSMAEIAIVETGGQSLPVKTNAIATALNSAFYQMTGQGNAQFVNEIRALISMFAQSSDNEVSGSSSAAAASASSGGGQGGYGQGGYSQGGYGQGGSASASAAAAAAGGAGQGGYGQGRQSGAGSAAAAAAAASGAGQGGYGQGGQGSYGQGGQGGAG,MaSp1,0.7476447224617004
142,6774,0.14,6.31,1.11,28.3,MKWSTRFSLFFLVLFIQGFLSQGQTIWNNPDAAISITNNLVQCAGRSGVFSADQMDDLGSVAESTNSQMMKLGGNAPQHKKKALTTAMNAGIAEVVASSSAESYSAVLNTIGGCMRESMMQVTGSVDNTFVNEMMQMINMFAADNANAVSASASSSASSSSSVYGGGYASGAAAGAGASAAAGAGSAGGYGGGYGSGAGAGAASAAGAGAGGASGYGGGYTSGSASSSASASSSTSNSSSVYGGGYGSGTGAGAGAAAAAGAGAGGAGGYGGGYGSGAGAGA,MiSp,1.1610428094863892
145,1421,0.139,6.48,1.01,26.7,QGGQGGYGGQGGPGGQGGRGGQGGLGGYGQGAGAGAAASAAAATGSGQGGQVGYGGQGGVGGQGGLGGYGQGTGVGAAAAAAGSGQGGIGGYGGQGALGGYGQGAGVGVRAGQGGLGLYGSSYQSSTTYSTSSGSGLGGYGQGSGAGGANGAGSGRGGYGGQVGLGGYVQGAGAVSAASSAGGAGGSGYGGQGAAGGYGQGTGLGSGGAGQGGLGGYGQIAGPGAAFAASGAAGSGQGGLGPYGSSYQSGTSYTVTSQGSAAGLGGYGQGSGTGAAAAATGAVGSGQGGQGGYLQGAGAGAGAGQGGLGGYGEGAGSATATAAATGGSGTAQGGYGGPSGQGLLVGYGQGAGAGAAAVGAGNVGNTVVNTVSRLSSPTAASRVSSAVSSLVSNGQVNVASLPYVLSNLSASISSTNAALSECEILVQVLLEAVSALVQIASSANVGNINLNASSDYASLVGSSLSNLYG,MaSp1,0.8796607851982117
147,2669,0.138,8.62,1.08,28.0,AAAAAGGLGGQGGQGGYGSGGQGGQGQGQGGRGSGAAAAAAAAGGLGGQGGQGGYGSGGQGQGQGGYGSGAAAAAASAAGGSGGQGGYGSGGQGGQGGYGSGAASAAAAASSSVSRLQSPAATSRVSSAVSSLATSGVASSGALSSVISNLSSSVSAAHPGLSGCELLVQVLLEVISALVAILGSSTVGPVNIGQSASYSGMVGNAIASALL,MaSp1,1.0387498140335083
148,314,0.138,7.36,0.99,24.4,GQGGLGGYGQGAGAGAGAAAAAAGAAGAGQGGYGQGGRGGYGQGAGAGAAAGAAGAAGAGQGGYGQGGLGGYGAGAGASAAAAGAAGVGQGAGEGAYGYQSSSQYSLSLSAEAAGYGAGAAGGYGQGVGAGAGAGAAAAAGSGQGGQGGYGQGAGAGAGAAAGGAGAGGYGQGGYGQGAGAGAAAGASAAAGSGQGGRGGYGQGVGAGSGAGGAGAGGYGQGGYGQGAGAGAAAAAAAAAGAGQGGRGGYGQGAAAGAAGAGAGGYGQGGYGQGAGAGAAAGVAAAAGSGQGGRGGYGQGVGAGAGAAGAGAGGYGQGGYGQGAGAGAAAGAAAAATAGAGQGGRGGYGQGAAAGAAGAGAGGYGQGGYGQGAGAGAAAGAAAAAGSGQGGRGGYGQGAGAGAGAGAAAGAGAGGQGGYGQGGLGGYGSGAGAGAAAASAAGAGQAGYGGYGQGAGSGSGAAVAGAGQGGYSGYGQGAAVSAGASTTVVNSVSRMSSASTASRVSSAVSNLVSNGQVNVASLPGIISNISSSISASSPGASECEILVQVLLEVVSALLQIVSSANIGEINLNASSDYASMVGSSLQNVYG,MaSp1,1.166651725769043
154,5838,0.135,13.7,2.34,13.0,GSGQQGPGQQGPGQQGPGGQGPYGPGSSAAAAAAAGGYGPGGGQQGPGQQGPGQQGPGQQGSYGPAASAAVSAAGGYGPQGSSAPLASAAASRLSSPAASSRVSSAVSTLVSSGPTNAAALSNAISSVVSQVGASNPGLSGCDVLVQALLEIVSALVHILSSSSIGQINYGASGQYAQIVGQSVAQARV,MaSp2,1.2278331518173218
155,6339,0.134,14.6,1.14,21.4,MGSSRLALAFLALVCTNALFVAAQGATPWDNPNMADAFMQGFMGGIARSGAFSQDQMSDMQDISSSMQDSVNRMARSGRSSKSKLQAMNMAFASSMAEIAAAEAGGASMAAKTSAIADALRGAFLQTTGVSNEQFINEISALISMIGQNAVSASASASAGGGGGGGGGYGGPSYGGGYGPSQGASSVSVSASAAGGGPGGRGPSAPAQQGPGGYGPSVSSAATAAAASGGQGPSGPGPQGPSGPGGYAPSSQGSAGPSGPGGYGPSGPGASAAAAAAASGPGGYGPGSQGPSGPSGPGAYGPGRQGPSGPGGPGASAAAAAAAASGPGGYGPGSQGPSGPSGPGGYGSGSQGPSGPSGYGPSGPGSQGPGGPGASAAAAAAAGGGPGGYGSGGQGPSGPGGPGGYGPG,MaSp2,0.9129133820533752
157,1794,0.133,11.2,1.12,19.3,GGYGAGGYGQGASAAAAAAAAAAAAAGGAGGAGQGAGGAGSGAAAAAAGAGGAGGAGGSGGYGQGASAAAAAAAAAAAAAGGAGGYGQGAGGYGAGGYGQGASAAAAAAAAAAAAAGGAGGAGQGAGGAGSGAAAAAAGAGGAGGAGGSGGYGQGASAAAAAAAAAAAAAGGAGGYGQGAGGYGAGGYGQGASAAAAAAAAAAAAAGGAGGAGQGAGGAGSGAAAAAAGAGGAGGAGGSGGYGQGASAAAAAAAAAAAGSGGAGGYGQGAGGYGAGGYGQGASAAAAAAAAAAAAAGGAGGAGQGAGGAGSGAAAAAAGAGGAGGAGGSGGYGQGASAAAAAAAAAAAAAGGAGGYGQGAGGYGAGGYGQGASAAAAAAAAAASAAGGAGGAGQGAGSGSGAAAAAAAGGAGGSGGSGGYGQGASAAAAAAAAASAAASRLSSPSATTRVSSAVSSLVSGGPTNVNSLSNTIGNAVDQVRASNPGLSDCDVLVQALLEITSAAVHILGSASLGQINYASAGQTAQAVAQSVYNALG,MaSp1,0.8846926093101501
160,3349,0.132,10.7,1.08,20.0,GAGAGAAGQGGYGAYGASSQTSSGFSLSVSSQGQSGYGQGIGIGAGAGAAAGAGAGAGAGAGAGYGQGLGAGAGAGAGAGAAAGAGVGAGVGAGYGQGVGVGAGVGVAVGADARAAVSNSVSRLASGAASSRVSSAVSTLVQNGQPNLSSLPNVISNLSSQVSASTPGASGCEVMVQVLMEIVSALVHILGSASVGYVDTSSVGNSAGLVGSAMSNTLG,MiSp,0.9023522734642029
161,217,0.132,8.41,0.77,25.2,SGAGAGSGSGAGAGSGSGAGAGSGSGAGAGSGSGAGAGSGAGAGAGAGSGSGYGQGSYTSYSQYGYSNYGQGAGSGAGAGSGSGAGAGSGSGAGAGSGAGAGAGAGAGAGAGSGSTASTVYNSVSRLSSSSASSRVSSAVSNIVYAGGLNPDSLSNVIADVSAGVAASNPGLSGCDLLVQTLLEVIVALVHILSSADLSYVDASAAAQSAVAVGSAVQNGFLMY,MiSp,0.6140469908714294
165,3835,0.131,10.4,0.81,8.9,QGPGGLAPGGQGPGGQGSGDTGPGGQRPGGYGPGGQGSGASRQGATAAVATASAAAAAVSVAPVGQGPGGYGSDGQGAGGMAPGGYGPGGQGQGGTGPGGQRPGGYGPGGQGSGGTGRGGQGPGGYGPGGQGSRGTGPGAQGPGGYGPGGQGSGGSRQGAPAAVATASAAAAAVSVAPGGQGPGGMTPGGQGPGGYGPGGQGPGGSGPGVQVPGGTGPGGRGQGGTGPGGQGPEGTGPGGESPSGSSLPLSIRRLSSPAAAYRISNAVTRILSSGGPSIQSLSNVMGQLFANVSVSHPGLSGCEILVQVLLEIIATLVHIMNYSSYGEVNIDSSSASARTVAQAVSYAI,MaSp,0.7073162198066711
167,193,0.131,11.7,1.13,57.1,QGYGQGAGAGAGAAAAAGVGAGAGAGYGAGAGRGYGQGAGAGAGAGAGQGYGQGAGAGAGAGTGRGYGQGAGAGAGAGVGAGAGAGQGYGQGAGAGAGAAAAAGAGAGAGAGYGAGAGRGYGQGSGAGAGAGAGQGYGQGAGAGAGAAAAAGAGSGAGQGYGQGAGAGAGAGAGAGAGQGYGQGAGAGAGSGAGAGQGYGQGAGAGAGAGAGQGYGQGAGAGAGAGQGYGQGAGAGAGAAAAAAGGAGAGTGTGYGAGQGYGAGAGAGAAAGSGAGAGYGAGQGAGAGAGYGAGAAAGAGAAAAVSSAAPVVYNTVNRLSSSSATSRVASAVSSFVASGGPSMDSLSNVISQLSSSVAASEPGLSGCEVLVQVLLEVVSALVHVLSSSSIGYVDPNAAGQYSGMVGGAMGNVLG,MiSp,1.2682483196258545
168,3857,0.13,6.84,0.97,30.8,QGGGQGAGQGGYGSGLGGQGAGSAAAAAAAGGAGGRGGLGGQGGGLGAGGAGQGGYGSGLGGLGGGSVAAAAAAGGAGGLGGQGGYGGQSGYGGQGGYGGGYGGQQVAASAATASAAASRLSSPDASSRVSSAVSSLVSSGATNPAALSNTIGSVVSQIGASNPGLSGCDILVQALLEVVSALIQILASSSIGQVNYGATAQSTGIVSQSISQALG,Spidroin,0.9276548027992249
170,2270,0.129,7.93,1.32,21.5,GGGQGGDGYDGGYDGQGGSSAASAATSGSGRDGRRGGYGQGGSGASSAAAAASNGSGGDGSGRGYGGQGGYGPGGSSATAAAAGSGGGQSGNGYDDGLGGLGEYGPGGSSTAAAAAASGGQGGDGYDGGYGGQGGSSAASAATSGSGRDGRLGGYGQGGSGASSAAAAASNGSGGDGSGRGYGGQGGFGPGGSSAAAAAAGSGGGQGGKGYDDGFGERGGYGQGGSSAAAAAASGASGGSGAGQGFYGGGLRDSVAVASSAASRISSPSSQSRVSSAVSVFSDGGIEYPETFSSVYNNIYSDIASSNPNLSGCEVLVQTLLEVVSAILSSSSGLDTGSSTSFISSAIGPNY,MaSp3,1.19367516040802
176,2792,0.127,6.85,1.03,25.3,LGGQGGGQGAGQGGYGSGQGGQGAGSAAAAAAAGGAGGRGGLGGQGGGQGAGGAGQGGYGSGLGGLGGGAAAAAAAGGAGGLGGQGGGQGAGQGGYGSGQGGQGAGSAAAAAAAGGGGGRGGYGGQGGQGAGGAGQGGYGSGLGGLGGGAAAAAAAAGGAGGLGGQGGGQGAGQGGYGSGQGGQGAGSAAAAAAAGGAGGRGGFGGQGGGQGAGGAGQGGYGSGLGGLGGGAAAAAAAGGAGGLGGQGGGQGAGQGGYGSGQGGQGAGSAAAAAAAGGAGGRGGYGGQGGQGAGGAGQGGYGSGLGGLGGGAAAAAAVGGGAGGLGGQGGGQGAGQGGYGSGQGGQGAGSAAAAAAAGGAGGRGGLGGQGGGQGAGGAGQGGYGSGLGGLGGGAAAAAAAAGGAGGLGGQGGGQGAGQGGYGSGQGGQGAGSAAAAAAAGGAGGQGGYGGQGGQGAGGAGQGGYGSGLGGLGGGAAAAAAAAGGAGGLGGQGGGQGAGQGGYGSGQGGQGAGSAAAAAAAGGAGGLGGQGGYGGQSGYGGQGGYGGGYGGQQVAASATTASAAASRLSSPAASSRVSSAVSSLVSSGPTSPAALSNTISNVVSQVGASNPGLSGCDVLVQALLEIVSALIHILGSSSIGQVNYGATAQSTGIVSQSISQALG,MaSp1,1.1522035598754883
178,3313,0.126,8.43,0.91,21.7,ASAAGSAGQGGYGGLDGQRAGAAATGGLFDGSRDVGGFSFAVSGSSGGYRRGGYVGNSAAANAAASGSAPEADGRILGGNSAVPAAASSDASRSGGRGYGSSLGSVSASSAVGVVGGARFGQGKYSADLGRDSTATSAGVEGGSSRGRISLGVDDSVSVNISGAASRLSSPDASSRVTSAVSSLISNGITNTDALSSAISSVTSQLLMNNPGLSGCDVIVEALLEILSALVCILANSSIGDINYNYSGQSVEIVSQSALQALG,MaSp,1.198123574256897
184,6821,0.125,14.5,2.27,13.0,MGWIQRLAIPLVIFVLQISLSLGQKQNTPWTNSATAEQFMGSFLQRMAEEPAFTTSQLDDMSSIGETIMMSVKKFQQTGKSSAHKLQALNMAFASSIAEIAVSEEGGASIDDKTNAIANALSAAFMQTTGVVNTAFVNEIRQLVTMFAQANINDVGVGGAGASAAVSTGAGVAAAAAGSGSYGQGGAGYAAAGGYGSQTSSSISLSITGQTGQVSGAGAGVGTAAGISAGAGVSGGYGGAGAQGGYGARAGTGAGGYGAGGQGGYGAGAGSAAGSGAGAGAGGVGGYGAGAGTGAAAGAGAGAGGYGAAGASGGYGTGAGAFAGAAAGAGAGAGTGGAGTGGAGGYGAGAGTGAAAGAGAGAGGYGAAGASRGYGTGAGAGAGAGAGAGAGGVVGYGAGAGTGAAAGAGAGAGGYGAAGASGGYGTRAGAVAGAAAGAGAGAGTGGAGGYGAGSGTGAAAGAGAGAGGYGAAGASGGYGTRAGAVAGAAAGAGAGAGGYGAAGASGGYGSGAGAGAGAGAGAGAGGAGGYGAGAGTGAAAGAGAGAGGYGVAGASGGYGTRAGAVAGAAAGAGAGAGTGGAGGYGAGSGTGAAAGAGAGAGGYGAAGASGGYGTRAGAVAGAAAGAGAGAGTGGAGGYGAGSGTGAAAGAGAGAGGYGAAGASGGYGTRAGAVAGAAAGAGAGAGTGGAGG,MiSp,1.228039026260376
185,3546,0.125,8.47,0.74,24.6,GSGPFGSGGYGPGVGPSGPTQYGPGDGSSSAAAAAASFAGGSGTGQYGPGTGRSGSGGYGPGSGPAGPSQYGPGFGLSAGAAAGAGASGSGQYAPGRGPSGPGGYGPGAGPSGPSLYGPGSGSSSAAATAASAGAAGGQYGPGTGPSGPGGYGPGSGPAGPSQYGPGSGASAAATGTSSSRQYTQVRGPSGPDGYGRRAGQSGPSQYGTGSGSNSVATVAATAGGALGPGQYGPGTGPSGPGGYGPGSGLVSGPAGPSQYGSRSGSIAGAAAASSSSGSSGPGQFGPGTGSSGSGQYMPIAYGATSLSSSTASGSVARLSSPPSSARVASAASSLASSGLSNPSSISGVFSDLSNSVAASHPGLSECEVLVQVLLEVIAALVQILSSSSVGQVSSSSDYYASLVGQAIVNAFSG,MaSp,0.93351811170578
193,2579,0.12,7.57,0.75,27.2,GGQGGYGQGGQGSGSGAAAAAAAASGGQGGQGGYGQGGQSGQGGQGGYGQGGQGSGAAAAAAAAAAGGQGGQGGYGQGGQGGQGGYGQGGQGGQGGYGQGGQGQGSGAAAAAAAASGGQGGQGGYGQGGQSGQGGQGGYGQGGQGSGAAAAAAAAAAGGQGGQGGYGQGGQGGQGGYGQGGQSGQGGQGGYGQGGQGQGSGAAAAAAAASGGQGGQGGYGQGGQRGQGGQGGYGQGGQGGYGQGGQGGYGSGAAASAAAAVSSSVSRLSSPSSSSRVSSAVSTLASAGGANSGALSSVISNLSSSVSAAHPDLSGCELLVQVLLEVISALVTLVGSSTIGQVNVGQSSQYSGLVANAIAQALAY,MaSp1,1.1563223600387573
194,6965,0.118,10.9,1.45,18.2,MSSSRLALAFLALLCTNALFVAADGPTPWDSPNMAESFMNNFMGGIASSGAFSGDQMGDMQDIAGTMQDSVNKMASTGRSSKSKLQAMNMAFASSMAEIAAAEAGGASMAAKTSAITNALRGAFLQTTGVSNEQFINEIATLINLISQSNVNTVSASASSGGGGGGGYGGPAYGPSSYGPSQGASSVSVSASAAGGGSGGQGPSGYPQQGPGGYGPSGPGASAAVAVAGGQGPSGPGPQGPSGPGGYGPSSQGPSGPGASSAAAA,Spidroin,1.128149151802063
195,5654,0.118,6.53,1.16,18.9,GGYGEGLGAGAGAGAGAGAGAGAGAGAGAGGLGGYGQGLGAGSGAGAGAGVGVGVGVGAGYGQGAGAGGYGQGYGVGAGAAVAVGADARAAVSNSVSRLSSGAASSRVSSAVTSLVQNGRPNIASLPNVISNLSSQISASTPGASGCEVMVQVLLEVVSALVHILSSANVSNIDLSAVGNSANVVGSALMG,MiSp,1.2259238958358765
196,7447,0.118,9.77,0.97,19.6,MGFSARLAIPLVLLIVSAVTEITSGQGAANTPWQSPQLLESFMGSFLASVSRQGIFSGDQLDDMESIVDTLKMSMNKMASSGKSSRSMLQALNMAFASSIAEIAVVEQGGASLSQKSNGIVQGLTDAFLQTTGAVNSKFVNEIGELIQMFAQVSANEIGGAAAGAAATAGAQGYGAAYGTSTGGAAGAGYVQTATTGSGTAYGKSAGTGIAVSVGAGSGAGAGAGYGQRTGAAASQRAGAGYGQGAAAGAGVGTGYGQGAGAGTGYGQGAGAGAGLGAGASSGAGYGQGAGAGAGAGYGRGSGAGAGYGQ,MiSp,1.4005905389785767
198,5771,0.117,9.54,1.37,14.6,PVSVQQSYGSTGPGSSSSSVSVSASTAASALSSPASNARISSVASNLVSSGPVNSQVLSSTIGNVVSQIQSSNPGASSCDVLIQALLELVTALVHILGSANVSSVNPQAAGSTAEMVSQSVQQVYG,MaSp,0.9595540165901184
200,5852,0.117,10.1,1.89,17.9,GAGQVGPGGLGLGGAGQQGPGGQGPNGPGSAAAAAAAAGGYGPGSGQQGPGGAAQQGPGGQGLGGAGQQGPYGPGSAAAAAAAAGGYGPQGPGGQGPGQTGPGQQGPGGQGPYGPGAAAAAAAAGGYGPGSGQQGPGQQGPGQQGPGQQGPGQQGPYGPGAAAAAAAAGGYGPGQQGPGQQGPGQQGPGGQGPYGPGGASAAVSVGGYGPQRPSAPVASAAASRLSSPAASSRVQSAVSSLVSSGPANSAALSNTISSVVSQISASNPGLSGCDVLVQALLELVSALVSILGSSSIGQINYGASAQYAQMVGQSLAQALV,MaSp2,1.0235315561294556
203,4382,0.115,3.34,1.3,21.7,GSAAGAAVGAGSGAGYGAGGYGSGAAAGSASGASAGSGSGYGDNGNGRGALAAAGTGSAAGAGADAGSGYGAGAGAGVGAGGYGSTAGYGTGAGGYGSGAGAAKGTGAAAGAGAGGYGAGSGAGAASGSAGGYGTGAGYGIGTGGAGGYGRGSGAGGASGAGAAAGAAAGAGGYGMGIGAGAGAAAGSGSAAGSSARSGYARGISTGLSSTASENINLSFNIGATAASQATSGYGTAVTSAGYGAGAGSAAGAAAGAGFGAGYGAGGYGGGAGATAGSASGAGAGSRAGYGDNGYGRGAGAAAGAESVAGSGAAAGSGYGAGAGAGAGGYGVGAGYVTGAGGYGRGAEAAAGAGSAAAAGAGGYGAGSGYGAGAASGSAGGYGSGAGYGTGTGGAGGYGRGAGAGGASGAGAAAGATAGAGSYGIGTAAGAGAAAVSGSAAGSSATSGYARGTSTGVSSTASQTRNQSYNTGATSASQTTSDYGTDVSSAGYGAAAGSAAGAAAGAGSGAGYGAGGYGSGAGAIAGSASGAGAGYGAGYGDSGYGRGAGAAAGAGSGYGAGAGAGAVGYGSGVGYGTGAGGYGRGAGAAAGAGAAAGAGAGAYGAGSGYGAGAASGSAGGYGSGAGYGTGTGGAGGYGRGAGGGSASGAGAAAGAAAGAGSYGMGTAAGASAIAESGSAAGSSVTSGYARGTSTGISSTASQTRNQSYNTGATSASQATSDYGTGVSSAGYGAAAGSAAGAAAGAGSGAGYGAGGYGSGAGAAAGSASGAGAGYGAGYGDNGYGRGAGVAAGVGSAAGAGAAAGSGYGAGAGAGAVASGYGSGAGYGTGAAGYGRGYGAAAGAGAATGAGAGAYGAGSGYGASAASGSAGGYGFGAGYGTGTGGAGGYGRGAGASGASVAGAAAGAAAGAGGYGMGTATGAGAAAESGSAAGLGATSGYARGTSTGVSSTASQTRNQSYNIEATSASQATSDYGTGVISAGYGAGTGSAAGAAAGAGSGAGYVAGGYESGAGAAASSASGAGAGSGAGYGDNAYGRGAGAAAGVGSAAGAGAAAGSGYGAGAGASGYGSGSGYGTGTGGYGRGAGAAAGEGTAAGAGAGGYGAGSGYGAGAASGSDGGYGSGAGYGTGTGGAGGYGRGAGAGGASVAGAAAGAAAGAGGYGMGTATGAGAAAGSGSAAGSSATSGYARGTSAGVSSTASQTRNESYNTGATSASQATSDYGTDVSSAGYGAGAGSAAGTAAGAGSGAGYGANGYGSGAGAAAGSASGAGAGSGTGYGDNGYGRGAVAAAGAGSAAGAGAAAGSRYGAGAGAAAGAGGYGSGAGYGTGAGGYGRGAGAAAGAGAGARTAAGGYGAGTGAGGGAGGYGSDAGYRRGAGGYVRGAGTAAGAGAAAGAGEYGAGSGSGAGSAAGAAAGAAAGSAGGYGSGLGYGTGSIGTSGYGKGAGPGGAAGAGAAAGAAAVAGVAAGSSAAGGYGRGTSTGVSSSTSQIASQSFNSGSTSASQGSSGYGSGVTSGGYGAASGAGFAAAAAGSGVGYGTGGGYGRGAGAVAGSGASAGYGGSLADVSSSVSSVASRLSSGESSSRIASAASSLVNGNSININALPSVIADVFAQVSASSQGLTSSEVLIETLLNIVSSLIAILGSSSVGGVDFGSIGSSSAAVGQSVQSALG,MiSp,1.2158567905426025
210,6784,0.112,7.93,1.17,17.4,MTWTTRLALSFLVVICSQSLFALCQSPWESASIAESFMTYFSDALERSGAFTNEQLDDIETIATSIKLGVDKMERNGKSSGSQLQAINAAFASAVAEIAVAEGGGQTTEIKTEAIADALAFAFVQTTGAVNISFINETRNLISMFAQRNTISSSADLASASAGRTAGINGYGQGEAKVAAGSGVAGQGDKEDKAGAGSGGYGQGAGNAGAAAAAAAAAAAAGGQGGYGQGGAGAASAA,Spidroin,1.010132908821106
211,1400,0.112,14.9,1.18,14.2,PYGPGAAAAAAAAAAGGYGPGSGLGGAGGAGQGSGGSGQQGPGGAGQQGPGGQGPYGPGAAAAAAAAAGGYGPGAGQQGPGSGGQQGPGSGQGGQGPYGPGAAAAAAAAAAGGYGPGSGLGGAGGAGQGSGGSGQQGPGGAGQQGPGGQGPYGPGAAAAAAAAAGGYGPGAGQQGPGSGGQQGPGSGQGGQGPYGPGAAAAAAAAAGGYGPGSGLGGAGGAGQGSGGSGQQGPGGAGQQGPGGQGPYGPGAAAAAAAAAGGYGPGAGQQGPGQQGPGSGGQQGPGGQGPYGPGAAAAAAAAAAGGYGPGSSQQGPGSGGQQGPGSGGQQGPGGQGPYGPYGPGAAAAAAASAGGYGPGSGQGQGSPASAAASRLSSPQASSRVSSAVSALVSSGPTSSAALSNTIGNVASQISASNPGLSGCDVIVQALLELVSALVHILGSSSIGQINYGASGQYASLVGQSVAAALG,MaSp2,1.2760080099105835
215,2156,0.109,12.3,1.12,17.6,GVGGLGGRRGYGGAGGSSSSASAAAAAGSGTGGLGGLGLYGQGSGLGAGSGSGAGAGAGAGAGAGAGAGAGAGAGAGAGAGGLGDLGGYGGAAGSSSSASAAAAAGSGAGGLGGLGLYGQGSGLGAGAGAGAGAGAGVGVGAGSGAGGLGGDGYDAYGINSQSSSGFSFSLLSQRQYGPGQSLGGVSGAGAAAGAAGAGGLGGVGGYGQGSGLRSGAGAGAGAVAGGLGGLRGYGGAAGSGSSASAASAAAAGARGLGDLGLYGQGSGLEAGIGAGVGTGAGAGAGVGGLGGYGGAAGSSSSASAAAAAGSGIGGLGGLGLYDQGSGLGAGVVAGAGAGAGAGAGGLGGLRGYRGAGGSSSSASAAAAAGSGVGGLGGLGLYGQGSALGAGAGAGAGAGAGAGSGAGAGSGSGAGGLGGLRGYGGIAESSSSASAAAAAGSGDGGLGGLGLYGDSYGLEAGAGAGAGAGAGSGFGAAGLGGLGGYGGAAGSSSSASASAAAGSGTGGLGGLGLYGQGSGLGAGAGAGAGAGAGAGAGAGAGAGAGAGSGLGGLGGYGGAAGSSFIASAAAAAGSGTGGLGGLGLYGQGSGLGDGVGAGAGGLSGQGIGAGAGVAVSVGADAQAAVSNSVSRLSSGAASSRVTSAVSSLVQNGAPNLSALPNVFSNLSAQVSASSPGASECEVIIQVLLEVVTALVNVLSVANVGPIDLSSVGNAAGLVGDAVMG,MiSp,1.2549681663513184
219,3900,0.106,8.17,0.91,18.0,GSGGRGGFGGRGGDDAAAAAAAAGGDGLGGYGRGYGAGLGGRGGSASAAAAAADGSGGRGGFGGRGGDDAAAAAAAAGGDGLGGYGRGYGAGLGGRGGSASAAAAAADGSGGRGGFRGQGGDDASAAAAAAGGDGLGGYGRGYGAGLGGRGGSASASAASASGPGSQGGLGSQSGGSSSVAVTSASSRILSPSSVSRISDAASVLLGYDQGNSASFSNVYSNMIYDISSSNPGASECEIQIQALLEVISAMSMSLYNFNAQESVGYVNQCFNI,MaSp3,1.3078588247299194
220,6838,0.106,8.73,1.09,18.7,MGWISRLAILLLFLFQSSGSFGQSSNNPWNSAKSAETFMASFMDGLNSGGGFSKEELDDMDSIGDMIMASIDKMARQGKSKKNMLQALNMAFASSVAEIAVTENGGAGINQKVDAIEKALISAFLQTTGVVNRSFLDEIRQLVLMFAEANANDVDNSSSSASAAAAAGAGSGGYGQGFGTGTAGASGAYSQSVSTGVRSGSAGGYGGDSGGARGGAAGYSTSTASSYGSSYSSSGGSGGGSGYTSDGGSSSGSGGGSGYGSGGGSDYGGGYGSGGAGGYGGGPGGTSSAFSVASASSFGSGGPGGYGGGSGSGAGAAGGGAGGYGSGGAGGYGAGSGSGAGAGSGAGGGGGYGSGGAGGYGGGSGSGAGAGSGAGGAGGYGADGRGSVSGAYGYSVAP,Spidroin,1.0736695528030396
221,2429,0.106,8.29,0.93,20.3,AAGGFGPGSGQQGPGGAGQQGPGAQGPYGPGAAAAAAAAGGFGPGAGQQGPGSGGQQGPGSQGPYGPGAAAGGYGPGAGQQGPGAGGQGPYGPGAAAAAAAAGGYGPGAGQQGPGAGQQGPGAGQQGPSTGGQGPYGPGAGQQGPGAGQQGPGAGQQGPGGAGQRGPYGPGAAAAAAAAGGFGPGAGQQGPSTGGQGPYGPGAGQQGPGAGQQGPGGAGQRGPYGPGAAAAAAAAGGFGPGAGQQGPSTGGQGPYGPGAGQQGPGAGGQGPYGPGAAAAAAAAGGYGPGAGQQGPGAGQQGPGAGQGPYGPGAAAAAAAAGGYGPGAGQQGPRSQAPVASAAASRLSSPQASSRVSSAVSTLVSSGPTNPASLSNAISSVVSQVSASNPGLSGCDVLVEALLEIVCALVHILGSSSIGQINYAASSQYARMVGQSVAQALG,MaSp2,1.2059481143951416
222,3534,0.106,10.1,0.97,16.7,GAGYGQGAGAGAGAGAGYGQGSGLGAGAGYGQGAGGGAGAGAGSGTGYGQGAGAGAGDGAGSGAGLGAGAGYGQGAGAGYGQGAGAGTGAGYGQGAGTGAGAGAGYGQGAGAGAGAGAGAGSGAGYGQGAGVGYGQGAGAAYAVSSDASSAAYNSVSRLSSSSATSRVSSAVSTLLSSGGPNVNALSNVISNLASSVSASNPGLSGCEVLVQTLLEVVSALVHILSSSNIGNVNVSDAGSYSSMVGQSVAQVFA,MiSp,1.198978304862976
225,2682,0.106,13.0,0.79,20.3,GAGAGAGAGAGAGGAGGYGQGYGAGAGAGAGAAAAGGAGAGAAGGAAAGGAGGYGQGYGAGAGAGAAAAAGAGAGAAGGYGRGAGAGAGAGAGAAAGAGAGAGAGAGAGGAGGYGQGYGAGAGVGAAAAAGASAGAAGGYGRGAGAGAGAGAGAGGAGGYGQGYGAGAGAGAGAGAAAAAGAGAAGGYGGGAGAGAGAGAGGGYGQGYGAGAGAGAAASAGAAGAGAAGGYGQGYGAGAGAGAGAAAGAGAAGGYGGGAGAGAGAGASAGSYAGAVNRLSSAAAASRVSSNVAAIASAGAAALPNVISNIYSGVLGSGVSSSEALIQALLEVISALIHVLGSASIGNVSSVGVNSALNAVQNAVGAYAG,MiSp,1.1175059080123901
228,6079,0.104,5.92,1.51,16.2,MQWPTQLSLLFLVLCAQSMTALGSIWSSTAGAEAFIGAFTSSLGATGLLNADQMDDVSSIKDGILRTIEKNPNKNSKSKLQGLNMAFASSVAEVAFSGDSGASVSAISAAIIDSMNQAIIQTTGTSDQVFLSEIGRIINMLAQDFAEASAGASASAGASAGAYGAGGGYGTGAGAGAGAGAGAGAGAGAGAGTSAGGYGNAIQYSSGSTGFSSASSSQASSQTYNTQGSYSSQGYGSGSGAGAAAGAGAAGAGGYGSGYGSGSGAGAGAGAGAGAGSGAGYGVGYGAGQGYGAGSGAAAAAAAAAAAAAAAGAGSGSGA,MiSp,0.9119972586631775
230,1793,0.104,12.1,0.94,17.3,AAAGSGGPGGSGPGGAGPGEYGPGGYGPGGAGPGGYGPGGYGPGGAGPGAASAAAAASAAGGGGGGQGGSEEIIYESSAPGGYGPGSSGPGGYGPGSSGPGGYGPGVSGPGGASAAAAAAAAASSSGGPGGSGPGGYGPRGSGPGGAGPGGYRPSGYGPARSGPGGASAAASAAAAISSPASTSRISSVASRLASGGPINVSNLSNTIGSVVSQVQSSNPGASECEYFVQALLEVVSALLHVLGSSSIGNVNYGSAGQTSSMVAQAVNQLYR,MaSp2,1.1117721796035767
233,5570,0.103,5.42,1.2,23.4,GAGAGAGFGSANYGQYSTSTSMTSQYGSAYGQGSASGAGAGAGAGAGAGSGAGAGSGAGSGAGVGYGAGAGSGAGAGAGYGAGAGSGAGAGAGYGAGSGSGAGAGEGYGAGAGYGVGSGAGAGSGAGAGYGAGAGYGSGAGSGAGVGAGSGAGYGAGSGAGAGYGAGSGAGSGAGAGSGYGVGSGASAGAGAGSSVASTVYNSVSGLSSSSAVSRVSNAAQALVSSGGVNSGSLSNAVSTISSSIAQSNPGLSGCEVMVQTLLEVISALVHILSSAQINPPNGDAYATANSVASAMSTAFRG,MiSp,1.0727263689041138
234,3755,0.102,13.0,1.31,14.2,GSGAGAGAGSGAGAGAGSGAGAGAGAAAGAGAGSGAGAGAGAAAGAGAGAAGGYVGGYGAGSGAGAGAAAGASAAAGAGAGAGRGAGYGAGSGVGSGAGAGAGAAAGAVSGSAGGYGGGYGAGSGAGAGTAGGYGAGYGAGSGAAAGAGAGAAAGSGAGRGVGYGAGSGTGAGAGAGAGAYGGAGTGNRAGDAFGQSFAQTMLSSGVISTETVTTATAQSAASSFASNAAQSLGLDAGTANYLSSQLSSMAASIAQANQNQADFVQAMSYAMGKILSDSGAINESNASSAGSSASSTVTQTIKTSGPSVIFSGPASGGYGSGSGSGAGAGAGAAGYGGGYGAGAAGYGGGYGAGTGAGSGAAAGAGAGAGAAAGIAGASGYGGGYGAVAGAGAGAGAGAGAGSSAGAAAGASAAAAGSVNRVSSNIGSLVSGGPGAISSVVSNIFSGVSASAAGASYNEILTEALIEVIATLLHIISNSSVGYVGTEGLGDSMAMVQQAIGPLVG,MiSp,1.198944330215454
235,708,0.102,2.59,0.6,31.0,AAAAAASGGAGPGRQQGYGPGGSGAAAAAAAAAGGSGPGGYGQGPSGYGPSGPGAQQGYGPGGQGGSGAAAAAAAAAGSGPGGYGPGAAGPGSYGPSGPGGSGAAAAAAAASGPGGQQGYGPGGPGASAAAAAAAGGSGPGGYGQGPSGYGPSGPGAQQGYGPGGQGGSGAAAAAAAAAGSGPGGYGPGAAGPGNYGPSGPGGSGAAASAAAASGPGGQQGYGPGGSGAAAAAASGGAGPGRQQGYGPGGSGAAAAAAAAAGGSGPGGYGQGPSGYGPSGPGAQQGYGPGGQGGSGAAAAAAAAAGSGPGGYGPGAAGPGNYGPSGPGGSGAAASAAAASGPGGQQGYGPGGSGAAAAAASGGAGPGRQQGYGPGGSGAAAAAAAAAGGSGPGGYGQGPAGYGPGGQGGSGGAAAAAAAASSGPGGYGPGAAGPGNYGPSGPGGSGAAAAAAAASGPGGQQGYGPGGSGASAAAAAGGAGPGRQQAYGPGGSGAAAAAASGSGGYGPAQYGSSSVASSAASAASALSSPTTHARISSHASTLLSSGPTNSAAISNVISNAVSQVSASNPGSSSCDVLVQALLELITALISIVDSANIGQVNYGSSGQYAQIVGQSVQQALG,MaSp2,1.0983256101608276
237,6019,0.102,10.7,1.25,15.2,MTWTARLALSLLAVLCTQGIFAQGQNNPWSSTELADAFINAFLNEAGRTGAFTADQLDDMSTIGDTLMTAMDKMARSNKSSQSKLQALNMAFASSMAEIAAVEQGGMSVAAKTNAIADSLNSAFYQTTGAVNVQFVNEIRSLISMFAQASTNEVSYGGSGAASASAGGGQGGYGGQGAGAAAAAAGGAGQRGYGGVGNQGAAAAAAAGGAGQGGQRYGGQGAGAAAASGAGQGGRGYGGQGAGAAAAAAGGAGQGYGGQGAGAAAAAAAGGAGQGGRGYGGQGAGAAAAAAGGAGQGGRGYGGQGAGAAAAAAGGAGQGGRGYGGQGAGAAAAAAGGAGQGGYGGLGSQGAGQGAAAAAAAGGAGQGGYGGLGGQGAGAAAAAAAGGAGQGGYGGRGGLGAGQGGYGGQGAGAAAAAAAAGGAGQGGYGGLGSQGAGQGAGAAAAAAGGAG,MaSp1,1.5647344589233398
239,6367,0.101,8.76,1.46,14.2,MQWPTRLTLLTIVVCAQSYSALGASIWSSAAMAETFMQSFTSALGRSNILEADQMDDIASISDTLMSAVEKSGGKKNKLQALNMAFASSVAEIAFADMTGKPVDVKSNAILNALSEAFLQTTGFVDSYFIQEIGGLINMFAQVTANESDTSGAASASAAAAVSADSYGGRSVYKASTVAGTGISAKGDYGAYGSGAGTGAVASAGAGVSGAGYGAYGAGAGASAAATAGAVAAGAGGYGRGAGAGAAAGAGAGGYGGQGGYGAGAGAGAAAATAAGARGASGYGAGAGVGAAAAAGTGAGGAGGYGRGAGAGAAAGAGAGGAGGYGGQGGYGAGAGAAAAAGAGAGGAGGYGRGAGAEPAAGAGAGAVSAGGYGGQGGYGVGAGAGAAAAAGAGAGGAGGYGRGAGAGAAAGAGAGAGGDGGYGGQGGYGEGAGADAAAAAGAGAGGAGGYGSGAGSGAGIGAGAGAGAGGANGYGGQGGYGTGEGAGAAAAAGAGAGGAGGYGRGAGSGAGIGAGAGAGAGGYGGQGGYGTGAGAGAAAAAGAGARGAGGYGRGAGAG,MiSp,1.1833338737487793
241,2194,0.101,10.5,1.18,22.3,GGLGGLGLYGQGSGLGAGAGAGAGAGAGAGVGVGAGSGAGGLGGDGYDAYGINSQSSSGFSFSLLSQRQYGPGQSLGGVSGAGAAAGAAGAGGLGGVGGYGQGSGLRSGAGAGAGAVAGGLGGLRGYGGAAGSGSSASAASAAAAGARGLGDLGLYGQGSGLEAGIGAGVGTGAGAGAGVGGLGGYGGAAGSSSSASAAAAAGSGIGGLGGLGLYDQGSGLGAGVVAGAGAGAGAGAGGLGGLRGYRGAGGSSSSASAAAAAGSGVGGLGGLGLYGQGSALGAGAGAGAGAGAGAGSGAGAGSGSGAGGLGGLRGYGGIAESSSSASAAAAAGSGTGGLGGLGLYGQGSGLGDGVGAGAGGLSGQGIGAGAGVAVSVGADAQAAVSNSVSRLSSGAASSRVTSAVSSLVQNGAPNLSALPNVFSNLSAQVSASSPGASECEVIIQVLLEVVTALVNILSVANVGPIDLSSVGNAAGLVGDAVMG,MiSp,1.3678162097930908
259,5944,0.093,8.74,1.35,14.5,MKFSTHLSLYFLALCIWSISPLNAVTVWDTKENAEGFISRFNGGLARSGAFSDTQMSDISSISDTIISAIERNPSNSRSKLQALNMAFASSVSEIAFSESNGVPNGAKIQVIMDALSDSFLQTTGVVDKTFLNEIGSLVRMFAQVSASENEVSAGASASASAGAGGYGQSAAGGQAVGAGPGAGGNAVASSQGIGGGYGPGPGAASTSSIGAASTISQTSSSSSTVGYSQTQGGYGQSAGSTTGGYNQGAGAASSAGAATGGYGQGGGYSQGAGIGGYGQGAGAGAAATAGTASGVTGGYGQGAGAGQGASSAAAGGYGQGVGGGARQGLGGGTGQGSGAGAGAAASAASGAAGGYGQGTGQGAGQGAGVGAASGAAGGYGQGVGQGLGGRAGQGSGAGAGAASGATGGYGQGVGGGYGQGTGQGAGAGAAASAASGAA,MiSp,1.1711490154266357
265,2059,0.09,8.0,0.94,18.3,GQGGLGGAAAAAAASGLGGAGRGGLGGGSGQQGGGQGGYGSGQGGQGGLGQGGAAAAAAAAGGLGGAGQGLGGGSGQQGAGQGGYGSGQGGQGGYGSGQGGQGGSGQGGNGAGQGGQGGLGQGGAAAAAAAASGGLGGAGQGLGGGSGQQGGQGGYGSGQGQGGLGQGGLGGAAAAAAAASGLGGAGRGGLGGGAGRGGLGGGSGQQGGGQGGYGSGQGGQGGLGQGGAAAAAAAAGGLGGAGQGLGGGSGQQGAGQGGYGAGQGGLGGAAAAAAAAGGAGQGGLGGGYGSGQGGQGGYGSGQGGQGGSGQGGYGSGQGGQGGLGQGGAAAAAAAAGLGGAGQGLGGGSGQQGGQGGYGSGQGGQGGLGQGGLGGAAAAAAAASGLGGAGRGGLGGGSGQQGGGQGGYGSGQGGQGGLGQGGAAAAAAAAAGGLGGAGQGLGGGSGQQGGQGGYGSGRGGQGGSGQGGYGSGQGGQGGLGQGGAAAAAAAGGLGGAGQGLGGGSGQQGGQGGYGSGQGQGGQGGLGQGGLGGAAAAAASGLGGAGRGGLGGGSGQQGAGQGGYGSGQGGLGQGGAAAAAAAAGGAGQGGLGGGYGSGQGGRGGYGSGQGGPGGYGQGGLGGSSAAASASAASAAASRLSSPAATSRVSSAVSSLASGGVSSPGALSGIIGNTVSQISSNSPGLSGCDVIVQALMEVVSALVHILSSASVGQVNYSSAGQSAQLVSQSVSQALGY,MaSp1,0.8280032873153687
267,30,0.09,3.15,0.52,36.1,SGAGAAAASAAGGAGAGQGGYGAQGIQSSTTFSVSSQGAGGGLGGYGQGSGAGAAVAGAAGAGQGGQGGYGQGIGAGSRAGQGGLRGYGQGAGSSSAAAAVSGAGSGQGGYGGQGGYGQGAGGSSAAAAGSGAGQGRLGRYDQGLRADAASSAGVAVTVGNTVSRLSSPQAATRVSSAVSSLVSNGQVNVAALPSIISNLSSAISASATTASDCEVLVQVLLEVVSALVQIVSSANVGYINPVSSDSLNMVGSSITSAMG,MaSp1,0.9334521889686584
273,3860,0.087,24.1,1.68,8.7,GGQGAGSAAAAAAAGGAGGLGGQGGYGSGQGGSGLGGQGAGSAAAAAAAGGAGGLGGQGGYGSGQGGSGLGGQGAGSAAAAAAAGGAGGQGGQGGYGSGQGGYGQGGQGAGSAAAAAAAAGGAGGLGGQGGYGSGQGGYGSGQGSAAASASVSATAAASRLSSPAASSRVSSAVSTLASGGASSPAALSSVIGNVVSQISSSSPGLSGCDVLVEALLEVVSALVHILSSASVGEVNYSTAGQSTQMVSQSVYQAMG,MaSp1,0.8776698112487793
274,2015,0.086,7.64,0.94,18.2,RPGGDSATGGNGGRFGSGGPGGGSAAAAAATGGNVGHFGSVGAGGDSAAAAAASGGNGGRFGPGGDSAAAAAASGGNTGNGQGGYGGRFGSGLQGGDLRVVASASGDRGFGRGRYSSGYGSDSGTSATGEFSGYLDVPLSGRVSAAASRLSSPAAGSRVSSTISLLLSNGITNTNALSSAIGNIMYQVGNSNPGLSSCDVTVEAMLEILSALLSILGSASIGEINYNSLGQSAEIVSQSMLQALS,Spidroin,1.2342122793197632
275,329,0.086,5.48,0.65,22.5,GAGSGAGAGSGAGAGSGAGAGSGAGAGSGAGAGSGAGAGSGAGAGSGAGAGSGAGSGYGQGAGYGSGAGYGSGAGYGSGAGYGSGAGLGDGAGAGAGAGAGAGAGYGQSSTSETTTRTVYNTVSRMSSASAASRVSSAVSNIVQSGGVRADSLSNVIANIAAAVGRANPGLSQCEVLVQTLMELVSVLVHIVSSANLSTVNAGTAAQSVSAVSSAVAASLG,MiSp,0.6939250826835632
282,1589,0.083,11.6,0.76,16.1,SQGPGGYGPGASAAAAAAAASGPGGPGSQGPGGPGSQGPGGPGSQGPGGPGGYGPGSQGPGGYGPGASAAAAAAAASGPGGYGPGSQGPGSQGPQGPGSQGPGGYGPGSQGPGGYGPGSQGPGGYGPGSSAAAAAAAASGPGGPGSQGPGGPGSQGPGGPGSQGPGGPGGYGPGSQGPGGYGPGASAAAAAAAASGPGGYGPGSQGPGSQGPQGPGSQGPGGYGPGAAAAAAAAASGPGGYGPGSQGPGSQGPQGPAGYGPGASAAAAAAAASGPGGPGSQGPGGPGSQGPGGPGSQGPGGYGPGSQGPGGYGPGSQGPGGYGPGASAAAAAAAASGPGGPGSQGPGGPGSQGPGGPGSQGPGGPGGYGPGSQGPGGYGPGASAAAAAAAASGPGGYGPGSQGPGSQGPQGPGSQGPGGYGPGASAAAAAASGPGGYGPGSQGPGSQGPQGPGSQGPGGYGPGAAAAAAAASGPGGYGPGPQGPSGPGSQGPSGPGSQGPGGYGPGASAAAAAAASGPGGYGPGPQGPSGPGSQGPGGYGPGAAAAAAAAASGPGGYGPGPQGPSGPGSQGPQGPGSQGPGGYGPGAAAAAAAAASGPGGYGPGPQGPSGPGSQGPSGPGGYGPAASASAAAARLSSPAASSRVSSAVSTLASSGGANAGALSSVISSLVSQVSANSPGLSGCDVLVQALLEVVSALVHVLSSASIGQVNYGASGQSAQLVSQAVSQALGY,MaSp2,1.1879228353500366
283,3681,0.083,6.31,0.8,18.6,AAAGGPGGYGPGSQGPGSQGPSGPGGYGPGSQGPGGYGPGSQGPGGPGASAAAAAAAAGGPGGYGPGSQGPSGPGSQGPGGYGPGSQGPGAAAAAAAAAAGGPGGYGPGSQGPGSQGPSGPGGYGPGSQGPGGYGPGSQGPGGPGASAAAAAAAAGGPGGYGPGSQGPSGPGSQGPGGYGPGSQGPGASAAAAAAAAGGPGGYGPGSQGPGSQGPGSQGPSGPGGYGPGSQGPGGYGPGSQGPGGPGASAAAAAAAAGGPGGYGPGSQGPSGPGSQGPGGYGPASQGPGASAAAAAAAAGGPGGYGPGSQGPGSKGPGSQGPSGPGGYGPGSQGPSGPGGAAAAAAAAAGGPGGYGPGSQGPSGPSGAGGYGPGSQGPSGPGGYGPGSQGPSGPGGYGPGSQGPGGPGASAAAAAAASGPGGYGPSGPGSQGPSGPGSQGPSGPGGPGASAAAAAAASGPGGYGPGSQGPSGPGGYGPGSQGPSGPGGYGPGSQGPSGPGSQGPSGPSGPGGYGPSGSGASAAAAAAASGPGGYGPGSQGPSGPSGPGGYGPGSQGPSGPGGPGASAAAAAATASGPGGYGPGSQGPSGPSGPGGYGPGSQGPSGPGGYGPGASAAAAAAASGPGGYGPGSQGPSGPSGPGGYGPSGPGASAAAAAAASGPGGYGPGSQGPSGPGYQGPSGPGAYGPSPAASASVAASRLSSPQASSRVSSAVSSLVSSGPASGSSVSSALNSLTSQISGSNPGLSGCDVLVQALLELVSALVTILSSASIGQVNVNSAGQSTQMISQALL,MaSp2,1.1344376802444458
287,6054,0.082,6.0,1.08,17.8,MTWTARLVLLTLVALCTLSAVARGESNHPWKDMKSMETFMDIATEKLSSSGRFNDDDVDAVREVGDTLKQSAENMWKKGKMSPKQLGMMNMAFTAVLADMVYSDGSNLEEKKNAVDNALSAALVASIGKIDPIFMNEINTLMSTFGQSNQLGNESGGYGAESAAVAASSSNGFGSGPQTLSSQGRGAPSISVSATGAGAFPQGPVGSQQSSYSISASSLSGAPGGYGGQYGSGLGAGQGGNSGSAAAAVATGSGGAGSPIQGYGGTVGSAAASGIGGYGGGAGLGYGGGREAAAAAGGAGQGGFGAGGDGLGGQEGTASAAAAAGGLGGQGGYGGLGYQGAGGAGQGGYGSGLGGAGSAAAAASAGGAGQGGFGSGGVGIGYGAGLGGQGGAGQGGATAAAAAAGGLGGQDGYGGLGSLGTGGTGQGGAAAAVVAAGGIGGQGGYGVLGYQGAGGVGQGGYGSGLGGAGSAAAAASAGGAGQGGFGSGGVGIGYGAGLGGQGGAGQGGAAAAAAAAGGAGQGLVGPGAGPGGYGRDGSGSAAAAAASSNGSGSDGYGGGYGGQGGPGQ,MaSp3,1.421809434890747
288,5775,0.081,6.2,1.14,15.1,GASGAGAGGLGGYGQGAGAGAGAAAAGAGAGAYGAGQGGLGGYGQGAGAGAGAGAGAGAGAGTGAGAGAGAGAGAGAGAGAYGAGQGGLSGYGQGAGAGSSSAAAAGASQGTYGSGYQTGSQFSLSLSSQAEGKGTTYGQGAATGAGAAAAAVGSAGAGQGGYGLGAGAGAEARAGAGARLGAGAGAEAGAYGAGQGGLGGYGQGAGAGAGAAAAGAGAAAFGAGQGGLGGYGAGAGAGAGAGAGAGAYGAGRGGRGGYGQGAGAGAGAAAYGAGQGGLGGYGQGSGEGAGAGAGVGAGAAAGAGAGIGAGAGAGAGGAAAGAGAGTYGAGRGGLGGYGQGAGAGAGAAAYGAGQGGLGGYGQGAGAGAGAAAAGAGAGAYGAGQGGLSGYGQGAGAGAAAAAAGGAGAGQGGQGGYGGQGGYGGYGLGAGAGAGAASATAGAYGAGAYGASSSSDVVATVGSTVSRLSSPNAVSRVSSAVSNLVSNGQLNLSSLPNVISNLSSSITASSPGISGCEALVQVLLEVTSALVHILSSANIGDINLNASSDYAAMVGSSVSNVMG,MaSp1,1.0993459224700928
291,5813,0.08,6.74,0.82,16.4,YGPGQGQEAGFSGSSPATASSAYSQGYGPGQSAYPGQPGYSSSSAIAISLGYGQNGGYGPSSGASGSGAGQGQLGGPGSPTTVSSVSSGPGFAPGQQQPGTVGSSSSAASVISNAQGFGPQQSSYVVQQGSSGAASAATATAAASRLSSIESSSRVSSAVSSLVSNGPTNPVALANAVRSVMSQVNASSSGLSECEVLVQALLEILSALVHILGSATVGEVNYDASSQTAQMVGQSIAQIFS,MaSp1,1.244955062866211
295,4109,0.078,5.65,0.94,16.5,AGSGGAGGSGGYGPGGYGPGGSGSGAASAAASAAAGGPGGAGPGGYGPGGYGPGGYGPGGSGGSGSAAASAAASAAGGSGGSGGYEEIISGPGGYGPGGAGPGGYGPGGAGPGGYGPGGYGPGGSSGSGGSGSAAASAAASAAAGGAGGSGGYEEIISGPGGYGPGGAGPGGYGPGGAGPGGYGPGGYGPGGSSGSGGSGSAAASAAASAAAGGAGGSGGYEEIISGPGGYGPGGAGPGGAGPGGYGPGGAGPGGYGPGGYGPGGSGGSGSAAASAAAAASGSGSGGSGGYEEIISGPGGYGPGGAGPGGYGPGGSGPGGYGSGSSGGSGGSGGSGGAGSSAAAAAAASGAGGSGGSGGYGPGGSGPGGYGPGGSGSSAASAAAGGPGGAGGYGPGGYGPGGYGPGGYGPGGSGGSGSAAASAAASAAGSGSGGSGGYEEIISGPGGYGPGGAGPGGYGPGSAGPGGYGPGGAGPGGYGPGGSSSAAASAAASAAGSGAGGSGGYEEIISGPGGYGPGGSGPGGAGPGGYGPGGYGPGGSGSASAAAAASAAGSGSGGSGGYEEIISGPGGYGPGGVGPGSSGPGGYGPGGYGPGGSGSAAASAAASAAAGGSGGSGGYEEIISGPGGYGPGGVGPGSSGPGGYGPGSYGPGGSGSSAASAAAGGSGGSGGYGPGASLASSASAAASALSSPGSSSRVSSVASRIASGGPVNVSTLSSTIGNVVSQVRASNPGASNCDVLVQSLLEVVTGLVHVLGSANIGNVNYGASGQTARMVGQSINAAFG,MaSp2,1.0829113721847534
296,3393,0.077,8.61,0.87,16.6,AGAGAGYGQGAGGLGGRGQGDGAGSGAAAGAGAGAGAGGAGQGGYGSYGAASQTSSGISLSLSTQGQYGQGSGIGAGAGAGASAGAGAGAGAGAGYGQGAGGLGGYGQGVGAGAGAAAGAGAGAGVGYGRGAGGYGQGAGAGAGAAAGAGAGAGAGYGQGAGAGAGGYGQGYGAGVSVAVGADAQAAVSNSVSRLSSGASSSRVSSAVSSLVQNGRPNVASLPNVISNLSAQVSASTPGASGCEVMVQVLLEVVSALVHILSSANVGNIDLSSVGNSANLVGSALG,MiSp,1.1720432043075562
297,6329,0.077,8.62,1.51,12.3,MQWLTQLSLFFFVLFIQGSLAQGQQMWSNPGAAVAMTSSFVGCAGQSGLLSGDQMDDMQMMADTITMQASRLGANAPKHKMKALYSGMAAAIAEVASNSPPELTSAVLNSIGGCLSNSMIQATGAVDNTFTNEVMQMVTMFAADNANAVSSSASSSGASSAASSSSAVSSSQSSGYSSGGGYGSSAGAGSGAGAGAGGAGGYGGSYGAGAGAAATSAAGAGAGGAGGYGGGYGAGAGAGAAAGAGAGAGAGGAGGYGTGYGAGAGAGSA,Spidroin,1.5385740995407104
299,1792,0.076,13.4,0.85,15.4,DTGGPSPFAPGPFGQSGSDSNQHVSITFGQPVQSKSFGEEGLGQFNQYINSVAAETKPSHFGSDGGGAVSSGSVAFGEPVPSSYQQVNGSVEQYATSSHQPGSGPVGQSGSNSGQYGTRHFGPSEANSGASTSNESFGSGHFLKHVTSSVGQTAEFPQTSIGTDKGGTGPFGPGPFEQSISSSNQHASVPFGQLGQSKSFGEGLGQYNQYSNSVAAETKQSHFRPDGVAISSGSVPFGKPGPTSYQQISGSLRPYGTISDQPTRGSAGLLGLSSDQPGDGLFGPSGISQGTSTESGSLGSGYYATHTTPSLEQTAETADARPYPSGLDGGVSSLVESGPFGHSGFSSNQQASVTFKHSGQSESSGQGLGQYIPYGNSVAKAATESETKPAEFGPEGGGLVPSGSLPFGQPEPNTYQQTLSSFVPSDDNSNQPGSGHYLKYTTSSVGQTAEEQETRPSSIGPDTGGPGPFEPGSFGQSESSLNQHVSFPFGQSKSFGEGLGQYNQYSNSVAAETKQSQFRPDGVAISSGSIPFGKPGPTSYQQISGSLRPYGTISDQPTRGSAGPFGLSSEQPGDGLLGPSAASSGTSTQNESVGSGHYVTHTTSSVAQTAEAKGARPYLGGLDGGGPGLLGSGPFGHSGYSSNQQVSVNFGHSGQGLGQYIPHGSSVAEAATEATEAKPAEFGSDGEGEVPSGSMSFWQQVPSSHQRIPGSDGQSRPSLVQNGPGLFGPSEASLGTFTTNEAFGSGNYLKYSTTTATQTAKAKHSPIKLDGGAPGPYGYSGFSSQQVPVTFGQSGNIQSSGQGLGQYIPFSNSAAKAAAVTTQTISSPNGPHRGALAPSELGASGPSENSSDQPGHGPFETTGNSSYHRGSVPYGSLGSETGHFESNEPIEPGSYMQYTTTSAALTANEAATKPSILVKNGEGPSPTGLTPFSPSGYGSYKPVSVIVSPYGSSTDHPETGSFGLSSPVLDQPTLGPYETSEQGTGSSGTAELLGQGSHVPYTIPSEAVMGSAGRPRPGLLRLPGSSPVISVPNGPFDLIPGLYVPYKSAEGAAMTAKAQTEPSPYEPHREGADPSRLSSEQPALSFIGSSTPSTYEPSTGQSTVAPESSEQLGSGLYNPHIALEPTTVVTVTPIDKKAVLKSASRLSSLLTTARVSTAISFLLSSGGFNPSSLSKVISYLIKSIPESQPGLSGNEMLLQALLELIASLVHILSSASIGQVGSCPSSSSSLVGQSLTHALGG,Spidroin,1.1938021183013916
303,5792,0.076,6.25,0.96,14.7,AAASASVSATAAASRLSSPAASSRVSSHVSTLASGGASSPGALSNVIGNAVSQISSSSPDLSGCDVLVQALLEVVSAMVHLLSSANIGQVNYSTAGQSTQLVSQSVAQAMG,MaSp1,0.8569647073745728
307,5580,0.074,4.29,0.74,20.3,VSNTVYRMSSPEVTSRVSSAVSTLVSSGVNNANSLSNIIANVATSVAASNPGLSGCEVLVQALLEIVSALVHVLSSANIGYVNFDAIPGSVSAVGQAMSGVLY,MiSp,1.3262156248092651
311,2414,0.072,5.02,0.58,22.4,GAGAAAASGAGAAAGGAGGYGQGYGSGAGAGAGAAAAAGAGAGAGGAGGYGGGAGDGAGAGAGGAGGYGQGYGTGAGAGAGAGAAAGAGAGAGGAGGYGQGYGSGAGAGAGAGAGGSGGYGQGYGSGAGAGAGAAAAAGAGAGARGSGGYGQGYGTGAGAGAGASAGAGAGAGGAGGYGQGYGAGAGAGAGAGAGGAGGYGQGYGAGVGAGAGAAAAAGAGAGAGGAGGYGQGFGSGAGAGAGAGAGAGAAAAAAAGAGAGAGGAGGYGQGYGAGAGAGAAAGAGAGAGAGAGAGSAGGYGQGYGAGAGAGSAAGAGAGAGAGGAGGYGQGYGGGAGSGAGSAAAAGAGASGGYGGGSAAAAGSGAGVAGGYSQGYAAGAGAGAAGGYGGSYGAGAGSGAGASASAGSYAGAVNRLSSSGAANRVSSNVAAIASGGAAALPNVMSNIYSGVLGSGVSSSEALIQALLEVISALMHVLGSASIGNVSSAGLDSTLNVVQNAVSQYAG,MiSp,1.252996802330017
312,5515,0.072,4.56,1.04,14.4,PSGPSGPGTGPSGPSGPGTGPSGPSRPGTGRSGADTGLFGPGGYGLAAAASAASYAGPAGPSRGGAGPSGPGAGTSGPGAGPYGPGTGPSGPGTGPSGPDAGPFGPGGYGLAAAASAASYAGPAGRSRGDAGPSGPGAGPSGPDAGPFGPGGYGPASGNEGPSEDAGYFGPWRYGPEAAASAATYAGPSAPSGRGLGPSGPGAGQSGGGGGPRGRDAGPFGPGGYGPGAAASAAAYTGPGRPSRGGAGPSGPGAGTLGPGAGPSGPGTGPSGPGTGPSGPDAGPFGPRGYGLAAAVSAASYAGPAGPSGGGAGPSGLGAGPFGPGGYGPASGDEGPSEDAGYFGPWRYGPEAAASAAAFAGPSAPSGRGEGPSGLGAGQSGGGGGPRGRDAGPFGPGGYGPGAAASAAAYTGPAGPSRGGAGPSGPSGPGTGPSGPSGPGTGPSGPSRPGTGRSGADTGLFGPGGYGLAAAASAASYAGPAGPSRGGAGPSGPGAGTSGPGAGPYGPGTGPSGPGTGPSGPDAGPFGPGGYGLAAAASAASYAGPAGRSRGDAGPSGPGAGPSGPDAGPFGPGGYGPASGNEGPSEDAGYFGPWRYGPEAAASAATYAGPSAPSGRGLGPSGPGAGQSGGGGGPRGRDAGPFGPGGYGPGAAASAAAYTGPAGPSRGGAGPSGPSGPGTGPSGPSRPGTGPSGADAGLFGPGGYGLAAAASAASYAGPARSSRGGAGPSGPGAGPSGPGTGPSGPGTGPSGRDAGPFVSGGYGLAAAASTASYAGPAGPSEGAGPSGPVAGPSGQGGGPSGRDAGRFGPGRYGPAAAASAASYTGPGGPSGRDAGPLGRGAGPSGPSARPSGGDEGPSEYAGYFGPWRYGPGAAASSAAYAGPAAPSERGAGPSGPDAGRYGPSAAASAASYAGPAGPSGRGAGPSGPGAGPSGPSEPGAGPSGPDAGPFGPSGYGPAAVASAASYGGPAAPSGQGAGSSGPSGRGAGRSGPSAGPSGRGAGPSGTDAGPFGPGGYGPVAAASAAATSYARPRGPQRYGPSSGDSGPGGGTGPGAGPSGAGEGPSGERDRVIVPWRGPRPEAAASAASYAGPAGPSGPSGPSAGPSGPDAGTGRLLYIPSGDRNAVLNSVSRLSSSSASSRISSAVSSLLSAGGPDYSSLSGIVADLSYSVAISHPGISGCEILLQVLLELITGLFQILSSAVIGEVSSSSDYYSSVVGQSVASAFAG,Spidroin,1.0231207609176636
318,3476,0.069,19.5,1.17,8.3,GAGAAAAAAAGGAGQGGQGGYGSGQGGQGGYGSGQGGLGGGAGAAAAAAAAGGAGGLGGSGMGGAGQGGYGSGQGGQGGRGGAAAAAAAASGGAGQGGQGGYGSGQGGQGGYGSGQGGLGGSSAAASASAATAAASRLSSPAASSRVSSAVSSLASGGVSSPGALSGVISNVVSQISSSNSGLSGCDVLVQALLEVVSALVHILSSSSIGQVNYGSAGMAAQLVSQEVSQALGY,MaSp1,1.3467683792114258
320,6726,0.069,14.1,1.27,9.2,MTWTVRLALILLVALCNQSKVAQGLAAHPYESPASVEAFMSSMVDKLATSGYMTEDDIETIGMMATTMKSAAEKMARSGKASPQKLEAINMGFGAGLAEIVSSKGENVAAATAAVRDAMSAAFLQTTGAVNLKFIKEIVDLIGMFSQDQAVNGSGGSSSSVSVSDSAAGGYGGQYGSGFGTGQGGYGSGQGGSGAAASAAAAGGSGGAGQGYG,Spidroin,1.5595529079437256
321,6985,0.068,3.26,0.76,19.8,MNWTARLALSLLALVCSQSIFVLGQSPWQSSALAESFIGYFYTALGQSSAFTADQMDDISSICDSIQGGIANMERTGKASAHKLQAMNMAFASAVAEIAISEDGGASPQVKTDAVADALSSAFLQTTGVVNMQFVNEIRTLIAMFSQANAPSSNAVSVSSAAGGGGGGGGGYGAPVSGVSVSAPGAYGPGPQGPQGLGPQATSISVSAAAPGGYGQGPIQGPQSYAPGVQGPVMQGPSGPGQQSSYEYSISISSQSGPQGGYGTGGGGASSAAAGGAGGQGGYGAGQGGYGDGQGAGAAAAAAAAGGAGGQGGYGSGLGDYGTGRGGSGSSAAAAAAGGAGGAGQGGLGAGQGYGSGLGGLGGAGQGGAGAAAAAAGGAGGQGGYGDGRGGYGAGQGAGAAAAAAAAGGSGGQGGYGDGRGGYGAGQGAGAAAAAAAAGGAGGQGGYG,MaSp1,0.8766570091247559
322,4221,0.068,5.98,0.83,16.4,AAAAAAGGQGGQGGYGGLGSQGAGGAGQGGYGGGQGGAASAAAAAAGGAGQGGLGAGQGYGAGQGGQGGAGQGGAASAAAAAAGGQGGQGGYGGLGSQGAGGAGQGGYGGGQGGAASAAAAAAAGGAGQGGLGAGQGYGAGQGGQGGAGQGGAASAAAAAAGGQGGQGGYGGLGSQGAGGAGQGGYGGGQGGAAAAAAAAAGGAGQGGLGAGQGYGAGQGGLGGAGQGGAAAAAAAAGGLGGQGGYGGYGSQGTGGAGQGGYGGGAASAAAAAAAGGAGQGGLGAGQGYGAGQGGQGGAGQGGAASAAAAAAVGQGGQGGYGGLGSQGAGGAGQGGYGGGQGGAASAAAAAAAAGGAGQGGLGAGQGYGAGQGGLGGAGQGGAAAAAAAAGGLGGQGGYGGYGSQGAGGAGQGGYGGGSAAAAAAAGGAGQGGLGAGGAGQGYGAGQGGQGGAGQGGAASAAAAAAGGQGGQGGYGGLGSQGGAGQGGYGAGTYGGGSAASASAASAAASRLSSPSAASRVSSAVSSLVSSGPTSQSALSSTISNVVSQISASNPGLSGCDVLVQALLEVVSALVHILGSSSIGQVNSSAAGQSASIVGQSVYQALS,MaSp1,1.2362703084945679
326,5791,0.066,6.65,0.77,13.5,AAAASRLSSPSASSRVSSHVSTLASGGASSPGALSNVIGNAVSQISSSSPDLSGCDVLVQALLEVVSAMVHLLSSANIGQVNYSTAGQSTQLVSQSVAQAMG,MaSp1,1.0829895734786987
327,2294,0.066,5.76,0.59,20.7,GGYGPGNQGSGGPGASVAVAAAGGPGGYGPSGAGGYGQGSQGLSGSGPSAAVASAGGPGGYGSGNQGAGGSANQGAGGNGGYGSGNQGLGGAGGYGPGNQGSGGPGASVAVAAAGGPGGYGPSGAGGYGQGSQGLSGSGPSAAVASAGGPGGYGSGNQGAGGSANQGAGGTGGYGSGNQGLGGAGGYGPGNQGSGGPGASVAVAAAGGPGGYGPSGAGGYGQGSQGLSGSGPSAAVASAGGPGGYGSGNQGAGGSANQGAGGNGGYGSGNQGLGGAGGYGPGNQGSGGPGASVAVAAAGGPGGYGPSGAGGYGPSGAGGYVQGSQGISGSGPSAAVSSAGGPGGYGSGNQGPGSQGPGGSGASIVVTAAGGPGGYGPGNQGPSGPGYQGPSGSGAYGPSPVASASIAASRLSSPAASSRVSSAVSTLLSSGLTNGAAVSGALNGLASQIGANNPGLSGCDVLVQALLELVSALVAILSSGSIGQVNPGSVGQSTQMISQALL,MaSp2,1.1643694639205933
329,2590,0.064,10.0,0.86,16.2,GAAGYGQGGLGGYNAGAGGAAGAAAGAGRGGYGQGAGAGGAASAAAGAGQGGYGQGGFGGYGGGAGSGSAAAAAGAAGAGQGGYTGYGQGAGSAAGAAAAGGAGSGRGGYSGYGQGAGVSSGVSTTVVNSVSRLSSPSTASRVSSAVSNLVSNGQVNVASLPGIISNISSSISSSSPDASECEILVQVLLEVVSALLQIVSSANIGEVNLNASSDYASMVGNSVQNVYG,MaSp1,1.0013996362686157
332,6848,0.064,3.47,0.57,20.2,MQWTTRFSLFFLILIIQGFLAHGQQIWTNPDAAMSMTNNLVQCAGRSGVLTADQMDDMGMMADSVNSQLQKMGANAPKHRLRAMNSAMAASVAEVVASSPPQSYNAVLNTIGNCLTESILQATGTVDNVFVSEVTKMISIFAADNANTVSDSASSSGASYATSTSSAASSGAGAGAGGARGYGSGYGAGAGAGAAAAGGAGAGGAGGYGRGAGAGAGAAAAAGAGAGGAGGYGSGYGAGAGAGAAAAGGAGAGAAGGYGRGAGAGAGAGAAAGAGAGAGGAGGYGSGYGAGSGAGAGSAAAGGAGAGGAGGYGRGAGAGAGAGAGAGGAGGYGSGYGAGAGAGAGAAAAGGSGAGAAGGYGRGAGAGAGAAAGAGAGAGGAGGYGSGYGAGAGAGAGAAAAGGAGAGGAGGYGRGAGAGAGAGAAAGAGAGAGGAGGYGSGYGAGAGAGAGAAAAGGAGAGGYGRGAGAGAGAGAAAGAGAGAGGAGGYGSGYGAGAGAGAGAAAAGGAGAGG,MiSp,1.3625448942184448
336,1798,0.062,8.31,0.87,15.2,PYGPGSQGPGGQGPYGPGSQGPGGQGPYGPQGPGGASAAAAAAAASGPGGQGPYGPGSQGPGGQGPSGPGSQGPGGQGPYGPGSQGPGGQGPYGPQGPGGASAAAAAAASGPGGQGPYGPGSQGPGGQGPSGPGSQGPGGQGPYGPGSQGPGGQGPYGPQGPGGASAAAAAAAASGPGGYGPGSQGPSGPGSQGPGGQGPYGPQGPGGASAAAAASAASGPGGYGPGSQGPSGPGSQGPGRQGSYGPGSQGPSGPGSQGPGTSASAAAARLSSPSASSRVSSAASSLVSSGGANSGALSSVISNLVSQISYSSPGLSGCDVLVQALLEVVSALVHILSSSSVGQVNYGASGQFAQLVAQAVAQAVA,MaSp2,1.1318861246109009
337,4269,0.062,25.3,1.64,6.6,SGRSSTKKLQALNMAFASSMAEIALAEQGGQNIDVKTNAIVGALNEAFIRTSGRVNNAFINEIRQLMLMFSQVSMNDSVSGSTASARGYGEQQGGPGASAAASAAATGSGYRPRQGQPAVSSASSAATVSSTDSQGYGPGQSGYPSQPGYSSSIALSLGYGQSGGYGPSSSSSGPGAGQGFGQQGGPGASAAATEAPAGQDYGPGQAQQGGSSGSSSATTSSADSQSYGPVQSGYPGQPGYSSSSIAISLGYGQNGGNAPSSGASGPGGGQGGGQQGGSGASAAASAAPAGQGYGPGQGGSSGSSALTASSADSQGYGPGQSGYPGQPGYSSSSSAIAISLGYGQNGGYGPGYGASGPGGGQQGRSGASAAASAAPAGQGYGPGQGQQAGSSGSSTTTASSVGSQGYSPGQSGYASQQGYSSSSSAIAISLGYGQNGGYGPSSGTSSPGAGQGEGQQGGSGASAAASAAPAGEYYGPWQEQQGGSSGSSAATTSSADSQSYGPVQSAYPGQPGYSSSSIAISLGYGQNGGYGPGSGASGPGGGQQGGSGASAVESVAPAGEGYGPGQGQQAGSSGSSTTTASSSGSQGYGPGQSGYASQQGYSSSSSAIAISLGYGQNGGYGPGSRASGPGGGQQGGSGASAAASAAPAGEDYGPRQGQQAGSSGSSTTTASSTGSQGYGLGQSGYASQQGYSSSSSAIAISLGYGQNGGYGPSSGTSGPGAGQGGGLQGGSGASAAASAVPAGQDYGPGQGQEGDTSGSSAVTASSAGSQSYGPGQSGYPGQPGYTSSSSAIAISLGYGLNGGYGPSSGASGPGDRQVGRQQGGSGASSAVSAAPGGQGYGPMQGQGGSSGSSAATASSVDSQGYGPGQSGYPGQPGYSSSSSPIAISLGYGQNGGYVPSSGASGSGTGQGQGGGQQGPGASEAAVGQGYGPGQGQQAGSSGSSAATTSAGFQGYGPVQSGYPGQPGYSSSSSSIAISLGYGQNGVYSPSPGASGPGTGQGQGGPGASAPASAAAAGEGYGSGQVQQAGFSGSSATITSSADSQGYGPGQSEYPGQPGYSSSAISISLGYGQNGYGPSTGTSGSGAGQVQGGYSGQLGGSGFSSPMSSVSSGQGFAPGPQLEATGSSASAATSGAQGFGSQQSSYVVQQGSAGAASAATASAAASRLSSVESTSRVSSAVSSLVSNGPTNPAALANAVSSVMSQVNASSSGLSECEILVQALLEILSALVHILGSATVGVVNYDASSQTAQMVGQSIAQIFS,MaSp1,1.47723388671875
338,4463,0.062,9.06,0.84,13.0,GSQGPGSLGPGGYGPGSQGPGGYGPVSQGPGSQGPGSQGPSGPGSRGPGGYGPGSQGPGGASAAAAAAAAGGPGGYGPGSQGPGSQGPSGPGSQGPGSQGPSGPGSQGPGGYGPGSQGPGGYGPGSQGPGAASAAAAAAAASGPGGYGPGSQGPGSQGPSGPGSQGPEGYGPGSQGPGGYGPGSQGPGGYGPGSQGPGGASAAAAAAAASGPGGYGPGSQGPSGPGTQGGYGPGASASAAASRLSSPASSSRVSSAASTLVSSGGANSGSLSSVISNLASQVSASSPGLSGCDVLVQVLLEVVSALVHILSSSSVGQVNYGASGQYAQLVGQAVSQALAY,MaSp2,1.0160574913024902
341,2180,0.06,10.1,0.93,11.9,AAAAAAAAAAAAGGAGGAGQGAGGAGSGAAAAGAGGAGGAGGSGGYGQGASAAAAAAAAAAAAAGGNGGYGQGAGGYGAGGYGQGASAAAAAAAAAAAAAGGAGGAGQGAGGAGSGAAAAGAGGAGGAGGSGGYGQGASAAAAAAAAAAAAAGGNGGYGQGAGGYGAGGYGQGASAAAAAAAAAAAAAGGAGGAGQGAGGAGSGAAAAAAGGAGGAGGSGGYGQGASAAAAAAAAAAAAAGGAGGYGQGAGGYGAGGYGQGASAAAAAAAAAAAAAGGAGGAGQGAGGAGSGAAAAAAGGAGGAGGSGGYGQGASAAAAAAAAAAAAAGGNGGYGQGAGGYGAGGYGQGASAAASAAAAAAAAAGGAGGAGQGAGGAGSGAAAAAAGGAGGAGGSGGYGQGASAAAAAAAAASAAASRLSSPSATTRVSSAVSSLVSGGPTNVNSLSNTIGNAVDQVRASNPGLSDCDVMIQSLLEVISAAVHILGSANLGQINYASAGQTAQAVAQSVYNALG,MaSp1,0.8298423886299133
342,5532,0.06,2.9,0.82,19.1,GAGKGFGQGSGQGFGQGMGAGQGSGQGSGQGSGQGYGSSTSTSVSNSVSRLSSGSANSRVSSAAQSFASNDQPVVNYLPGVMSDLRSRVVAENPGLSECEVQVQVLLEVISALVHVLSYANFNNVDYGNAGQTSAAVARAMANSWAY,MaSp,1.2434672117233276
350,4277,0.053,4.07,0.58,17.0,QGGQGSGAAAAAAAAAGGSGGQGGYGQGGYGQGAGEGGQGGYGQGGQGSGAAAAAAAAGGSGGQGGYGQGAGEGGYGQGGQGSGASAAAAAAAGGSGGQGGYGQGSGPRGYGPSGSRSGAASAAASAVSAISSPGSVSRISSTASRIVSGGPINAASLSNTIGSVVYEVRAGNPGASDCEVLVQTLSELLAAVINILGSASIGNINYGASGQSAAVVSQSIQSAMG,MaSp,1.1605359315872192
353,3767,0.05,5.29,0.64,16.3,GPGSQGPGSSEPGSQGPGSYGPGSAAVAVSVPGGYGPSGPGSQGPGVSVPGSQGPGGYGPGSQGSGRPGSQAPGGYGSGSQGPGGPGSQGPGSSGPGSQGPGGYGPGSAGSAAVAVSGPGGYGPSVTGSQGPSGSGSQGPVVYGSGSQGPGSQGPGSQGPSGLGGYSPGASASSAASAAARLSSPASSSRVSSAASQLVASGGANSGALSSVISNLVSQVSARSPGLSSCDVLVQALLELVSALVHILSSSSIGQVNYSASGQYAQYVGQCLAQALS,MaSp2,1.119688630104065
354,3656,0.05,6.33,0.7,13.1,GFGPGGAGGYGPGGAGGYGPGEFGGYGSESGGAAAAAAAAAAASAAASAAEGGYGTSYGTGGSGGYGSSSAGSSASAAASGSQGGYSTGYGGGSSGASSAAAASAAASSAAAASAAASRLSSPASSTRISNAASNLVSRGIANAGALSSVISSLSSQVRASNPGLSGCDVLVQTLMEVVSAMVHIASSSNIGPVNYGSSGQYAQLVRQSVNQAFA,MaSp,0.9128865599632263
356,4007,0.05,6.19,0.73,13.1,YGNGYGSGAGDASAAAAAAAAAAAAGSGAGGYGQGGYGAGGSGAAAASAAAAAAAAASGAGGNGSGGYGNGYGSGAGDASAAAAAAAAAAAAGSGAGGYGSGGYGSDGSGAAAAAAAAAAAAAAAGGAGGYGAGGYGQDGYGSGGSGASAAAAAAAAAAAAAAASGASGYGNGASDAAAAAAAAAAASAAASGDSGYGQAGYSSGGSGAAAAAAAAAAAAAAAGGSGGYGGGYGSGPSGSGSSSASAAASAASAISSPASVSRISNVASRIVSGGPLNGSNLSSTLSSVIAQVRASNPGASQCAVATQSLMEMLTAYAHVLGSSRIGNVNYGASAQTASVFSSSMQNNFG,MaSp1,1.252604603767395
361,1965,0.046,5.83,0.49,18.1,GAGYGQGAGSGYGQGAGAGAGAAAAAGAGAGAGYGQGAGAGYGQGAGSGYGQGAGAAAAAGAGAGAGYGQGTGAGYGQGAGVGAGPGAGAGAGAGYGQGSGAGYGQGAGAGAGAGAGAAAAAGAGAGGQGGYGSYGTSSQSSSGFSLSISSQGQSAYGQGSGAGAGAAAGAGAGAGAGAGTGYGQGAGAGYGQGAGAGAGAGAGAGYGQGDGSGYGQGAGAGAGAAAGAGAGAGYGQGSGAGYGQGAGAGAGAGAGAAAGAGAGAGYGQGTGAGYGQGVGAGAGAGAGAGYGQGSGAGYGQGAGAGSGAGAGAGGQGGYGSYGTSSQATSGFSLSASSQGQYGYGQGAGAGAGAGAGAGAGAGAGAGAGAGAAAGAAAGAGSGAGAGTGYGQGAGAGYGQGAGVGYGQGAGAGAAVGAGAGAGSGYGQGAGAGAGAGAGYGQGAGAGYGQGAGAGAGAGAGAGAGAGAGYGQGAGAGGSAAAGAGAGAGAGYGQGAGAGYGQGAGAGAGAGASAAAGAGAGAGYGQGAGAGYGQGAGAGAGAAASAGAGAASSAGQGGYSSYGTSSQSSSGASSLYSSQIQYGQGSGAGAGAAAAAGAGAGSGAGYGQGAGVGAGAGAGAGAGGYGQGYGAGAGAGGYGQGYGVGSGAAAAAGADVRAAVSNSVSRLSSGAASSRVSTAVSSLVQNGQPNVGSLPSVISNLSSQVSASNPGLSGCEVMVQVLLEVISALVHILSSASVGNVDVGSVGNSATLVGSAVGNMG,MiSp,1.1396902799606323
362,3899,0.046,4.23,0.59,17.0,GYGAGYGTGFGTGYGAGAGFGTGFGYGAGAGSGAGAGAGSGAGSGSGSGSGSGSGSGSGSGSGSGSGSGSGSGSGAGSGAGSGAGAGAGSGYGAGYGFGTGYGAGLGYGSGFGNGFGYGAGAGSGAGAGAGSGAGSGAGSGSGSGSGSGSGSGSGSGSGSGSGSGSGSGSGAGSGSGSGAGAGSGAGAGSGYGAGYGNGFGTGYGAGAGFGTGYGAGFGYGAGAGSGAGAGSGAGSGSGSGAGSGSGSGSGSGSGSGSGSGSGSGSGSGSGAGSGAGSGAGAGSGAGAGAGAGLGAGYGYESWYSVGGGYGAGAGSGAGAGAGSGAGAGSGSGAGSGSGSGSGSGSGSGSGSGSGSGSGSGSGSGSGSGAGAGSGAGAGAGYGAGYGTGFGSGYGAGAGFGTGYGAGYGYGAGAGSGAGAGAGSGSGAGSGSGSGSGSGSGSGSGSGSGSGSGSGSGSGSGSGAGSGAGSGAGAGSGAGAGSGYGAGYGFGTGYGAGLGYGSGFGNGFGYGAGAGSGAGAGAGSGAGSGAGSGSGSGSGSGSGSGSGSGSGSGSGSGSGSGSGAGSGSGSGAGAGSGAGAGSGYGAGYGNGFGTGYGAGAGFGTGYGAGFGYGAGAGSGAGAGSGAGSGSGSGAGSGSGSGSGSGSGSGSGSGSGSGSGSGSGAGSGAGSGAGAGSGAGAGAGAGLGAGYGYESWYSVGGGYGAGAGSGAGAGAGSGAGAGSGSGAGSGSGSGSGSGSGSGSGSGSGSGSGSGSGSGSGSGAGAGSGAGAGAGYGAGYGTGFGSGYGAGAGFGTGYGAGYGYGAGAGSGAGSGAGAGAGSGSGAGSGSGSGSGSGSGSGSGSGSGSGSGSGSGSGSGSGAGSGAGSGAGAGSGAGAGSGYGAGYGFGTGYGAGLGYGSGFGDGFGYGAGAGSGAGAGAGSGAGSGSGSGSGSGSGSGSGSGSGSGSGSGSGSGSGSGSGAGSGAGAGSGAGAGSGYGAGYGTGFGTGYGAGAGFGTGYGAGFGYGAGAGSGAGAGAGSGAGSGSGSGAGSGSGSGSGSGSGSGSGSGSGSGSGSGSGSGAGAGSGAGSGAGAGSGAGAGAGAGYGYESWYTVGGGYGGGAGSGAGAGAGSGAGAGSGSGAGSGAGSGSGSGSGSGSGSGSGSGSGSGSGSGSGAGSGAGAGSGAGAGAGYGAGYGTGFSTGYGAGTGFGPGYVAGTGFGPGYVAGTGSGPGLISDVGSTLTSTSNRLVSNEAANRISYAANSLVSGGGFNNAALPGVFQSISSQINASGLSGCEALVQVLLEVLSSVVHVLGSSSVGYVDPTGVTNSASSVQSAVTAMGY,MiSp,1.087945580482483
365,5804,0.042,10.5,1.04,8.7,AAGGAGLGGVSAGQGYVTVQSGQGASASASAAASRLSTPSAASRVSSAVSSLVSSGGPTNSAALSSTISNVVSQIISSNPGLSECDVLVQALLEIVSALVHIFGSSNIGQVNSGAAGQSASLVGQSVYRALS,MaSp1,0.7664223313331604
368,3458,0.039,10.1,0.64,9.9,AGGYGQGYGAGSGSGAGAGAAAAAGAGAGAGAGAAGGYGQGYGAGSGSGAGAGAGAGAGAGAGAGAGSGAGAGGAGGYGQGYGAGSGSGAGAGAGAGGAGGYGQGYGSGSGAGAAAAAGASAGAAAGGAGGYGQGYGAGAGAGAGAAAGAGAGAAGGYGQGYGAGSGSGAGAGAGAASAAASGAYGGYSQSYGSGASAGAGASASSGSYASAVNSLSSAAAANRVSSNVQALASAGANALPGVIGNIYSGIASSGANSSDAMVQALLEVISALIHVLSSASIGNVNSAGVGSALNLVQQSVGQYLG,MiSp,1.0304290056228638
370,4275,0.037,14.2,0.98,7.0,GGASAASAAAGGAGQGGYGQGGLGGQGAGAAAAAAASGAGQGGYGRGGYGQGAAQGQGAGAASAAAAGGAGGYGQGIGGQGAGSAASAAAGAAGQGQGAGSAAGAGGQGGYGSLGQGGASAASAAAGGAGQGGYGQGGLGGQGAGAAAAAAASGAGQGGYGRGGYGQGAAQGQGAGAASAAAAGGAGGYGQGIGGQGAGSASSAAAGAAGQGGYGQGQGAGSAAGAGGQGGYGGLGQGGASAASAAAGGAGQGGYGQGGLGGQGAGAAAAAAASGAGQGGYGRGGYGQGAAQGQGAGAASAAAAGGAGGYGQGIGGQGAGSAASSAAGAAGQGGYGGLGQGGASAASAAAGGAGQGGYGQGGLGGQGAGAAAAAAAGGAGQGGYGRGGYGQGAAQGQGAGAAAASAAGGAGGYGQGIGGQGAGSAASAASSASGQGMYGRGSYAQSQMSSASGMSSTSGSSSYGQTTSNVVSSTAVSSSVSSASSRINSGASYSRIGSAASSLSSGGVFNSAALSSVLSNIVSQVSSSTPGISSSEAMIQALLEIVSTLIALLSSSSIGQVNSNSIGNSAAVVSQSMGAVLG,MaSp1,1.1364049911499023
373,4364,0.035,2.83,0.33,25.0,GFGGRGAGAGGYGQGGSGSAAAAAASSSRSGSDGYGGGYNGQGGPGQGGSGAAAAASGGGSGGSGGRGAGAGGYGQGGYGSAAAAASSSGSGSDGYGGGYNGQGGPGQGGSGAAAAAAGSGGGSGGFGGRGAGAGGYGQGGSGSAAAAAASSNGSGSDGYGGGYNGQGGPGQGGSVAAAAAASRGGSGGFGGRGVSPGGYGKGSTGSSSAAAASSDASGSDGYGREFGGQGGSGQNGASVATSSSSGGGFGGYGAGQGVYGGGLQEPAAASAAVASSAASRLSSPSSRSRVSSAVSIFLDNGLRSPEAFSSVYNSFVSDIISSNPNLSGCEVLVQVLLEILAATISGLSGLDSNSSMNVVKSFVS,MaSp3,1.1653902530670166
376,3744,0.033,6.03,0.55,11.4,AAAAGGAGGQGGYGGSGSQGAGGAGQGGYGAGQGGAGAAAAAAAAGGAGGQGGYGGLGSQGAGQGGYGSGQGGAGAAAAAAAVSGAGGQGGYGGLGSQGAGGAGQGGAGAAAAAAAAAGGAGGAGRGGLGAGGAGQGYGSGLGGQGGAGQGGAGAAAAAAAAVGAGGQGGYGDLGSQGAGGAGQGGYGAGQGGAGAAAAAAAAGGAGGQGGYGGLGSQGAGQGGYGSGQGGAGAAAAASGAGGQGGYGVLGSQGAGGAGRGGSGAAAAAAAAAGSAGGSGRGGLGAGGAGQGYGAGLGGQGGAGQGGAGAAAAAAAAFGAGGQSGYGGLGSQGAGQGGYGAGGAGAAAAAAAAGGLGGYGGLGSQGAGGAGQGGYGGGAYGGQGVVSSAAAASAAASRLSSPSAASRVSSAVSSLVSSGGPTSPAALSSTISNVFSQISSSNPGLSGCDILVQALLEIVSALVHILGSANIGQVNSSAAGQSASMVGQSLYQALS,MaSp1,1.233758568763733
377,4502,0.031,8.74,0.72,7.7,PGSGQGGQVGYGGQGGVGGQGGLGGYGQGTGVGAAAAAAGSGQGGIGGYGGQGALGGYGQGAGVGVRAGQGGLGLYGSSYQSSTTYSTSSGSGLGGYGQGSGAGGANGAGSGRGGYGGQVGLGGYVQGAGAVSAASSAGGAGGSGYGGQGAAIGYGQGTGLGSGGAGQGGLGGYGQIAGPGAAFAASGAAGSGQGGLGPYGSSYQSGTSYTVTSQGSAAGLGGYGQGSGTGAAAAAAGAVGSGQGGQGGYLQGAGAGAGAGQGGLGGYGEGAGSATATAAATGGSGTAQGGYGGPSGQGLLVGYGQGAGAGAAAVGAGNVGNTVVNTVSRLSSPTAASRVSSAVSSLVSNGQVNVASLPYVLSNLSASISSTNAALSECEILVQVLLEVVSALVQIASSANVGNINLNASSDYASLVGSSLSNLYG,MaSp1,0.846796989440918
383,4532,0.025,4.25,0.55,9.6,GAAAAAAAAAGGSGGQGGYGQGGYGQGAGEGGQGGYGQGGQGSGAAAAAAAAGGSGGQGGYGQGAGEGGYGQGGQGSGASAAAAAAAGGSGGQGGYGQGSGPRGYGPSGSGSGAASAAASAVSAISSPGSVSRISSTASRIVSGGPINAASLSNTIGSVVYEVRAGNPGASDCEVLVQTLSELLAAVINILGSASIGNINYGASGQSAAVVSQSIQSAMG,MaSp,1.004496455192566
392,4070,0.005,1.29,0.79,28.2,AAASGSGSGGRQGGYGQGGSGASSAAAAASDGSGGDGSGRGYGGQGGYGPGGSSAAAAAASGGRGGDGYDGGYGGPSGSSAASAAASGSGSGGRQGGYGQGGSGASSAAAAASDGSGGDGSGRGYGGQGGYGPGGSSAAAAAAFSGGQGGDGYNGGNGGQGQGGSAAAAAAAAGAGGPGGVGYDGGYGGQGSSASSEAASSNGDGYGGGYGGQGGNGGGASSADALSQGREGGQRGLIRRRVIYKRGPGRNGLGGSGSSAAATASEGFGGDGYGGGNGGENGSSAAAAAAAGGGGQGGDGNDGGYGPGGSSAAAAASGGEQDGDGYGGYNGQVGSEASSAAAAASDGSGGDGSGRGYGGPGGYGPSGSSVAAAAAESGGQGGDGYGGGQGGYGPGGSGAAAAAAGGGPGSDGYGEGYGPGGSSSAAAAASGRGSGGRRGGYGPGGSGGAAAAAASGGQGDDGYGGGQGGYGPGRSGAAAAAAGGGPGSDGYGEGYGPGGSSSAAAAVSGRGRGGGRGGYGQGGSGASSAAASASDGSGGDGSGRGYGGQGGYGPGGSSTAAAASSGSSGGSGAGQGFYGGGLQESAAVASAAASRILSPSSLSRVSSAVSAFADDGKEYPEAFSRVYNNIYSGIASSNPNLSGCEILVQTLLELVCAIMSSYSGLNTGSSTSLISSAMGLNY,MaSp3,1.1585520505905151
396,3909,,,,,GGSGPGGAGPGGYGPGGAGPGGYGPGGYGPGGSGPGGASAAAAAAAGGGGGGQGGYEEIVEYSSGPGGYGPGSSGPGGYGPESSGPGGYGPGGSGPGGSGPGGASAAAAAAAGGSGPGGSGPGGYGPRGSGPGRAGPGGYGPGGSAPGASAAASAAAAISSPASTSRISSVASRLASGGPVNVSRLSSTLGSVVSQVQSSNPGASQCEVLLQALLELVSALLHVLGSANIGNVNYGASGQTSSMVSQAVNQLYG,MaSp2,1.1595300436019897
397,3609,,,,,RRGLFRSAGSGAGSGAAAGAGAGGAGGYGQGYGAGSGAGAGAAAAAGAGAGSGGAGRYGQGYGSGSGAGAAASSGAGSAVSGGYSQGYASGASAGASTSAAAGASAGGGYGGGYGGGAGASVSSGSYSAAVSRLSSAAAANRVSTNVAAIASGGAAALPSVISNIYSGVLNSGVNSSEAFIQALLEVISALVHVLGSASIGNVSSVGVDGAMSAVQNSVGSYFG,MiSp,1.2786009311676025
400,2798,,,,,AGAGAGLGAGYGAGAGAGVGVGAGAGAGAGAGAGAGAGAGAGAGVGVGAGAGAGAGAGYGAGSGSGAGAGVGAGAGAGLGAGYGAGAGAGAAAGAGAGAGGAVSYGQTTQTRTTVYNTVSRMSSDSSSNRVSSATSALANGGLNSLSNVISNISAGIAASSPGLSGCEILVQTLMEVVSALVHILSCSSIGYVNAGSASQSAGAVANAVAAVLG,MiSp,1.5449615716934204
406,4252,,,,,GYGGLGGPGQGGESAAAAAAGGGGRGGFGGRGAGPGGYGRGGSGSAAAAAASSDGSGNDGFGGGYGGLGGPGQGGASAAAAAAGEGGRGGFGGRGAGPGGYGPGGSGSAAAAAASSDGSGNDGYGGGYGGLGGPGQGGASAAAAAAGEGGRGGFGGRGAGPGGYGRGGSGSAAAAAASSDGSGNDGFGGGYGGLGGPGQGGASAAAAAAGEGGRGGFGGRGAGPGGYGRGGSGSAAAAAASSDGSGNDGYGGGYGGLGGPGQGGASAAAAAAGEGGRGGFGGRGAGPGGYGPGGSGSAAAAAASSDGSGNDGYGGGYGGLGGPGQGGGSAAAAAASGGGRGGFGADQGVYDGELQEPAVAAASAASSAASRMSSPSSQSRVSNAVSIFLDNDLRYPETFSSVYNSFVSDISSSNPDLSGCEVLVQSLEELLAATVSRLTGLDSSSAVDVVRSPFY,MaSp,1.2866147756576538
407,6099,,,,,MTWTARLALSLLAVICSQSIFALGQSPWSSARMAESFMSSFANALAQSGAMTPDQMDDIMSINDSIQSGVEKMERTGKTSANKLQAMNMAFASAVAEIAIAEGGQSAGVKTNAIADALASAFLQTTGVVNSQFINEIRSLIGMFAQANSVSISSASASASAGSGGGYGPQAPGGGSAAASGGYGPGPQGPGPQGPGMSSVSISTSTTGGYGPGPQGPRPQGPGPQ,Spidroin,1.0713170766830444
409,4242,,,,,GYGPGSAAAAAAAAFGPYGPGSQGPGGSGNQGPGSQGPGGSGNQGPGSQGPGGSGNQGPGSQGPGSQGPGGYGPGSAAAAAAAAFGPYGPGSQGPGGSGNQGPGSQGPGGSGNQGPGSQGPGSGNQGPGSQGPGSQGPGGYGPGSAAAAAAAAFGPYGPGSQGPGGSGNQGPGSQGPVGSGNQGPGSQGPGSGNQGPGSQGPGSQGPGGYGPGSAAAAAAAAFGPYGPGSQGPGGSGNQGPGSQGPGGSGNQGPGSQGPGSGNQGPGSQGPGSQGPGGYGPGSAAAAAAAAFGPYGPGSQGPGGSGNQGPGSQGPGGSGNQGPGSQGPGGSGNQGPGSQGPGSQGPGGYGPGSAAAAAAAAYGPYGPGSQGPGGSGNQGPGSQGPGSGNQGPGSQGPGSQGPGGYGPGSAAAAAAFAFGPYGPGSQGPGGSGNQGPGSQGPGGSGNQGPGSQGPGYQGPGSQGPSGPGRYGPAASASAAASRLSSPAASSRVSSAASTLASSGANSGALSGVISNLVSQVSANNPGLSGCDVLVQALLEVVSALIHILSSSSVGQVNYAASGQTAQLVSQAVAQALAY,MaSp2,1.1646606922149658
411,196,,,,,AAASAAGTGQGGYRQGGLGGYGQGAGAGAGAAAAAAGAAGAGQGGYGQGGQGGYGQGAGAGAGAGAGAGAAAASAGQGGYGQGGLGGYGQAAGAGAGAASAAAGASGAGQGGYGRGGQGGYGQVAGAAAAAAAAGAAGAGQGGYGQGGLGGYGQGAGAGAAAGAASAAGAGQGGYGQGGQSGYGQGAGAGEGAAAAAAGAARAGQGGYGQGGRGGYGQGAGDSAAAGAASAAGGGQGGYGQGGLGGYGAGAGASAAASGAAGAGQGSGQGAYGYQSSSQYSLSLSAGAAGYGAGAAGGYGQGVGAGAGAGAAAAAGSGQGGLGGYGQRAGAGAGAAAGGAGPGGYGQEGYGQGAGAGAAAGAAAAAGSGQGGRGGYGQGIGAGGAGAGGYGQGGYGQGAGAGAAAAAAAGTGQGGRGGYGQGAAAGAAGAGAGGYGQGGYGQGAGAGALAGAVAAAGSGQGGRGENGQGVGAGAGAAGAGAGGYGQGGYGQGAGAGSAAGAAAAATAGAGQGGRGGYGQGAAAGAAGAGAGGYGQGGYGQGAGAGAAAGAAAAAGSGQGGRGGYGQGVGAGAGAAGAGAGGYSQGGYGQGAGAGAAAAAAGQSGRGGYGQGAGAGSGSGSGDAAGAGSGGQGGYGQGGLGGYGSGAGAGAAAASATGVGQAGYGGYGQGAGSGSGADAAGVGQGGYSSYGQGASVSAGSSTTVVNSVSRMSSPSTSSRVSSAVSNLVSNGQVNVASLPGVISNISSSISASSPGASECEILVQVLLEVVSALLQIVSSANIGEINLNASSDYASMVGSSVQNVYG,MaSp1,1.1003426313400269
414,209,,,,,PGQQGPGGYGPSGPGSAAAAAAAAGPGQQGPGGYGPGQQRPSGYGPGQQGPSGPGSAAAAAAAAGPGQQGPGAYGPSGPGSAAAAAGLGGYGPAQQGPSGAGSAAAAAAAGPGGYGPVQQGPSGPGSAAGPGGYGPAQQGPARYGPGSAAAAAAAAGSAGYGPGPQASAAASRLASPDSGARVASAVSNLVSSGPTSSAALSSVISNAVSQIGASNPGLSGCDVLIQALLEIVSACVTILSSSSIGQVNYGAASQFAQVVGQSVLSAF,MaSp2,1.2916227579116821
415,5567,,,,,SRPPPYRSGPAPGAGSGPGCAAAYGAGSGAGSGSGAGSGSGAGAGSGTGAGAGSGAGAGTGSGAGAGSGSGSGAGSGAGAGSGSGAGSGSGAGFGAEYGAGYGAGYGSGAGAGTGAGAGSGSGSGAGSGAVAGYGAGAGSGAGEGSGSGAGSGAGSGSGSGAGYGYGAGTGTGIGAGAGSGAGAGSGAGSGAGTGAQTTVFNAVSRMSSASAANRVSSAVSSISNSPINPNSISSVISNVSSSVAAANPGLSGCEVLIQALLEVVSALLHILSYSNVGYANPSAAAQTAQAFSSAMAQQVGGY,MiSp,1.4142677783966064
416,5648,,,,,YTTSLLGSDDASSRISGAAYSLAAGGSLNLGALPSVISDLFSQVSASSPGVSSGELLVQVLLEIVSSLIHILSSSHVGQIDFGSVANSAATVGQSLQAIMG,MiSp,1.644645094871521
418,6122,,,,,MQWPTQLSLLFLVLCAQSLTALGGSIWSSTSSAESFMSSFTSSLGNSGLLSYDQMDDVSSIRDTIMSAIEKNPNKNSKSKLQGLNMAFASSVAEIAFSGDTGVSVSAISSAIMDAMSQAIVQTTGSNDPAFLNEIGRIIQMLAQDFAESSASASASASASAGASAGGYAGGAGAGGYAGGAGAAGYGNSIPYSSSGSTAVNQVTGSQTSSQTYGSQSSSTAQTSSSYGASAVRGSTSSYGSGAVAGAASGAGAGAGAGSGYGAGQGYGAGSGAG,MiSp,0.959384024143219
419,6146,,,,,MQWPTRFSLFFLVLFLQGFSALGQQFWSDRASAMAMTNGFVGCLKQSGYFSSEQMDDLDLIIDTTAMQLDKMGNRVSEHKLKALTMGMAGSMAETVVSSPSGVSQALMNSIDSCLTGSMLQVTGNIDQTFRTELLQIITLLSQDEGNAASASAGAAASASAASSSGITSGSAGGYGGAAAAGAGAGAGGAGGYGGGYGSGAGAGAAAAAGAGAGGAGGYGGGYGSGAGAGAGAAAAAGASGAGGYGRGAGAGAGAASAAGAGGAGGYGGGYGSGAGAGAGAAAAAGAGGAGGYGGGYGTGAGAGASAAAAAGAGAGGAGGYGRGAGGGAGAAAGAAGGYGGGYGSGAGAGAGAGAGAAGGYGGGYGSGAGAGAGAAAAAGAGAGGAGGYGRGAGAAAGAAAGAGAGAAGGYGSGYGSGAGAGAGAGAAAAAGAGAGAAGGYGGGYGSGAGAGAAAAAGAGAGGAGGYGRGAGAGAGAAAGAGAGAAGGYGGGYGSGAGAGAGAAAAAGAGAGGAGGYGRGAGAAAGAAAGAGAGAAGGYGSGYGSGAGAGAGAAAAAGAGAGAAGGYGGGYGSGAGAGAAAGAGAGAGGAGGYGRGAGAGVGAAAGAGAGAAGGYGGGYGSGAGAGAGAGAGGAGGYGRGTGAGAGAAAGAGAGAAGGYGGGYGSGA,MiSp,1.0032637119293213
422,6104,,,,,MSWITSLTIPFFIALFCSQYAFTAGQSNNVFTDLARAEQLLTRFSLNIQLRNEFTDQQKGDMGAVGNMILSSMDSMLKSGKNSKAMIQALNMAFASSVAEIAVAEEGGANLDQKTNAIAGALSQAFVETVGYVDNQFVGEIRELILMFAQASANEIGGSSGTAAAASSSASYGPGAGYYGSPGVSSSAAAASAAGSSGPTGSFAPGQYGPSVPSSASTATAAASSQASGPSGPYEKSRPAGPSGPYGPSGLAGPGPYELSGPSGPAGSGPYGPSGPSGPAGPGPYGPSASSSATAAVTAYSPGPYGPSGPAGNGPYGPSGPAGPAGPAGPGPFGPSGPSGPAGPGPYGPSVSSISSSSATAAAYSLGLSGPAGPGPYGPSGPTGPSGPTGPSGPTGPGPSGPSGPAGPGPYGPSSSSSAAAAAYSGGPSGPIGPSRPAGPGPYVPSSSSSAEAAAYSPGPYGPSGPAGPGTYGPSGP,MaSp,1.2507364749908447
424,6113,,,,,MSWTARLAILLLFVACQSSHSLAQYASASAATPWSSPGNAESFMNSFLQSMRQQPGYTPDQIDDMSSIGDTILGSINQMAATGKTSQHKLQALNMAFASAMAEIAASEQGGGSIQVKTNGIANSLSQAFLQTTGSVNSQFINEITQLVNMFAQANSNAIATGSASASAAAAAGSAPSGYGGYGPGPSAGGAGAAAAAAAGAGAGQGGQRGYGQGAGAGAAAAAAGAAGTGQGPAGTYGTGYQSSSTYSTTVTSQTAAGGQRGYGQGAGAGAAAAAAAGGAGQGGYGGQRGYGQGAGAGAAAAAAAAAGGAGAGQGGYGGQRGYGQGAGSGAAAAGASAAA,MaSp1,0.8613811135292053
425,296,,,,,AAAGAGGQGGYGGLGSQGAGQGGYGAGQGGAGSAAAAGGAGGAGQEGLGAGQGYGSRLGSQGGAASAAAAAAGGAGRQGGYGGLGSQGAGQGGYGAGQGGAGSAAAAGGAGGAGQEGLGAGQGYGSRLGSQGGAASAAAAAAGGAGRQGGYGGLGSQGAGQGGYGAGQGGAGSAAAAAAAGGAGGAGQGGLGAGQGYGSGLGGQGGAGQGGAASAAAAAGGAGGQGGYGGLGSQGAGQGGYGAGQGGAGSAAAAAAAGGAGGAGQGGLGSGQGYGSGLGGQGGARQGGAASAAAAAGGSGGQGGYGGLGSQGARQGGAASAAAAVAGGAGGQGGYGGLRSQGAGQGGYGAGQGGSGSAAAAAAAGRAGGAGRGGLGAGQGYGAGLGGQGGAGQGGAAAAAVAAGGTGGQGGYGSQGSGQGGYGGGAYGGQGVAESSAAASAAASRLSSPNAASRVSSAVSSLVSSGGPTSSSALSSTISSAVSQISASNPGLSGCDVLVQALLEVVAALVHILGSSNIGQVNSNAAGQSASLVGESVYRALS,MaSp1,1.4432185888290405
426,6112,,,,,MGWISHVIVLFCLLCTQVTKAYPLQNYKLGIGNVQYGPILDDDNGVNLGRGVQGKQNALGDDLMVAAPSDESGKAIHRRKRGIRSDLNAILSGAYNSIFGKGDNKSVKDFSTYETGSYETQSYETYETESYETGGYETYETGS,Spidroin,1.2197074890136719
430,1790,,,,,QGGSSAAAAAAAAAAGGQGGQGGYGNQGGYGAGQGGQGGSAAAAAAAAAAGGQGGQGGYGGSSSTTQTSQTTYQQSIYGPGGQGGSSAAAAAAAAGGQGGQGGYGGQGGSSAAAAAAAAAAGGQGGQGGYGNQGGYGTGQGGQGGSSAAAAAAAAAAGGQGGQGGLGGQGGLGGQGGLGGQGGLGGQGGSSAAAAAAAAAAGGQGGQGGYGGQGGSSAAAAAAAAAGGQGGQGGLGGQGGSSAAAAAAAAAAGGQGGQGGLGGLGGQGGSSAAAAAAAAAGGQGGQGGYGGQGGSSAAAAAAAAAAGGQGGQGGLGGLGGQGGLGGQGGSSAAAAAAAGGQGGQGGYGGQGGSSAAAAAAAAAAGGQGGQGGYGNQGGYGAGQGGQGGSSAAAAAAAAAAGGQGGQGGYGNQGGYGAGQGGQGASSAAAAAAAGSAGGQGGYGQTTSTQTTQTSYQSSQGGQGGQGGAASAAAAAAAGGQGGYGPSGYGPSSSSASASAAAAALSSPASSSRVSSAASALASGGAVNAGSLSSTISNVVSQVRSSNPGASNCDVIVQALMEVVAAMVHIIGYSNIGQIDFGASSQYAQMVSQSMQQALG,MaSp1,1.042718529701233
434,331,,,,,GSGSGAGSGAGSGSGSGSGSGSGSGSGAGSGSGAGAGSGAGAGAGYGAGLGYGLGLGYGLGAAAGAGSGAGAGSGAGSGSGAGSGSGAGSGSGAGSGSGAGSGSGAGAGGGAGAGAGFGFGAGYGAGSGAGSGSGSGAGSGAGSGSGSGSGSGSGSGSGAGSGSGAGAGSGAGAGAGYGAGLGYGLGLGLGLGAGAGAGAGAGSGAGAGPRAAPAPGVSQIVSSSYRTGPGGSGAGAGAGAGAGAGAGSGYGAGYGYGRGAGAGSGAGSGSGAGSGSGSGSGAGSGSGAGSGSGAGAGSGAGAGSGAGAGYGAGLGYGMGLGYGLAAAAGAGSGAGAGSGAGSGSGAGSGSGAGSGSGAGSGSGAGSGSGAGAGGGAGAGAGYGFGAGYGAGSGAGSGSGSGAGSGAGSGSGSGSGSGSGSGSGAGSGAGAGSGAGAGAGYGAGLGYGMGLGYGLGAAAGAGSGAGAGSGAGSGSGAGSGSGAGSGSGAGSGSGAGSGSGAGSGSGAGAGKGAGAGFGFGAGFGAGSGAGTGSGSGAGSGAGSGSGSGSGSGSGSGSGAGSGSGAGAGSGAGAGAGYGAGLGYGMGLGYGLAAAAGAGSGAGAGSGAGSGSGAGSGSGAGSGSGAGSGSGAGSGSGTGAGGGAGAGAGYGFGSGYGAGRGAGSGSGSGAGSGAGSGSGSGSGSGSGSGSGAGSGAGAGSGAGAGAGYGTGLGYGMALGYGLGAAAGAGAGAGSGAGEGGRAAPAPGLSQIVSSSYRTGPGGSGAGAGAGAGAGPGFGYAAGYNFGGAVSGPAAVQALPVSTFTSSQAVDRVSSLVSSIQSGPINVNALASGLASVISSVKSNNSGLSGCDVTVEVLLET,MiSp,0.8894442915916443
435,6107,,,,,MSFSRLALAFLAVLSTHALFTVASGATPWDSPVLADNFMKSFMDGIGNSGAFTSSQVDDMRTIGDTMIDSVNSLASSGKTSKSKLQAMNMAFASSMAEIAATEEGGMSMAAKTGAISNALRGAFLQTTGYSNENFISEIASLISMISSANENIVSASASAAAGGGYGAPSYSPSSYGPTPLQTSARASVSGPVSQVPSAPAGYRPSVPAGYQPSGPGGAAAAAAAAAASAAASGPGPQGPGAYGPAPQRPGGYGPSGDNGAAAAAAAAAAAAAAAGQGPGGYGPSGPAAAAAGQGPGGYGPSGPAGAAAAAAAAAAGASGAGGPGRQGPAPYIPKPMGPGGYGPSGDNGAAAAAAAAAAAAAAAGQGPGGYGPSGPAGAAAAAGAGASGAGGPGRQGPAPYVPKPMGPGGYGPSGDNGAAAAAAAAAAAAAAAGQGPGGYGPSGPAGAAAAAAAGASGAGGPGRQGPAPYVPKPMGPGGYGPSGDNGAAAAAAAAAAAAGQGPGGYGPSGPAGAAAAAAAGASGAGGPGRQGPAPYVPRPMGPGGYGPSGDNGAAAAAAAAAA,MaSp2,0.9901178479194641
436,5972,,,,,MNWSIRLALLGFVVLSTQTVFTVGQVGTPWANPQIAESFISSFLSIVSQSGAFSANQLDDMATVGDSLKSSIERLAASGRSSKSKLQALNMAFASSMAEIAVAESGGLSIGAKANAIAEALAQAFVQTVGVVNYQFVNEIRGLITMIAQASTNEVSSSAGSGGGGGSGGGSGGGYGPGSYSSASAVSVSGPGPQGPSGPSPRGPSPQGPSPQGPYGPGPSVSVATVSGPYGPGPSGPSPQGPSPQGPSPQGPYGPGPSVSVSTVSGPSGPSGPS,Spidroin,0.9860253930091858
437,165,,,,,AGSSGQGGSGNGAGGSGSGGQGSGGSGQGGYGSGYGAAAAAAAAAAAGLLGPAGALGGLGGIGGGSAPSGGGLGGQGQGGSGGGNNGQGPYGAGSAASAAAAAAAAAGGLYGPGAGSSGQGGSGNGAGGSGSGGPGSGGSGQGGYGSGYGSAAAAAAAAAAAGLLGPAGALGGLGGIGGGSGPSGGGLGGQGQGGSGGGNNGQGSSGPGSAASAAAAAAAAAGGLYGPGAGSSGQGGSGNGAGGSGSGGQGSGGSGQGGYGSGYGAAAAAAAAAAAAGRLGPAGALGGLVGIGGGSGLSGGGLGGQGQGGSGLGNNGQGSSGPGSAASAAAAAAAAAGGLYGPAAGSSGQGGSGNGAGGSGSGGQGSGGSGQGGYGSGYGAAAAALAAAAAGPLGPAGGLGGIGGGQSGQGAGPSGQGQGLSGSGSNGQGPFGPVSAASASSSASAVVGAYGSNAGSSGYGEIWNPTARLSSSSSVARVSSAVLSLASGGVFNPYSLAGVIATLSNSVLNSNPGLSSCEVLVEVLLEVISALVQILSSSTIGYISSSSGDVSSLVAQSVAAAFAG,MaSp1,1.0593583583831787
438,6109,,,,,MNWSIRFALLGFVVLTTQTIYAFGQAATPWENTALAEAFINSFLDSIRQTGVFSLSQQDDMSTIGDTLKTAMERMAQSRKSSKSKLQALNMAFASSMAEIAVAEQGGLSIQAKTEAIASALSSAFLQTTGVINLQFVNEIKSLIYMIAQATTNEVASSAASAGGGYGGGGSGQGVSYGAGAAAAAAAVGGYGPGSQGTGGQGPGSGGPQGSGGQGPYGPGAAAAAAAVAGGYGPGAGQQGPGG,Spidroin,0.9421210885047913
439,5850,,,,,RLLVLPCCILECSSDEAASDSAGGYGPGSGQQGPGGAGQLGPGGAGQQGPGGAGQQGPGGQGLGGAGQQGPGGQGPYGPGSAAAAAASAGGYGPGSGQQGPGGAGQQGPGGQGLGGAGQQGPGGQGPYGPGSAAAAAASAGGYGPGSGQQGPGGAGQQGPGGQGPYGPGAAAAAAAAGGYGPGSGQQGPGQQGPGQQGPGQQGPGQQGPYGPGAAAAAAAAGGYGPGQQGPGQQGPGQQGPGGQGPYGPGGASAAVSVGGYGPQRPSAPVASAAASRLSSPAASSRVQSAVSSLVSSGPANSAALSNTISSVVSQISASNPGLSGCDVLVQALLELVSALVSILGSSSIGQINYGASAQYAQMVGQSLAQALV,MaSp2,0.9779849648475647
440,5990,,,,,MTFTNRLIVLCFVILSIQSTYVSGQITPWSSTELADAFINNFISAISSSGAFNEDQLGDMSAIGDTLRESIDKMARSKKNSKSKLQALNMAFASSMAEIAVVEQGGQNVAKRTNAIADALNTAFYQTTGTEDTQFVDEIRGLIETFAKASSKENSYTDNSGVFSRNFGGNSAAADAGDGGSGQGGYGGNLGGNSAAASAGDVGSRQGGYSGNIGGQGGLSGDSVASAASAGGNGGSRQSGYGGNFGGPGSNSAAAAAGGDGGSGQGGYGGNIGGQGGLSGDSFAAAASAGGNGGSRQGGYGGNFGGPGGESAAAAGGDGGSGQGGYGGNIGGQGGLSGDSVAAAASAGGNGGTRQGGYGGNFGGPGGESAAATAGGNGGSGQGGYDGNFRGPGGLGGISIAVTSSAGGDGSYGQGEYSRNFGGRGGGGDDSVAAAASAGGNGGSRQGGYGGNFGGPDGESAAAAAGGNGSSGQGGYGRNLGGQVGNSVAAAAGGDGGSGQGGYSGNIGGQGGLSGDSAAAAAGRYSGSGQGGYGGNLGGPGSNSAAATAGGGSGQGEYG,MaSp,1.1951431035995483
442,6120,,,,,MQLPTRIWLFFTVLFIQGFLTQGQQFWANKNSAIAVTNAFVNCMSQSGVMTADQLDDMSMISGTVEGQLQKMGDQVSAHKMKALSRAFGASVAEIAASSQSSAMSGTIESCMRSSMNQIIGGTDEVFLAEILQIIGLFAQDEASASASASAGGYAGGYGGGAGAGAGAGAAAGAAGGYSAGSSYSSSTGSSSSFQSAGYSSAGGYGGGAAGGAGAGAAAGAGAGAGAGQGSGYGGGYGSGAGAGAGAGAGAGAGQGSGYGGGYGSGSGAGAGAGAGAGAGAGAGRGAGYGGGYGSGAGAGAAAAAGAGAGAGGAGGYGTGYGAGSGAGAAAGAGAGAGRGAGYGGGYGSGSGAGAGAGAAAGAGAGAGAGAGQGSGYGGGYGSGSGAGAGAGAAAGAGAGAGAGAGRGAGYGG,MiSp,0.960645854473114
444,6125,,,,,MSWTARLATLLLFVACQSAVIKAQSPWDSTAVAESFINGFMGAMAQSGSLNGDQMDDMNIVGDTVLTSMNKMVASGKSSKSMLQALNMAFASSMAEIAVQSPNVAAVSSAIANALSSAFLQTTGVVNYQFIQEISSLIRMFAQNQSNEVNVGAGAAASASAGGYGQAAGTGGGYGAGAGAGAGAGAGAGAAAVSTGSSQGGYAQTSYQSGSSASTSASSLGQQSYSQQQAYGSSAGASAAAGAGAAAGGGAGAGYGQGLGAGAGAGAAAGAGAGAGAGYGQGAGAAGLGGYGAGAGAGAAAAAGAGAGAGAGYGQGAGLGGYGQGAGVGAGAGAGAGAGAGAGGYGQGAGAGYGQGAGAGYGQGAGAGAGAAAAGGAGAGAGYGQGGYGQGAGAGAGAAAAAGGAGQGGYGAYGTSSDSSSGFSVSISSQSGQGYGQGAGAGAGSAAGAGAGAGAGYGQGLGAGGQGGYGQGAGAGAGAAAAAGSGAGAGYGQGAGGLGRYGQGAGAGAGAGAAAAAGAGAGAGYGQ,MiSp,1.0880781412124634
