Unnamed: 0,idv_id,toughness,young's_modulus,tensile_strength,strain_at_break,sequence,protein_type,predicted_young's_modulus
0,315,0.425,17.5,2.62,31.0,YGQNGYGSSSGASGTSSGTSQGQAGYSGQIGGPDSSAAASAASAGQGYAPGQGQQTGLGGSSAAAASAAESQGYGAGQSGYSGQPGYSSSSSAISISLGYGQNGYGPATGASGAGSGAGQGQGGYVGPDSAAAASAASAGQGYGPGQGQQAGPGGSSAAASAADSQGYGPGQSGYSGQQGYSSSSSAIAISLGYGQNGYGPSSGSSGTSSGTGQGQAGYSGQLGGPDSSAAASSASAGQGYGPGQGQQAGPSGSPSSSAAAASAAGSQGYAPGQSEYPGQPGYSSSSSAISISLGYGQNGYGPGTGASGAGSGAGQGQGGYAGPDSAAAASASSAGQGYGPGQGQQTGAGGSSAAAASAADSQGYGPGQSGYPGQQGYSSSSSAIAISLGYGQNGYGPSSGASGAGSGAGQGQGGYVGPDSSAAASSASAGQGYGPGQGQQAGPSGSPSSSAASAADSQGYAPGQSEYPGQPGYSSSSSAISISLGYGQNGYGPGTGASGAGSGAGQGQGGYAGPDSAAAASASSAGQGYGPGQGQQTGAGGSSAAAASSADSQGYGPGQSGYPGQPGYSSSSSAISISLGYGLNGYGPSSGASGTSSGTGQGQAGYSGEIGGPGSYAATSSAPSGQGYAPGQGQLGAAGSSSSSAAAATSSSQGYGPGQSSYAVQQGSARAASAATASAAASRLSSADSSSRVSSAVSSLVSNGPTNPVALANAVSSVMSQVNASSSGLSECDVLVQALLEILSAFVHILGSATVGEVSYDATSPTAQVVSQSIAQVFA,MaSp1,14.172829627990723
1,3470,0.421,30.4,3.06,24.1,AGAGACAAAGAGAGAGGAGGYGQGYGAGAGAGAGSGAGAGSGAGAGAGGAGGYGQGYGAGAGAGASAAAGAGAGAGGAGGYGQGYGTGAGAGAGSGAGAGSGAGAGAGGAGGYGQAYGAGSGGGAGAAAGAAAASGQAAGAVSRLSSSSATSRVSSAVSSLVSSGVVSSDSLKNVISSTAAGVAASHPGLSGCEVLVQTLLEVVSALVHVLSSSNIGNVDPNRAAQSSAMVRNAMSYSMG,MiSp,11.554149627685547
10,5816,0.286,9.92,2.45,27.2,GGPDASAAASASDSGRGYGPGQGEQASSSGSSAAASAADSQGYGPGQSGYPGQQGYSSSAIAISLGYGQNGYGPVSGADQGQGGYGGQQGGLRTAAAGSASSPGQGYGPVQGQLGTSVSSPSTVSSAQGYGPGQSSYPLQQGSTGGASAATASAAASRLSSVDASSRVSSAVSSLISNGPTNPIALANAVSSVMSQVSASSSGLSECDILVQALLEIVSALVHILGSATVGEVNSDATSQTAQMVGQSIAQAFS,MaSp1,9.908249855041504
13,7438,0.284,8.73,1.17,42.8,MSSFKILSLACLVVLCTQAIVIVEGAGSPWESPQLAQSFINSFLRAISWSGAFSFNQLDDMSTIGETLIVSMGRFTGSKKNLKSKLQALDMAFASSMAEIAVAEQGGLSITEKTNAIENALNAAFLETTGVINTQFVSEIKSLIYVIAQTSTNEISNMPTSGAGGYAQAASGSQGPGSSVNFATSYGPGPQGQSAPRTQGPSPQGPTGPRPQGPGSPVSS,Spidroin,6.603531360626221
15,5564,0.267,4.61,1.97,31.3,SVSRLSSYDASSRVSSAVSSLVSSGGPNVDSLSNVISYISSSVAASNPGLSGCEVLVQTLMEVVSALVHILSSANIGNVNIGGAGQSTYTVGNAFANALG,MiSp,14.533650398254395
16,6756,0.267,26.8,1.88,27.1,MTWSFRVAIPYFFLLLCSQYSLSTAGTGSSPWSSPQLAESFLSSFMAAMSSNPSFTGQQIDDMTSIGSTILTSMKQMADSGKSSKATLQALNMAFASSVAEIAVTEEGGSSINQKTDAIAEALAQAFLQTTGAVNQQFIGEIRELVSMFAQAALNDVSSTAVASAGATYPKSTGQYIAGGASSFGPAQYGPGAGSSAAAAAATAGTTSETEQYGPGPGSSGPTQYGPGAGSSAAAAAAAAAAASSGPGQYGPGTGPSGPTQYGPGSESSAAAAAAAAARLSGPGQYGPGIYGPGTGPSRPQYGVGAGSSAAAAAGAAAATSAPGQYRPAPGPSGPTQYGPGAGSSAAAAAAAAAAASSGPGQYGPGTGPSGPTQYGPGSESSAAAAAAAAARLSGPGQYGPGIYGPGTGPSRPQYGVGAGSSAAAAAGAAAATSGPGQYRPAPGPSGPTEYGPGAGSSAAAAAAAAAAASSGPGQYGPGTGPSGPTQYGPGSESSAAAAAAAAARLSGPGQYGPGIYGPGTGPSRPQYGVGAGSSAAAAAGTAAATSAPGQYRPAPGPSGPTQYGPGAGSSAAAAAAAAAAASSGPGQYGPGTGPSRPTQYGL,MaSp,4.414801120758057
17,2918,0.262,12.3,1.84,26.4,GGSGMGGAGQGGYGSGQGGQGGLGGGAAAAAAAAAGGAGQGGQGGYGSGQGGQGGYGSGQGGLGGGAGAAAAAAAAGGLGGSGMGGAGQGGYGSGQGGQGGLGGGAAAAAAAAAGGAGQGGQGGYGSGQGGQGGYGSGQGGLGGSSAAASASAASAAASRLSSPAASSRVSSAVSSLASGGVSSPGALSGVISNVVSQISSSNSGLSGCDVLVQALLEVVSALVHILSSSSIGQVNYGSAGMSAQLVSQEVSQALGY,MaSp1,9.379392623901367
24,6787,0.243,14.0,2.04,19.7,MSFTSRLALSFLVLFCTQSMIALGQSNNPWSNAQLAESFIRCFLAEAGNSGAFNADQMDDMSSIGDTLMGAMEKMARSNKSSKSKLQALNMAFASSVAEIAVVEQGGMSIAVKTNAIADALSNAFLQTTGAVNVQFVNEIKSLITMFAQNNVNEVSYGGSSGGAAAASASAASGGYGGSAPSSGGYGSGPSYGPSGSSYQVSVSSSSSGSQGPSGPVQQGPSGPAPQGPSGPGGYGPGPQGPSGPGPQGPSGPGSYGPGPQGSSSSVSISVSSSRGPSGYGPGPQGQTGPQGPGAQGPGGYGPGASAAAAAAGGGQGGQGGYGSGQGGQGGQRGYGQGSQGGQGAGASAAAAAAAAGGAGGLGGGDQGGYGSGRGGQGGYGQGGQGGQGAGQGGQGAGASAAAAAAAAGGAGGLGGGDQGGYGSGRGGQGGYGSGQGGQGGQGGYGQGGQGGQGAGASAAAAAAAAGGAGGLGGGDQGGYGSGRGGQGGYGSGQGGQGGQGGYGQGGQGAGASAAAAAASAGGAGGLGGQGGYGSGQGGRGGQGAGQGGQGAGASAAAAAAAAGGAGGLGGGDQGGYGSGRGGQGGYGSGQGGQGGQGGYGQGGQGGQGAGASAAAAAAAAGGAGGLGGGDQGGYGSGRGGQGGYGSGQGGQGGQGGYGQGGQGAGASAAAAAASAGGAGGLGGQGGYGSGQGGRGGQGAGQGGQGAGASAAAAAAAA,MaSp1,8.230603218078613
26,4426,0.239,9.01,1.05,34.3,GYGQGAGAGAGAAASGAGQGGYGSFGATSQTSSGLSISLSSQGQYGQTSGAGAGSGAGAGAAGAAAGAGAGAGAGYGAGAGAGAGYGQGAGAGADAGYGAGAGAGTGYGAGIGYGQGVGAGTGAGDGAGGYGQGYGAGAGATVAVGADARAAVSNSVSRLSSGAASSRVSSAVSSLVQNGRPNIASLPNVISNLSSQVSASTPGASGCEVMVQVLLEVVSALVHILSSASVGSIDMSAVGNSANTVGNAFGNMG,MiSp,10.1912260055542
27,5842,0.233,20.3,3.33,12.7,GPGGYGPSGPGAAAAAAAAAGGQGTYGPGQQGPGQQVPGQQGTGGQGPYGPGAAAAAAVAAGGYGPQGPGGSGPQGPGQQGPGGQGPYGPAAAAEAAAGYGPGQQGPRQQGPGSQGPYGPGAASAAVSVGGYGPQRSAAPVASAAASRLSSPEASSRVSSAVSSLVSSGPSNPAALSSTISNVVSQISASNPGLSGCDVLVQALLELVSALVSILGSASIGQINYGASAQYAQAVGQSVAQALA,MaSp2,8.332369804382324
31,6767,0.226,9.59,1.51,25.4,MNWSIRLALLGFVVLSTQTVFAVGQAASPWSNPQLAESFINAFLNGVSGTGAFSGDQLDDMATVGDSLRSSIERLAASGRSSKSKLQALNMAFASSMAEIAIAESGGLSVSAKADAIASALAQAFVQTVGAVNYQFVNEIRGLISMIAQSTLGEVSSSGGSGGGGGGSGGGSGGGYGPSSYSSASAVSVSGPGPRGPSGPSQQGPSPQGPSQRGPGPVSSVAVSVSGPYGPGPSGPSQQGPGQQGPGQQGPGGQGPYGPGAAAAASAAAGGYGGRQGPGSGGQSGSGSQGQNGPGSGQQGPGRQGPYGPGAAAAAAAAAGGYGPGAGGSGSGSGGQQGPGSGGQQGPGGQGPYGPGAAAAAAAAAAGGYGPGSGSGSGGSGQQGPGGYGSGGPGQGGAGQGLYGPGAAAAAAAAGGYGPGAGGSGSGSGGQQGPGSGGQQGPGGQGPYGPGA,MaSp2,8.555612564086914
35,2004,0.221,12.2,1.14,30.2,AAGGPGGQGPYGPGSQGPGSGGQGPYGPGQQGPGQQGPGGYGPSGPGGAAAAAAAAAAGGPGGQGPYGPGSQGPGAGGQGPYGPGSQGPGSGGQGPYGPGQQGPGQQGPGGYGPSGPGGAAAAAAAAAAGGPGGQGPYGPGSQGPGSGGQGPYGPGQQGPGQQGPGGYGPSGPGGAAAAAAAAAGAGQQGPGQQGPGGYGPSGPAAAAAAAAGGPGGQGPYGPGSQGPGSGGQGPYGPGQQGPGGYGPSGPGGAAAAAAAAAAGGAGQQGPGQQGPGGYGPSGPAAAAAAAAGGPGGQGPYGPGQQGPGQQGPGGASAAAAGTGGQGPYGPGSQGPGSGGQGPYGPGQQGPGLQGPGVYGPSGPGGAAAAAAAAGGQGPTSYGPSGAIPGVSASVSSAASRLSSPAAASRVSSAVSALASSGPYDARAVSSTLSNLVSQVSTYHPGLSGCDVIVQALLELVSALVHILGSSSIGQVDYSGAIYSAQTLAQAVAQALA,MaSp2,9.269981384277344
36,7298,0.217,8.21,1.15,30.5,MSWTARLALLLLFVGCQSSQSYAQSSSVWSNPETVENLMSNFMNFMKTQSAFTPDQLDDMSTIASTMISSVKRVAASGRTSAHAMQALNMAFASSMAEIAAAEEGGGSLQAKTSAIANALASAYMQTTGSVNRQFINEITQLVSMFAQGNVNEVSAGASASATSTAAGQGGYGQGRYGAGASASAAGAAGAGQGGYSQRGFGQAATAGASAAATGASGSAQGGQGAGAGAAATAGQSGFGGYGQEAKSGYGNGNRAGATGASQGGYGQGGYGQGSETGQGGYGQGSGAGAATVAAAAGAAGQGGYGQGGNGQGSGEGAGAAAAAAA,MaSp1,5.643214225769043
43,1486,0.207,10.6,1.5,25.5,GFGIRGAGPGGYGRGGAGSAAAAAAASDGSGGDGYGGGYGGLGGLGQGGDSSAAAAASGGGPGGFGIRGAGPGGYGRGGAGSAAAAAAASDGSGGDGYGGGYGGLGGLGQGGDSSAAAAASGGGPGGFGIRGAGPGGYGRGGAGSAAAAAASDGSGGDGYGGGYGGLGGLGQGGDSSAAAAAASGGGPGGFGIRGAGPGGYGRGGAGSAAAAAAASDGSGGDGYGGGYGGLGGLGQGGDSSAAAAAASGGGPGGFGIRGAGPGGYGRGGAGSAAAAAAASDGSGGDGYGGGYGGLGGLGQGGDSSAAAAASGGGPGGFGIRGAGPGGYGRGGAGSAAAAAASSDGSGGDGYGGGYGGLEGLDQGGDSSAAAAAAASGGGPGGFGIREAGPGGYGRGGAGSAAAAAAASDGSGGDGYGSGYGGLGGLGQGGDSSAAAASGGGPGGFGIRGAGPGGYGGGGAGSAAAAAAASDGSGGDGYGGGYGGQGGLGRDGSSAAASAANGGGRRGFGRRGAGPRGYGRGGAGSSAAAAAASDGSGGDGYGGVYGGLGGLGQGGDSAAAAAASGGGPGGYGAGPGLYGGDVQEPAAASAATAASAASRMSSPSSQSRVSSAVSIFSENDLRYPETFSSVYNNFVSDIISSNPNLSGCEVLVQVLLEILAATISRYSGLDSGSSMNVVSSAVSSPLY,MaSp3,8.394124031066895
44,7041,0.206,7.14,1.5,25.9,MSWTARLAILLLFVASQSSLTLAQSTPWSDPGTAENFMNSFMAVISTQPVFSADQLDDMTMIGDTIMTSVRKMVQSGKVSANKLQAMNMAFASSIAEIAVAEGGANIPAITSAIADSLNAAFLQTTGNVNVQFVNEITQLVSMFAQDTAANAVSSSAAASTSAGGSVSRGYGQTAGSGVSVIAAGATGPGTVSNYGPSYQTSSGYTVSISSQGGASGGLGGYGPGAAAGAAAAAGASGAGQGGLGGSGQGGLGGYGQGAGAGAAAAAASAAGGAGQGGLGGYGQGGLGGYGQGAGAGAASAAAAGQRGLGGSGQGGLGGYGQGAGSGAAAAAAAGAGGAGQGGLGGSGQGGLGGYGQGAGAGAAAAAAAGAGGAGQGGLGGSGQGGLGGYGQGAGAGAAAAAAAGAGGAGQGGLGGSGQGGLGG,MaSp1,7.4926676750183105
45,6949,0.204,10.1,1.91,21.9,MSFTSRLALGFVVLFCTQSMFALGQANTPWSSPQLAEYFIRVFLEYASGSGAFTNEQVEDMSSIGDTLMGAMEKMARSNKNSKSKLQAINMAFASSVAEIAVVEGGQSISVKTNAIADALTSAFLQTTGSVNYQFVNEIKSLITMFAQNSANEVSYGGSSGGGGSAAASASASSGGGGGSGGTSPGGGSSPSYGQPGGSSYSVSVSSVSQSYGPGPQGPGQQGPGQQRPIQQGPGQQGPRQQGPGSQGPGGYGPSSASAAAAAASGPGQRGPGPQGPGQQGPGQQGPGQQGPGQQGPGQQGPQQQGPGQQGPGQQGPGGSSYSVSVSSVSQSYGPGQQGPGQQGPGSQGPGSQGPGGYGPSASAAAAAAASGPGGYGSGQGGQGNQGGQSGQGNQGGQGGQGGYGSNQGGQGGYGSGQGGQGGAAAAAAAASAGGPGGYGAGQGGQGNQGGQGGQGNQGGQGGQGNQGGQGGQGNLGGQGGYGSNQGGQGGYGSGQGGLGGGAAAAAAAAAAGGAGGQGGQGNQGGQGGQGNQ,MaSp1,8.760010719299316
49,2664,0.198,16.6,1.18,25.0,GAGAGYGQGAGAGAGAGAGSGAGLGAGAGYGQGAGAGTGAGYGQGSGAGAGAGAGAGAGYGQGAGSGAGAGYGQGAGAGAGAGYGQGAGAGAGAGLGAGAGYGQGAGAGAGAGAGSGAGLGAGAGYGQGAGAGAGAGYGRGAGAGYGQGTGLGAGAGYGQGAGAGAGAGAGAGYGQGAGSGAGYGQLISAAQAAAAAAAAAASAAGSTQSTKTETVVYDQAYSNQASSAAAASATAQRVVAGYGQGAGAGAGSGAGAGSGAGLGTGAGYGQGAGAGAGSGAGAGYGQGAGAGYGQGAGAGAGAGAGYGQGAGAGYGQGAGAGAGSGAGAGYGQGAGAGYGQGAGAGTGAGYGQGAGIGAGAGAGAGAGAGAGYGQGAGSGAGAGYGQGAGAGTGAGAGAGSGAGYGQGAGAGYGQGAGVASGAAYAVSSDASSAAYNSVSRLSSSSATSRVSSAVSTLLSSGGPNANALSNIISNLASSVSASNPGLSGCEVLVQTLLEVVSALVHILSSSNIGNVNLSDAGSYSSMVGQSVAQVFA,MiSp,9.081681251525879
50,3964,0.196,9.12,1.35,24.8,GPGGQGPSGPGQQGPGSQGPGGQGPYGPQGPGGASAAAAAAAAGGPGGYGPGSQGPGGQGPSGPGSQGPGGQGPYGPGSQGPGGQGPYGPQGPGGASAAAAAAAASGPGGYGPGSQGPGQQGPGSQGPGGQGPYGPQGPGGASAAAAAAAAGGPGGYGPGSQGPGGQGPSGPGSQGPGGQGPYGPGSQGPGGQGPYGPQGPGGASAAAAAAAASGPGGYGPGSQGPGGQGPSGPGQQGPGSQGPGGQGPYGPGSQGPGGQGPYGPQGPGGASAAAAAAAASGPGGYGPGSQGPGQQGPGSQGPGGQGPYGPQGPGGASAAAAAAAASGPGGYGPGSQGPGQQGPGSQGPYGPGSQGPGSQGSYGPGASASAAAARLSSPSASSRVSSAASSLVSNGGANSGALSSVINNLVSQISYSSPGLSGCDVLVQALLEVVSALVHILSSSSVGQVNYGASGQSAQLVAQAVAQAVA,MaSp2,9.508183479309082
52,2376,0.195,9.71,1.45,27.4,VGAGAGAGAGAGYGAGSGTGAGGGVGAGAGAGVGVGAGAGAAAGSGAGIGYGAGTGAGAGGSAGYGAGAGYGAGSGVGAGTGAGAGSGTGAGAGAGAGSGFGTSYSTTSSNIYSMTNFGSGIGAGVGAAVGSGSGAGAGVGSSVGAGLGAGVGTGAVVGTGFGAGAGLGAGTGAGVGAGAGAGAGAGAGAGVGVGIGYGTGSGAGFGSGVVSGSGGGAGSSYVSGFGSTVSAASSRLTSPAATSRVTSAASGLVSGGYFNSNALPNIVSSLTSQIQSTSPGLSECDLLTQVLLEVLSALIHILSSSTVGPLDFSNLEQSYRPISTAFGR,MiSp,10.97276782989502
66,3541,0.181,16.6,1.84,17.9,GPQGPGGPGSQGPSGPGSQGPGGYGPGSQGPGGYGPGAAAAAAAAASGPGGSGPQGPGSQGPGGAGPQGPGGYGPGSAAAAAAAASGPGGYGPQGPGSQGPSGPGSQGPGGYGPGASAAAAAAASGPGGYGPQGPGGPGSQGPGGPGSQGPGGYGPGSQGPGGYGPGAAAAAAAAASGPGGYGPQGPGGPGSQGPGGPGSQGPSGPGSQGPGGYGPGASAAAAAAASGPGGYGPQGPGGPGSQGPSGPGSQGPGGYGPGSQGPGGYGPGAAAAAAAAASGPGGSGPQGPGSQGPGGAGPQGPGGYGPGSAAAAAAAASGPGGSGPQGPGGPGSQGPGGYGPGGYGPGAAAAAAAASSGPGGYGPQGPGGPGSQGPGGPSSQGPGGYGPGAQGPGGAGPQGPGGYGPGAAAAAAAAAASGPGGYGPQGPGSQGPGGPGSQGPGGPGSQGPTGYGPGSQGPGGYGPGASAAAAAAASGPGGPGSQGPSGPGSQGPSGPGSQGPGGYGPGAAAAAAAASGPGGPGPQGPSGPGSQGPGSYGPGSQGPGGYGPGAAAAAAAAASGPGGPGPQGPGAQGPSGPGSRGPAGYGPGAAAAAAAAASGPSGPGGYGPGPQGPGGYGPGSQGPSGPGSRGPSGPGGYGPGASASAAASRLSSPASSSRVSSAASTLVSSGGANAGALSSVISNLVSQVSANSSGLSSCDVLVQALLEVVSALVQILSSSSVGQINYGAAGQFTQLVSQAVAQAF,MaSp2,10.427759170532227
68,7322,0.18,16.1,1.68,17.6,MSWTARLAILLLFVACQSTHSLAQYASANANTPWSSPAKAEAFMGSFMQSMGQQQGFTASQLDDMSSITDTILSSIAKMAREGKTSSNKLQALNMAFASAMAEIAASEEGGANIQVKTNGIANSLSNAFLQTTGSVNGQFINEITQLVSMFAQANSNAVATSSASASSAAAAGSAPSGYGGYGPGPSAAGVGAAAATGASAPGPGGYGPSYQTGSSVSLSVSSQGQGPSYGGYGQGTGSSAAAAGGAGAGQGGYGQGAGAGAAAAGAAGTGQGPAGSYGTGYQSSSTYSTTSTSQALGGGQGGYGPGSGASAAAAAAAGAGAGQGGYGGQGGYGQGAGAGAAAAA,MaSp1,5.238448619842529
70,77,0.179,6.3,1.04,28.9,GGAAAAAAAAAGGAGGAGQGGLGAGQGGLGAGQGYGAGQGYGSGLGGQGGAGQGGAAAAAAAAAGGAGGAGQGGLGAGQGGLGAGQGGLGAGQGYGAGQGYGSGLGGQGGAGQGAAAAAAAAAGGAGRAEQGGQGAGQGYGAGQGYGSGLGGQGGPGASAAAAAAGGLGGQGGYGGLGSQGSGGFGQGGYGGQQGAASSAAAVSAAASRLSSPSAASRVSSAVSSLVSSGGPTSSSALSSTISNVVSQISSSNPGLSSCDVLVQALLEIVSALVHILASASIGQVNTNSAGQSASIVGQSVYQALS,MaSp1,8.668427467346191
71,7392,0.176,11.1,1.64,21.5,MVWKSRSLLLLLVVLSCQAVLSQSQSDSPWSNTEKAEFFIRSYLEAISRSNAFTDGQLDDMSSIGDTLMGAMEKMARSNKSSRSKLQALNMAFASSMAEIAIVDQGGQNVDTKTSAITDALSEAFYRTSGTINTQFINEIRELITMFSRASANQNTVGSGIAASAASGTNEGYSPSISSGNAGQQGASGSSAISISLGSGGSQGAYSGPQFGTGVTAGSQRESGYSSQQGSVGASVVTTSTSGSYSQDQGGYSGQQGPIGTSTSVSSTTNGYGQGQEGYGPTRSSEASFAFAFGENQGRYGGQQIESGTTGAGQGQVGYGGQQAGPGSSVASVSATGSSGQDQVGYGGQGPSDAGATVAAASSAGSYGQDQGVYGGQQAPSGTSASAGGYDQGQGGYGPSGSSAASFSFAFGGSQGGYGGQQIGSRSTGVGQVQLGYGGQQAGPGSSVASVSATGGSGQDQVGYGGQGPSGAGTSVAAASSAGSYGQDQGVYGGQQAPSGTSASAGGYDQGQGGYGPSGSSAASFSFAFGGSQGGYGGQQIGSGSTGVGQVQLGYGGQQAGPGSSVASVSATGGSGQDQVGYGGQGTSGAGTSVAAASSAGSYGQDQGVYGGQQALSGTSASAGGYDQGQGGYGSSGSSAASFSFAFGGSQGGYGGQQIGSGSTGVGQGQLGYGGPQAGPGSSVASVSNTGVSGQDQVGYGGQGPSGAGTSVAAASSAGSYGQDQGVYGGQQALSGTSASA,MaSp,9.594748497009277
75,3799,0.171,11.9,1.19,26.3,AGPGGYGPGQQGPGQQGPGQQGPAGYGPSGPSGPGGAAAAAAAGPGGYGPSQRGPSGPGSAAAAAAGAGPGGYGPGQQGPSGPGSAAAAAAAGPGGYGPSQQGPARYGPSGPGSAAAAAAGAGTAGYGPGPQASAAASRLASPDSGARVASAVSNLVSSGPTSSAALSSVISNAVSQIGASNPGLSGCDVLIQALLEIVSACVTILSSSSIGQVNYGAASQFAQVVSQSILSAF,MaSp2,11.557082176208496
81,5659,0.167,11.0,1.7,18.0,GAGSGAAGLGGLGGNGGPAGSSSIASAAAAAGSGTGGLGGLGLYGQGSGLGDGVGAVAGGLSGQGIGAGAGVAVSVGADAQAAVSNSVSRLSSGAASSRVTSAVSSLVQNGAPNLSALPNVFSNLSAQVSASSPGASECEVIIQVLLEVVTALVNILSVANVGPIDLSSVGNAAGLVGDAVMG,MiSp,13.669574737548828
85,4523,0.165,10.3,1.39,20.3,GSGQGSGGSGQQGPGGQGSGGSGQGGSGGQGLYGPGSAAAAAAAATGGYGLGGGQGSGGSGQQGPGGQGSGGSGQGGSGGQGLYGPGSAASAAAAAGGGYGLGGGQGSGGSGQQGPGGQGSGGSGQGGSGGQGFYGPGSAAAAAAAAGGYGPGSGQGSGGTGQQGPGGQGSGGSGQGGSGGQGLYGPGSAASAAAAAGGYGPGGGQGSGGSGQQGPGGQGSGGSGQGGSGGQGLYGPGSAAAAAAAAGGYGPEGGQGSGGSGQQGPGGQGSGGSGQGGSGGQGPYGPGSAAAAAAAVGGYGLGGGQGSGGSGQQGPGSQGSGGSGQGGSGGQGLYGPGSAAAAAAAAGGYGPRGGQGSGGSGQQGPGGQGSGGSGQGGSGGQGLYGPASAAAAAAAAGGYGPGAVQQGSGGQGPASGGQRPGSGGQQGPGSQGPYGPSAAAAAAAVGGYGPGSGSQGPGSQAPVASAAASRLSSPQASARVSSAVSSLVSSGPTNPSALSNTISSVVSGVSGSNPGLSSCDVLVQALLEVVSALVHILGSSSIGQINYDASSQYAQMVGQSVYQALG,MaSp2,10.058222770690918
88,7610,0.164,22.8,1.65,16.5,MIWITRLSLAFLLALCIHSKFAVGQATPWESVAKADAFVQSFMSSAGQSGVFSSDQMDDMSSIGDIMMSAMGNMKGKVTPHKLQALNTAFASAVAEVAISDAAGQNVQATTEAIANALNSAFYQTTGASNAAFVNEIRTLINMFAQASGNAISSGPVSGGPVGYGPGPSVSVSAPTTTTTIIQRPSQTVSSYRPPQTVTSYTPGQTVSQTSYGSSETITYSSGTTGGYGGQGSGTGASSAASAAASGAGGAGGYGAQGYGTGGYGTGGAGSSAASAAAGGGGGKGGYGSGGYGTGG,MaSp,8.456910133361816
90,4023,0.162,4.25,1.08,32.7,AGGAGGYGAGAGAGAAAGAGSGAGGAGGYGRGVGGYGSGAGAGTGAGGYRSGSGASAGAGEGGYGAGAGAAAGARAGAGGYGRGASAGAGAGAGGAGYGAGYGAGAGTGGAGGFGAGLGAGAGAGVGAGSAAGNVFAQSLASNLLSSDDFVSMISSTTTTDQAVSVASSVAQSVGGQLGLDADSLNNLINSVNAYVASVGALADAASYARAISAALGNVLSSTGTITESSAASAASSVASTVTTTLTNYGSTAGAGNSGGYRANAAAGGASSAGTKVGGAGGYAGGAGASAGADAGVGAGYGSGYNAGAGAAARFGARGAGSYGRDMGVSAEAGAVGASGYGVGTVAGAGAGAGAGAGGSGYGVGYGSGAGAISAASAGGYGRGAGSGSGASAGGYGAGDGAGSAANAGGYGRGLGAGSAYGAGAGAATAVGTGTGGAVNYVSGAGAVAGGARGYGARYDAGAGAGAAVDAGTGAGGYGAGAGAGGYGRGLGAGSGVDAGTSGAGGYGAGYGVGAGAGAGASSAAGNAFAQSLASNLLSSNDFVSMISSITTTDQAVSVASSVAQSVGGQLGLDYDSLNNLINSVSAYVASVGALADAASYANAISAALGNVLASTGTITESSAASAASSVASTVTTTLTSYGSSAGSGAAGGYGASTGPGGYGANADAGARGYGAGGSASSATSAAAGAGGAGGNRIGIGAGAGAGAGAGAGSQDAVGYGSGAGAGSTAAVGARAGAAGGYRRGGGSGSGAGAGAGAGGYGASVGTAKATTASARAGATGGYGRGAGAGSGAEARGYGAVRAEGFGAAGTGAAGGYGRSDGAGYGSGVGAGANAGAGAGSVVGYGTRSGAGAAAAANVGDVNASGSGGYSSAGSDVSTTVSTTTSRLSSASASSRISSAASTLVSGGYLNTAALPSIISDLYSQISASSYGASASEVLVQVLLEIISSLIHVLGSSSVGVVDFGSVGDSAATVSQSFQSIMG,MiSp,7.374261379241943
93,6795,0.161,17.3,2.3,13.3,MTWTARLALILLVALCNQSKFAHGGRTHPFRDSATAEAFMSSMVRTLANTGLMDDDDLDTFGMLATTMTKAADKIGKSGKDNPKSMEAINMGLGAGLAEILSGKGENIAVTTGAVRNALTSAFLQTTGVIDEQFISEIVKLIEMFAQVQDSTGNGAESDTSIAVSSSASGGYGSGPQPFSAQGPGSSSVSVSASAPGGFPQGSAGPQGPFGTGESSYQYSISVNSISDSPGGYGGQYGTGYGASQGGYGNGQEGAGAAAAAASAGGPGGLGSQGGSGYGQGGYGNGQ,Spidroin,14.296806335449219
95,1841,0.16,21.9,2.37,15.0,GGSGPGSAGPGYGPGSYGPGSSGPGQYGPGGSGPGAASAAAAASAAGGSGPGSAGPGYGPGSYGPGSSGPGQYGPGGSGPGAASAAAAASAAGGSGPGSAGPGYGPGSYGPGSSGPGQYGPGGSGPGAASAAAAASAAGGSGPGTAGPSGSGPGAASAAAAAAAGNGGPGGSGPGRYGPGQYGPGSYGPGRSGPGSASAATAAVGGRQGYTEEVIISSSVSSGPEGYGPVSSGPAGYQPGSSGPSGSGPSAASAAASAAGSGGPGQYGPGGNGPRGSGPGAASAAAAAAGSSGPGGSGPGQYGPGSYGPGGSGPGAASAASAASGAGRSQGYIEDIIISSPGGSYGPGSSGPGGASAAAAAGSPGSYGPRRSGPSGASAAASAAAAISSPASTSRISSVASRIASGGPLNASNLSNTIGNVVSQVQSTNSGASECEVLVQALLEVVTALVHLLGSADIGNVNYGASGQTASMVSQSMSQIYG,MaSp,8.93510913848877
97,4371,0.159,6.59,1.21,24.5,GAGAGAGAGAGGLGGYGQGSGAGAAAGAGAGAGAGAGAGYGQGAGAGAGAGASAAAGGAGQSGYSSYGASSQTSSGISLSMSSQGQYGQSSGAGAGAAAGAGAGAGAGAGYGQGGYGQGAGAGAGAGGYGAGAGAGADARAAVSNSAARLSSAAASSRVSSAVSSLVQNGRPNINSLPNVISNLSSQVSNSTPGASGCEVMVQVLMEVVSALVHILSSANVGNIDMSSVGNSANVVGNAFNQMG,MiSp,15.125126838684082
98,3910,0.159,17.3,1.65,15.9,VAYSSVGGFRAISKAIAMASAVAFLDSGIATYSNASALGKQVASTFVDELSNYGSAAASSSSSTAAAAVVEKAESSSSAATATSTTSTTSTATASAASSAQTSSTAESRASATSAVFSESMMSYFSKSHGENPAFTRSMSSAESSSYAEAAAKMVGGRYGMSHAHSSSYARAIARAVAYSSVGGFRAISKAIAMASAAAFLDSGIATYSNASALAKQVASTFVGELSNYGSAAASSTSLAGSSTLTTIQPFAPAPAALESQSTFPSSVTGYGEYQPVNQGFAHVSSSVSPLSVPRISPPSHPAAFATEEGESPSTSASPVTSYNEYEPDSEEFELLSSSTSALSGPRISNAGRVSPLSTNLVSLEGILSSPEAGERIDYLIPYFVREVSPNGFDASRMSNILALLVSAISEGGPGLSPSEVMIETLLEVVCALIKILSSAHVEAVNMTSSSATSTAVAQSFSSALLAG,Spidroin,7.5979132652282715
99,1485,0.158,7.19,0.87,32.0,LGYGQNGYGPSSGASISGADQGQGGYGGKLGGTDASAAASAVAAGEGYGPGQGQQAGPSGSPSSSAAAASAADSQGYAPGQSEYPGQPGYSSSSSAISISLGYGQNGYGPGTGASGAGSGAGQGQGGYAGPDSAAAASASSAGQGYGPGQGQQTGAGGSSAAAASAADSQGYGPGQSGYPGQQGYSSSSSAIAISLGYGQNGYGPSSGSSGTSSGTGQGQAGYSGQLGGPDSSAAASSASAGQGYGPEQGQQAGPSGSPSSSAAAASAADSQGYAPGQSEYPGQPGYSSSSSAISISLGYGQNGYGPGTGASGAGSGAGQGQGGYAGPDSAAAASASSAGQGYGPGQGQQTGAGGSSAAAASAADSQGYGPGQSGYPGQQGYSSSSSAIAISLGYGQNGYGPSTGSSGTSSGTGQGQAGYSGQLGGPDSSAVASSASAGQGYGPGKGQQAGPSGSPSSSAAAASAADSQGYAPGQSEYPGQPGYSSSSSAISISLGYGQNGYGPGTGASGAGSGAGQGQGGYAGPDSAAAASASSAGQGYGPGQGQQTGAGGTSAAAESAADSQGYGPGQSGYSGQPGYSSSSSAISISLGYGQNSYGPSSGASGTSSGTGQGQAGYSGQIEGPGSSAATSSAPSGQGYAPGQGQLGAAGSSSSSAAAATSSSQGYGPGQSSYAVQQGSARAASAATASAAASRLSSADSSSRVSSAVSSLVSNGPTNPVALANAVSSVMSQVNASSSGLSECDVLVQALLEILSAFVHILGSATVGEVSYDATSPTAQVVSQSIAQVFA,MaSp1,15.070653915405273
101,5803,0.157,9.52,1.53,19.2,GAGVGGPGGAGQGGASAATAAAAGGQGGQGGYGGLGSQGAGGAGQGGYGAGGAGQGGYGGSAYGGQGATASAAAASAAASRLSSPSAASRVSSAVSSLVSNGGPTSPAALSSSISNVVSQISASNPGLSGCDILVQALLEIISALVHILGSSNIGQVNSSSAGQSASIVGQSVYRALS,MaSp1,8.257967948913574
104,1495,0.157,7.54,1.04,27.2,AGAGAGGAGGYGTGIGSGYGAGAGAGAAASAGAGAGAGGAGGYGGGAGAGAGASSAAGAAGGYGGGSSSSAASGSSVVYSQGYSAGAGSAAASGAGSAGGYGGGYGAGAGAGAAAGSYAGAVNRLSGAEAASRVSSNVGAIASGGAAALSNVISNIYSGVLNSGVSASEALAQALLEVISVLIHVLSNASIGNVSSSGVGNALSVVRNAVGAYAG,MiSp,6.41530704498291
112,6323,0.153,5.35,1.33,27.1,MSWQTHLSLLLCLLLAGINFSYARHSKTNLPWTDQRSCQDFFEIFHATLAKDDSFPIQESTDLLDIINSLCPLMSKTSKNDPHRSTKMQAMNMAVASAMADIIVEEETDEADVQERTVAISRAMAQAFLKTTGRTNTFYIEEIQGLIKYFYEEKQKTEELQEQQVYPEFITPEGQPQLYESFGPAHKPRTAAFLSTNTGDKEYMKTSKALPIVATSAATSSTTSSTKTKAKSYAAATATSAVATFQNFLYRNQVFVRYFNKGSSPDTSRRRAYDLALKFAHATGLAEHQSSSVAYAVAESMAGLRDGSSSEAHAQTFAQSFSSSVSAQQPDRPFDFYDHSDDFRRIMGDYYAAQQKSESAAYARSAATAAASSDTTTVTEKSIATTKAKSYAAATATSAVATFQNFLYRNQVFVRYFNKGSSPDT,Spidroin,8.351024627685547
116,3875,0.152,7.76,1.4,17.6,YGAGLGGQGGSGQGGYGGGQGGAAAAAAAAGGSSGGGQGGLGSGGAGQGYGAGLGGQGGSGQGGYGGGQGSAAAAAAAASGSGGGGQGGLGSGGAGQGYGAGLGGQGGSGLGGGRGGASAAAAAAGGSGGAGQGGLGSGGAGQGYGAGLGGQGGSGQGGYGGGQGGAAAAAAAAGGSSGGGQGGLGSGGAGQGYGAGLGGQGGSGQGGYGGGASAAAAAAGGSGGGGQGLGSGGAGQGYGAGLGGQRGSGQGGYGGGQGGAAASSAAASAAASRLSSPSAASRVSSAVSSLVSSGGPTNSAALSSTISNVVSQISASNPGLSGCDVLVQALLELVSALVHILGSASIGQVNSSAAGQSASMVGQSVYRALS,MaSp1,10.632674217224121
120,2859,0.151,6.75,1.32,26.3,GQQGPGSQGPGGQGPYGPQGPGGASAAAAAAASGPGGYGPGSQGPGQQGPGSQGPGGQGPYGPQGPGGASAAAAAAASGPGGYGPGSQGPGQQGPGSQGPGGQGPYGPQGPGGASAAAAAAASGPGGYGPGSQGPGQQGPGSQGPGGQGPYGPQGPGGASAAAAAAASGPGGYGPGSQGPGQQGPGSQGPYGPGSSASAAAARLSSPSASSRVSSAASSLVSSGGANSGALSSVISNLVSQISYSSPGLSGCDVLVQALLEVVSALVHILSSSSVGQVNYGASGQSTQLVAQAVAQAVA,MaSp2,9.934835433959961
121,292,0.149,4.4,1.15,30.7,GAGAGYGSGAGAGAGSGAGAGYGAGSGAGAGSGAGAGSGAGAGSGAGAGAGAGSGSGFGQYSTYVSTSQYGSGYGTGAGAGAGAGAGSGAGSGAGAGSGAGAGSGSGAGSGSGAGAGSGAGTGYGAGAGSGAGAAAGYGAGAGYGTGAGAGAGAGAGSGAGVGYGARSGAGAGSGAGAGYGTGFGAGAGYGSGAGAGAGSGAGAGYGAGSGAGAGSGAGAGSGAGAGSGAGAGAGAGSGSGFGQYSTYVSTSQYGSGYGTGAGAGAGAGAGGGAGSGAGAGSGAGAGSGAGAGSGAGAGSGAGSGAGTGYGGGAGAGAGSGAGSGAGAGYGSGAGAGAGAGAGSGAGVGYGAGSGAGAGSGAGAGYGAGFGAGAGAGYGSGAGAGAGSGAGAGYGAGSGAGAGSGAGAGSGAGAGSGAGAGAGAGSGSGFGQYSTYVATSQYGSGYGTGAGAGSGAGAGAGAGAGYGTGAGAGGGAGAGSGAGAGSGAGAGAGYGSGAGYGAGAGSGAGAGAGSGAGAGSGAGAGSGYGGGAGAGAGAGAGAGVSSTVYNSVSRLSSASAATRVSSAVQTLATGGVTTDALSNVISNVSASVAANHPGLSGCEVMVQTLLEVISALVHVLGSAQIYPPNGNPTTSSQAVASAMSNAFSG,MiSp,7.441699504852295
122,5556,0.149,4.92,1.0,28.4,SGSGAGAGSGYGAGYSYGVSYGAGAGSGAGSGAGAGSGAGAGAGSGAGVSPVSGSVYRLSSQAANSRVSTAVSSIVSAGGVTHNSLSNAISRISASVAAAHPGLSQCEVLVQTLLEVVSALVHILSSANLGNVNVGATGQSVSTVGNAVQYAMG,MiSp,6.8820648193359375
123,3943,0.148,4.89,1.3,23.8,GQYNQYSDSETAGTNPTQFGQDGGIAVSSGSVSFGLPGVNSYQQISGSVGPYDTVSNLPGHGPVVPSGSNLIKNESKSSEPSEASGGISTSNGSFGPGNYLKYEASPAGQMAAESETGSSFIGPDTGGPNPFTPGPFGQSVPNSNQHVAITFGQQGQSKSQGEDLGQFNQNSYSVTVESKPSQFGLSGGLAASLGSIPIGQPVPNSNQEISGSVGQYATDSNQPDRGPVVSPGSSLDQSGTRLYKPPKSTSEASISTGSTGSGQYLYGTTSVSQAEKEPEIRPLSIGPDTGETSPFTSGSFGQSGSGSNQHISVTQGQFGQSNSFGEGLEQYNQHSNSQVAETKPFQFGTDGGISGSSGSVSFGQPVPNSYQQISGSFGQDRPISDQSGSGSFGTLGFSSNQGGAGLFGPSKANSKSPAKGGSLGYVTHTTSSISQPTEALYASHYPNSLVGGKPDLLGPGLLGNSGHSSNQHTEKAPETVPSPIKPVGGWQFEHPGYSSHQHVSITSGQSGQIKPSEHGPGQYIPYGNSIAAAAAEAAVTKPYKFEPNGEGKVSPESVPFWPREPSLDQQNPSSVGLLTPNLVQPEAGLFKPLETSLGTSASTGTFESGNYLKYSASAAAQTSAGGTPPMTADGEALGLSGNSGFNSHQHASVTFGQSGKFKSPEQGLGQYIPTSNSATEAMPVVEQTKLYSYGPYAETLTTSEHRPFRPPENYPNQSGYGPLETSSTSSGLDLHGSGGPHTKNFEPIGSGTYVQYTTSPGSMIEETETKPTSFVKIEEGPSPTGFTAYRPSEQLYTPISVPFSTYGPSADHSQAESIGLSSISLGQPTTGPQLTTQQSKESYGTSGILGQGSYVPYTISTEAEVGTTGQPKPGLFGLSGSNSVMSVQNGPLGPGLYIPYRNAKGAAVAATSQIEPSPYEPHIGAADSSQSISVQPALGYIGPSTSISYESSTGQSNVAVEPNGSEVHNSLSPPETTTVVTVSPVNKKAVLKSASRLSSLLTTSRVSTAISFLLDSGRFNPSSLSKVISYLIKSIYEYQPSVSGDEMLLQVLLEMIVSLVHILLSASIGQVGNCPSSSSSLVGQSITHAIGS,Spidroin,7.979847431182861
124,3796,0.147,8.62,1.03,26.9,GAGSGQGGYGGQGGYGQGAGDGAAAAGGAAAGQGGYGGQGGLGGYGQGAGAGSAASAAAVVAGAGQGGYGGQRGNGQGAGAAAAAASAARAGQGGFGGYGQGFGAGATSSAGVGTTVSNTVSRLSSASAASRVSSAVSSLVSNGQVNVAALPSIISNLSSAISASATTASDCEGLVQVLLEVVSALVQVVSSSNVGNVNTSSTDYTNLVANALSSLYG,MaSp1,9.939682960510254
128,5828,0.144,13.6,2.06,15.8,SVGSGSQGPYGPGSQGPGSQGPYGPGGASAAAAAASGYGSGSSASAAAARLSSPSSRSRVSSAASSLVSNGATNSGSLSSVISNLASQISSSNPGLSGCDVLVQALLEVISALVHIVSSSSVGQVNYAASGQSVQVVAQALAQV,MaSp2,10.5291166305542
129,2417,0.144,8.9,1.21,24.3,GSLGGQGTGAGGAAAAATGGAGQGGYGGLGGQGASAAGSAGQGGYGGLAGQRAGAAATGGLFDGSRDVGGFSFAVSGSSGGYRRGGYVGNSAAANAAASGSAPEADGRILGGNSAVPAAASSDASRSGGRGYGSSLGSVSASSAVGAVGGARFGQGKYSADLGRDSTATSAGVEGGSSRGRISLGVDDSVSVNISGAASRLSSPDASSRVTSAVSSLISNGITNTDALSSAISSVTSQLLMNNPGLSGCDVIVEALLEILSALVCILANSSIGDINYNYSGQSVEIVSQSALQALG,Spidroin,7.929919719696045
132,199,0.143,6.34,1.04,26.8,GPGGQGPGSGGQQGPGGQGPYGPGSSAAAAAATGGYGPGSGQQGSGGQGPGSGGQQGPGSGGQQGPGDLGPYGPGASAAAAAALGGYGPGSGQQGPGGYGPGSGQQGPGGQGPGSGGQQGSGGQGPYGPGSSAATAAATGGYGPGSGQQGSGGQGPGSGGQQGPGGQGSGGQGPGSGGQQGPYGPSSAAAAAVALGGYGPGSGQQGPGSQGPGSGRQQGPGSGGQQGPGGQGPYGPGSSAAAAATRGYGPGSGQKGSGSQGPGSGGQQGPGGQGPGSGGQQGPGGLGPYGPGASAAAAAAFGGYGPGSGQQGPGGYGPGSGQQGPGGQGPGSGGQQGPGGQGPGSVGQQGQGGQGLYGPSSAAAAAVALGGYGPGSGQQGPGGQGPGSGGQQGPGGQGPGSGGQQGPGGQGPYGPSSAAAAAVALGGYGPGSGQQGPGGQGPGSGGQQGPGGQGPYGPGASSAAAAAAGGYGPKSGQQGSGGQGPGSGGQQGPGGQGSYGPRSSAAAAAALGGYGPGSGQQGPGGQGPGSGGQQGPGGLVSYGPGAASAAVSVGGYGPRSQGSSSPVASAAASRLSSPAATSRVSSAVSSLVSSGPTNPAALSSAISSVVSQISASNPGLSGCDVLVQALLEIVSALVSILGSASIGQINYGASSQYARMVGESVAQALV,MaSp2,8.660836219787598
133,6849,0.142,8.65,1.6,18.9,MFGFTRLALSVLAVLCAQQIYAHGAGNSPWSSKENAIKFVNLFLQYVGQTGAFTSDQLSDMSQIADTLMSAMDRMSGKSTKAKLQALDMAFASSMAEIAIVETGGQSLPVKTNAIATALNSAFYQMTGQGNAQFVNEIRALISMFAQSSDNEVSGSSSAAAASASSGGGQGGYGQGGYSQGGYGQGGSASASAAAAAAGGAGQGGYGQGRQSGAGSAAAAAAAASGAGQGGYGQGGQGSYGQGGQGGAG,MaSp1,5.7116265296936035
142,6774,0.14,6.31,1.11,28.3,MKWSTRFSLFFLVLFIQGFLSQGQTIWNNPDAAISITNNLVQCAGRSGVFSADQMDDLGSVAESTNSQMMKLGGNAPQHKKKALTTAMNAGIAEVVASSSAESYSAVLNTIGGCMRESMMQVTGSVDNTFVNEMMQMINMFAADNANAVSASASSSASSSSSVYGGGYASGAAAGAGASAAAGAGSAGGYGGGYGSGAGAGAASAAGAGAGGASGYGGGYTSGSASSSASASSSTSNSSSVYGGGYGSGTGAGAGAAAAAGAGAGGAGGYGGGYGSGAGAGA,MiSp,12.716902732849121
145,1421,0.139,6.48,1.01,26.7,QGGQGGYGGQGGPGGQGGRGGQGGLGGYGQGAGAGAAASAAAATGSGQGGQVGYGGQGGVGGQGGLGGYGQGTGVGAAAAAAGSGQGGIGGYGGQGALGGYGQGAGVGVRAGQGGLGLYGSSYQSSTTYSTSSGSGLGGYGQGSGAGGANGAGSGRGGYGGQVGLGGYVQGAGAVSAASSAGGAGGSGYGGQGAAGGYGQGTGLGSGGAGQGGLGGYGQIAGPGAAFAASGAAGSGQGGLGPYGSSYQSGTSYTVTSQGSAAGLGGYGQGSGTGAAAAATGAVGSGQGGQGGYLQGAGAGAGAGQGGLGGYGEGAGSATATAAATGGSGTAQGGYGGPSGQGLLVGYGQGAGAGAAAVGAGNVGNTVVNTVSRLSSPTAASRVSSAVSSLVSNGQVNVASLPYVLSNLSASISSTNAALSECEILVQVLLEAVSALVQIASSANVGNINLNASSDYASLVGSSLSNLYG,MaSp1,5.982564926147461
147,2669,0.138,8.62,1.08,28.0,AAAAAGGLGGQGGQGGYGSGGQGGQGQGQGGRGSGAAAAAAAAGGLGGQGGQGGYGSGGQGQGQGGYGSGAAAAAASAAGGSGGQGGYGSGGQGGQGGYGSGAASAAAAASSSVSRLQSPAATSRVSSAVSSLATSGVASSGALSSVISNLSSSVSAAHPGLSGCELLVQVLLEVISALVAILGSSTVGPVNIGQSASYSGMVGNAIASALL,MaSp1,5.900234699249268
148,314,0.138,7.36,0.99,24.4,GQGGLGGYGQGAGAGAGAAAAAAGAAGAGQGGYGQGGRGGYGQGAGAGAAAGAAGAAGAGQGGYGQGGLGGYGAGAGASAAAAGAAGVGQGAGEGAYGYQSSSQYSLSLSAEAAGYGAGAAGGYGQGVGAGAGAGAAAAAGSGQGGQGGYGQGAGAGAGAAAGGAGAGGYGQGGYGQGAGAGAAAGASAAAGSGQGGRGGYGQGVGAGSGAGGAGAGGYGQGGYGQGAGAGAAAAAAAAAGAGQGGRGGYGQGAAAGAAGAGAGGYGQGGYGQGAGAGAAAGVAAAAGSGQGGRGGYGQGVGAGAGAAGAGAGGYGQGGYGQGAGAGAAAGAAAAATAGAGQGGRGGYGQGAAAGAAGAGAGGYGQGGYGQGAGAGAAAGAAAAAGSGQGGRGGYGQGAGAGAGAGAAAGAGAGGQGGYGQGGLGGYGSGAGAGAAAASAAGAGQAGYGGYGQGAGSGSGAAVAGAGQGGYSGYGQGAAVSAGASTTVVNSVSRMSSASTASRVSSAVSNLVSNGQVNVASLPGIISNISSSISASSPGASECEILVQVLLEVVSALLQIVSSANIGEINLNASSDYASMVGSSLQNVYG,MaSp1,6.939100742340088
154,5838,0.135,13.7,2.34,13.0,GSGQQGPGQQGPGQQGPGGQGPYGPGSSAAAAAAAGGYGPGGGQQGPGQQGPGQQGPGQQGSYGPAASAAVSAAGGYGPQGSSAPLASAAASRLSSPAASSRVSSAVSTLVSSGPTNAAALSNAISSVVSQVGASNPGLSGCDVLVQALLEIVSALVHILSSSSIGQINYGASGQYAQIVGQSVAQARV,MaSp2,10.318890571594238
155,6339,0.134,14.6,1.14,21.4,MGSSRLALAFLALVCTNALFVAAQGATPWDNPNMADAFMQGFMGGIARSGAFSQDQMSDMQDISSSMQDSVNRMARSGRSSKSKLQAMNMAFASSMAEIAAAEAGGASMAAKTSAIADALRGAFLQTTGVSNEQFINEISALISMIGQNAVSASASASAGGGGGGGGGYGGPSYGGGYGPSQGASSVSVSASAAGGGPGGRGPSAPAQQGPGGYGPSVSSAATAAAASGGQGPSGPGPQGPSGPGGYAPSSQGSAGPSGPGGYGPSGPGASAAAAAAASGPGGYGPGSQGPSGPSGPGAYGPGRQGPSGPGGPGASAAAAAAAASGPGGYGPGSQGPSGPSGPGGYGSGSQGPSGPSGYGPSGPGSQGPGGPGASAAAAAAAGGGPGGYGSGGQGPSGPGGPGGYGPG,MaSp2,9.372190475463867
157,1794,0.133,11.2,1.12,19.3,GGYGAGGYGQGASAAAAAAAAAAAAAGGAGGAGQGAGGAGSGAAAAAAGAGGAGGAGGSGGYGQGASAAAAAAAAAAAAAGGAGGYGQGAGGYGAGGYGQGASAAAAAAAAAAAAAGGAGGAGQGAGGAGSGAAAAAAGAGGAGGAGGSGGYGQGASAAAAAAAAAAAAAGGAGGYGQGAGGYGAGGYGQGASAAAAAAAAAAAAAGGAGGAGQGAGGAGSGAAAAAAGAGGAGGAGGSGGYGQGASAAAAAAAAAAAGSGGAGGYGQGAGGYGAGGYGQGASAAAAAAAAAAAAAGGAGGAGQGAGGAGSGAAAAAAGAGGAGGAGGSGGYGQGASAAAAAAAAAAAAAGGAGGYGQGAGGYGAGGYGQGASAAAAAAAAAASAAGGAGGAGQGAGSGSGAAAAAAAGGAGGSGGSGGYGQGASAAAAAAAAASAAASRLSSPSATTRVSSAVSSLVSGGPTNVNSLSNTIGNAVDQVRASNPGLSDCDVLVQALLEITSAAVHILGSASLGQINYASAGQTAQAVAQSVYNALG,MaSp1,7.314985752105713
160,3349,0.132,10.7,1.08,20.0,GAGAGAAGQGGYGAYGASSQTSSGFSLSVSSQGQSGYGQGIGIGAGAGAAAGAGAGAGAGAGAGYGQGLGAGAGAGAGAGAAAGAGVGAGVGAGYGQGVGVGAGVGVAVGADARAAVSNSVSRLASGAASSRVSSAVSTLVQNGQPNLSSLPNVISNLSSQVSASTPGASGCEVMVQVLMEIVSALVHILGSASVGYVDTSSVGNSAGLVGSAMSNTLG,MiSp,8.19556713104248
161,217,0.132,8.41,0.77,25.2,SGAGAGSGSGAGAGSGSGAGAGSGSGAGAGSGSGAGAGSGAGAGAGAGSGSGYGQGSYTSYSQYGYSNYGQGAGSGAGAGSGSGAGAGSGSGAGAGSGAGAGAGAGAGAGAGSGSTASTVYNSVSRLSSSSASSRVSSAVSNIVYAGGLNPDSLSNVIADVSAGVAASNPGLSGCDLLVQTLLEVIVALVHILSSADLSYVDASAAAQSAVAVGSAVQNGFLMY,MiSp,2.8083670139312744
165,3835,0.131,10.4,0.81,8.9,QGPGGLAPGGQGPGGQGSGDTGPGGQRPGGYGPGGQGSGASRQGATAAVATASAAAAAVSVAPVGQGPGGYGSDGQGAGGMAPGGYGPGGQGQGGTGPGGQRPGGYGPGGQGSGGTGRGGQGPGGYGPGGQGSRGTGPGAQGPGGYGPGGQGSGGSRQGAPAAVATASAAAAAVSVAPGGQGPGGMTPGGQGPGGYGPGGQGPGGSGPGVQVPGGTGPGGRGQGGTGPGGQGPEGTGPGGESPSGSSLPLSIRRLSSPAAAYRISNAVTRILSSGGPSIQSLSNVMGQLFANVSVSHPGLSGCEILVQVLLEIIATLVHIMNYSSYGEVNIDSSSASARTVAQAVSYAI,MaSp,4.827815532684326
167,193,0.131,11.7,1.13,57.1,QGYGQGAGAGAGAAAAAGVGAGAGAGYGAGAGRGYGQGAGAGAGAGAGQGYGQGAGAGAGAGTGRGYGQGAGAGAGAGVGAGAGAGQGYGQGAGAGAGAAAAAGAGAGAGAGYGAGAGRGYGQGSGAGAGAGAGQGYGQGAGAGAGAAAAAGAGSGAGQGYGQGAGAGAGAGAGAGAGQGYGQGAGAGAGSGAGAGQGYGQGAGAGAGAGAGQGYGQGAGAGAGAGQGYGQGAGAGAGAAAAAAGGAGAGTGTGYGAGQGYGAGAGAGAAAGSGAGAGYGAGQGAGAGAGYGAGAAAGAGAAAAVSSAAPVVYNTVNRLSSSSATSRVASAVSSFVASGGPSMDSLSNVISQLSSSVAASEPGLSGCEVLVQVLLEVVSALVHVLSSSSIGYVDPNAAGQYSGMVGGAMGNVLG,MiSp,11.833900451660156
168,3857,0.13,6.84,0.97,30.8,QGGGQGAGQGGYGSGLGGQGAGSAAAAAAAGGAGGRGGLGGQGGGLGAGGAGQGGYGSGLGGLGGGSVAAAAAAGGAGGLGGQGGYGGQSGYGGQGGYGGGYGGQQVAASAATASAAASRLSSPDASSRVSSAVSSLVSSGATNPAALSNTIGSVVSQIGASNPGLSGCDILVQALLEVVSALIQILASSSIGQVNYGATAQSTGIVSQSISQALG,Spidroin,7.765529632568359
170,2270,0.129,7.93,1.32,21.5,GGGQGGDGYDGGYDGQGGSSAASAATSGSGRDGRRGGYGQGGSGASSAAAAASNGSGGDGSGRGYGGQGGYGPGGSSATAAAAGSGGGQSGNGYDDGLGGLGEYGPGGSSTAAAAAASGGQGGDGYDGGYGGQGGSSAASAATSGSGRDGRLGGYGQGGSGASSAAAAASNGSGGDGSGRGYGGQGGFGPGGSSAAAAAAGSGGGQGGKGYDDGFGERGGYGQGGSSAAAAAASGASGGSGAGQGFYGGGLRDSVAVASSAASRISSPSSQSRVSSAVSVFSDGGIEYPETFSSVYNNIYSDIASSNPNLSGCEVLVQTLLEVVSAILSSSSGLDTGSSTSFISSAIGPNY,MaSp3,8.926926612854004
176,2792,0.127,6.85,1.03,25.3,LGGQGGGQGAGQGGYGSGQGGQGAGSAAAAAAAGGAGGRGGLGGQGGGQGAGGAGQGGYGSGLGGLGGGAAAAAAAGGAGGLGGQGGGQGAGQGGYGSGQGGQGAGSAAAAAAAGGGGGRGGYGGQGGQGAGGAGQGGYGSGLGGLGGGAAAAAAAAGGAGGLGGQGGGQGAGQGGYGSGQGGQGAGSAAAAAAAGGAGGRGGFGGQGGGQGAGGAGQGGYGSGLGGLGGGAAAAAAAGGAGGLGGQGGGQGAGQGGYGSGQGGQGAGSAAAAAAAGGAGGRGGYGGQGGQGAGGAGQGGYGSGLGGLGGGAAAAAAVGGGAGGLGGQGGGQGAGQGGYGSGQGGQGAGSAAAAAAAGGAGGRGGLGGQGGGQGAGGAGQGGYGSGLGGLGGGAAAAAAAAGGAGGLGGQGGGQGAGQGGYGSGQGGQGAGSAAAAAAAGGAGGQGGYGGQGGQGAGGAGQGGYGSGLGGLGGGAAAAAAAAGGAGGLGGQGGGQGAGQGGYGSGQGGQGAGSAAAAAAAGGAGGLGGQGGYGGQSGYGGQGGYGGGYGGQQVAASATTASAAASRLSSPAASSRVSSAVSSLVSSGPTSPAALSNTISNVVSQVGASNPGLSGCDVLVQALLEIVSALIHILGSSSIGQVNYGATAQSTGIVSQSISQALG,MaSp1,10.520609855651855
178,3313,0.126,8.43,0.91,21.7,ASAAGSAGQGGYGGLDGQRAGAAATGGLFDGSRDVGGFSFAVSGSSGGYRRGGYVGNSAAANAAASGSAPEADGRILGGNSAVPAAASSDASRSGGRGYGSSLGSVSASSAVGVVGGARFGQGKYSADLGRDSTATSAGVEGGSSRGRISLGVDDSVSVNISGAASRLSSPDASSRVTSAVSSLISNGITNTDALSSAISSVTSQLLMNNPGLSGCDVIVEALLEILSALVCILANSSIGDINYNYSGQSVEIVSQSALQALG,MaSp,11.537210464477539
184,6821,0.125,14.5,2.27,13.0,MGWIQRLAIPLVIFVLQISLSLGQKQNTPWTNSATAEQFMGSFLQRMAEEPAFTTSQLDDMSSIGETIMMSVKKFQQTGKSSAHKLQALNMAFASSIAEIAVSEEGGASIDDKTNAIANALSAAFMQTTGVVNTAFVNEIRQLVTMFAQANINDVGVGGAGASAAVSTGAGVAAAAAGSGSYGQGGAGYAAAGGYGSQTSSSISLSITGQTGQVSGAGAGVGTAAGISAGAGVSGGYGGAGAQGGYGARAGTGAGGYGAGGQGGYGAGAGSAAGSGAGAGAGGVGGYGAGAGTGAAAGAGAGAGGYGAAGASGGYGTGAGAFAGAAAGAGAGAGTGGAGTGGAGGYGAGAGTGAAAGAGAGAGGYGAAGASRGYGTGAGAGAGAGAGAGAGGVVGYGAGAGTGAAAGAGAGAGGYGAAGASGGYGTRAGAVAGAAAGAGAGAGTGGAGGYGAGSGTGAAAGAGAGAGGYGAAGASGGYGTRAGAVAGAAAGAGAGAGGYGAAGASGGYGSGAGAGAGAGAGAGAGGAGGYGAGAGTGAAAGAGAGAGGYGVAGASGGYGTRAGAVAGAAAGAGAGAGTGGAGGYGAGSGTGAAAGAGAGAGGYGAAGASGGYGTRAGAVAGAAAGAGAGAGTGGAGGYGAGSGTGAAAGAGAGAGGYGAAGASGGYGTRAGAVAGAAAGAGAGAGTGGAGG,MiSp,9.484612464904785
185,3546,0.125,8.47,0.74,24.6,GSGPFGSGGYGPGVGPSGPTQYGPGDGSSSAAAAAASFAGGSGTGQYGPGTGRSGSGGYGPGSGPAGPSQYGPGFGLSAGAAAGAGASGSGQYAPGRGPSGPGGYGPGAGPSGPSLYGPGSGSSSAAATAASAGAAGGQYGPGTGPSGPGGYGPGSGPAGPSQYGPGSGASAAATGTSSSRQYTQVRGPSGPDGYGRRAGQSGPSQYGTGSGSNSVATVAATAGGALGPGQYGPGTGPSGPGGYGPGSGLVSGPAGPSQYGSRSGSIAGAAAASSSSGSSGPGQFGPGTGSSGSGQYMPIAYGATSLSSSTASGSVARLSSPPSSARVASAASSLASSGLSNPSSISGVFSDLSNSVAASHPGLSECEVLVQVLLEVIAALVQILSSSSVGQVSSSSDYYASLVGQAIVNAFSG,MaSp,11.410470008850098
193,2579,0.12,7.57,0.75,27.2,GGQGGYGQGGQGSGSGAAAAAAAASGGQGGQGGYGQGGQSGQGGQGGYGQGGQGSGAAAAAAAAAAGGQGGQGGYGQGGQGGQGGYGQGGQGGQGGYGQGGQGQGSGAAAAAAAASGGQGGQGGYGQGGQSGQGGQGGYGQGGQGSGAAAAAAAAAAGGQGGQGGYGQGGQGGQGGYGQGGQSGQGGQGGYGQGGQGQGSGAAAAAAAASGGQGGQGGYGQGGQRGQGGQGGYGQGGQGGYGQGGQGGYGSGAAASAAAAVSSSVSRLSSPSSSSRVSSAVSTLASAGGANSGALSSVISNLSSSVSAAHPDLSGCELLVQVLLEVISALVTLVGSSTIGQVNVGQSSQYSGLVANAIAQALAY,MaSp1,8.082498550415039
194,6965,0.118,10.9,1.45,18.2,MSSSRLALAFLALLCTNALFVAADGPTPWDSPNMAESFMNNFMGGIASSGAFSGDQMGDMQDIAGTMQDSVNKMASTGRSSKSKLQAMNMAFASSMAEIAAAEAGGASMAAKTSAITNALRGAFLQTTGVSNEQFINEIATLINLISQSNVNTVSASASSGGGGGGGYGGPAYGPSSYGPSQGASSVSVSASAAGGGSGGQGPSGYPQQGPGGYGPSGPGASAAVAVAGGQGPSGPGPQGPSGPGGYGPSSQGPSGPGASSAAAA,Spidroin,8.118033409118652
195,5654,0.118,6.53,1.16,18.9,GGYGEGLGAGAGAGAGAGAGAGAGAGAGAGGLGGYGQGLGAGSGAGAGAGVGVGVGVGAGYGQGAGAGGYGQGYGVGAGAAVAVGADARAAVSNSVSRLSSGAASSRVSSAVTSLVQNGRPNIASLPNVISNLSSQISASTPGASGCEVMVQVLLEVVSALVHILSSANVSNIDLSAVGNSANVVGSALMG,MiSp,15.476572036743164
196,7447,0.118,9.77,0.97,19.6,MGFSARLAIPLVLLIVSAVTEITSGQGAANTPWQSPQLLESFMGSFLASVSRQGIFSGDQLDDMESIVDTLKMSMNKMASSGKSSRSMLQALNMAFASSIAEIAVVEQGGASLSQKSNGIVQGLTDAFLQTTGAVNSKFVNEIGELIQMFAQVSANEIGGAAAGAAATAGAQGYGAAYGTSTGGAAGAGYVQTATTGSGTAYGKSAGTGIAVSVGAGSGAGAGAGYGQRTGAAASQRAGAGYGQGAAAGAGVGTGYGQGAGAGTGYGQGAGAGAGLGAGASSGAGYGQGAGAGAGAGYGRGSGAGAGYGQ,MiSp,10.284565925598145
198,5771,0.117,9.54,1.37,14.6,PVSVQQSYGSTGPGSSSSSVSVSASTAASALSSPASNARISSVASNLVSSGPVNSQVLSSTIGNVVSQIQSSNPGASSCDVLIQALLELVTALVHILGSANVSSVNPQAAGSTAEMVSQSVQQVYG,MaSp,6.067861080169678
200,5852,0.117,10.1,1.89,17.9,GAGQVGPGGLGLGGAGQQGPGGQGPNGPGSAAAAAAAAGGYGPGSGQQGPGGAAQQGPGGQGLGGAGQQGPYGPGSAAAAAAAAGGYGPQGPGGQGPGQTGPGQQGPGGQGPYGPGAAAAAAAAGGYGPGSGQQGPGQQGPGQQGPGQQGPGQQGPYGPGAAAAAAAAGGYGPGQQGPGQQGPGQQGPGGQGPYGPGGASAAVSVGGYGPQRPSAPVASAAASRLSSPAASSRVQSAVSSLVSSGPANSAALSNTISSVVSQISASNPGLSGCDVLVQALLELVSALVSILGSSSIGQINYGASAQYAQMVGQSLAQALV,MaSp2,9.144278526306152
203,4382,0.115,3.34,1.3,21.7,GSAAGAAVGAGSGAGYGAGGYGSGAAAGSASGASAGSGSGYGDNGNGRGALAAAGTGSAAGAGADAGSGYGAGAGAGVGAGGYGSTAGYGTGAGGYGSGAGAAKGTGAAAGAGAGGYGAGSGAGAASGSAGGYGTGAGYGIGTGGAGGYGRGSGAGGASGAGAAAGAAAGAGGYGMGIGAGAGAAAGSGSAAGSSARSGYARGISTGLSSTASENINLSFNIGATAASQATSGYGTAVTSAGYGAGAGSAAGAAAGAGFGAGYGAGGYGGGAGATAGSASGAGAGSRAGYGDNGYGRGAGAAAGAESVAGSGAAAGSGYGAGAGAGAGGYGVGAGYVTGAGGYGRGAEAAAGAGSAAAAGAGGYGAGSGYGAGAASGSAGGYGSGAGYGTGTGGAGGYGRGAGAGGASGAGAAAGATAGAGSYGIGTAAGAGAAAVSGSAAGSSATSGYARGTSTGVSSTASQTRNQSYNTGATSASQTTSDYGTDVSSAGYGAAAGSAAGAAAGAGSGAGYGAGGYGSGAGAIAGSASGAGAGYGAGYGDSGYGRGAGAAAGAGSGYGAGAGAGAVGYGSGVGYGTGAGGYGRGAGAAAGAGAAAGAGAGAYGAGSGYGAGAASGSAGGYGSGAGYGTGTGGAGGYGRGAGGGSASGAGAAAGAAAGAGSYGMGTAAGASAIAESGSAAGSSVTSGYARGTSTGISSTASQTRNQSYNTGATSASQATSDYGTGVSSAGYGAAAGSAAGAAAGAGSGAGYGAGGYGSGAGAAAGSASGAGAGYGAGYGDNGYGRGAGVAAGVGSAAGAGAAAGSGYGAGAGAGAVASGYGSGAGYGTGAAGYGRGYGAAAGAGAATGAGAGAYGAGSGYGASAASGSAGGYGFGAGYGTGTGGAGGYGRGAGASGASVAGAAAGAAAGAGGYGMGTATGAGAAAESGSAAGLGATSGYARGTSTGVSSTASQTRNQSYNIEATSASQATSDYGTGVISAGYGAGTGSAAGAAAGAGSGAGYVAGGYESGAGAAASSASGAGAGSGAGYGDNAYGRGAGAAAGVGSAAGAGAAAGSGYGAGAGASGYGSGSGYGTGTGGYGRGAGAAAGEGTAAGAGAGGYGAGSGYGAGAASGSDGGYGSGAGYGTGTGGAGGYGRGAGAGGASVAGAAAGAAAGAGGYGMGTATGAGAAAGSGSAAGSSATSGYARGTSAGVSSTASQTRNESYNTGATSASQATSDYGTDVSSAGYGAGAGSAAGTAAGAGSGAGYGANGYGSGAGAAAGSASGAGAGSGTGYGDNGYGRGAVAAAGAGSAAGAGAAAGSRYGAGAGAAAGAGGYGSGAGYGTGAGGYGRGAGAAAGAGAGARTAAGGYGAGTGAGGGAGGYGSDAGYRRGAGGYVRGAGTAAGAGAAAGAGEYGAGSGSGAGSAAGAAAGAAAGSAGGYGSGLGYGTGSIGTSGYGKGAGPGGAAGAGAAAGAAAVAGVAAGSSAAGGYGRGTSTGVSSSTSQIASQSFNSGSTSASQGSSGYGSGVTSGGYGAASGAGFAAAAAGSGVGYGTGGGYGRGAGAVAGSGASAGYGGSLADVSSSVSSVASRLSSGESSSRIASAASSLVNGNSININALPSVIADVFAQVSASSQGLTSSEVLIETLLNIVSSLIAILGSSSVGGVDFGSIGSSSAAVGQSVQSALG,MiSp,8.326574325561523
210,6784,0.112,7.93,1.17,17.4,MTWTTRLALSFLVVICSQSLFALCQSPWESASIAESFMTYFSDALERSGAFTNEQLDDIETIATSIKLGVDKMERNGKSSGSQLQAINAAFASAVAEIAVAEGGGQTTEIKTEAIADALAFAFVQTTGAVNISFINETRNLISMFAQRNTISSSADLASASAGRTAGINGYGQGEAKVAAGSGVAGQGDKEDKAGAGSGGYGQGAGNAGAAAAAAAAAAAAGGQGGYGQGGAGAASAA,Spidroin,10.521592140197754
211,1400,0.112,14.9,1.18,14.2,PYGPGAAAAAAAAAAGGYGPGSGLGGAGGAGQGSGGSGQQGPGGAGQQGPGGQGPYGPGAAAAAAAAAGGYGPGAGQQGPGSGGQQGPGSGQGGQGPYGPGAAAAAAAAAAGGYGPGSGLGGAGGAGQGSGGSGQQGPGGAGQQGPGGQGPYGPGAAAAAAAAAGGYGPGAGQQGPGSGGQQGPGSGQGGQGPYGPGAAAAAAAAAGGYGPGSGLGGAGGAGQGSGGSGQQGPGGAGQQGPGGQGPYGPGAAAAAAAAAGGYGPGAGQQGPGQQGPGSGGQQGPGGQGPYGPGAAAAAAAAAAGGYGPGSSQQGPGSGGQQGPGSGGQQGPGGQGPYGPYGPGAAAAAAASAGGYGPGSGQGQGSPASAAASRLSSPQASSRVSSAVSALVSSGPTSSAALSNTIGNVASQISASNPGLSGCDVIVQALLELVSALVHILGSSSIGQINYGASGQYASLVGQSVAAALG,MaSp2,8.605746269226074
215,2156,0.109,12.3,1.12,17.6,GVGGLGGRRGYGGAGGSSSSASAAAAAGSGTGGLGGLGLYGQGSGLGAGSGSGAGAGAGAGAGAGAGAGAGAGAGAGAGAGGLGDLGGYGGAAGSSSSASAAAAAGSGAGGLGGLGLYGQGSGLGAGAGAGAGAGAGVGVGAGSGAGGLGGDGYDAYGINSQSSSGFSFSLLSQRQYGPGQSLGGVSGAGAAAGAAGAGGLGGVGGYGQGSGLRSGAGAGAGAVAGGLGGLRGYGGAAGSGSSASAASAAAAGARGLGDLGLYGQGSGLEAGIGAGVGTGAGAGAGVGGLGGYGGAAGSSSSASAAAAAGSGIGGLGGLGLYDQGSGLGAGVVAGAGAGAGAGAGGLGGLRGYRGAGGSSSSASAAAAAGSGVGGLGGLGLYGQGSALGAGAGAGAGAGAGAGSGAGAGSGSGAGGLGGLRGYGGIAESSSSASAAAAAGSGDGGLGGLGLYGDSYGLEAGAGAGAGAGAGSGFGAAGLGGLGGYGGAAGSSSSASASAAAGSGTGGLGGLGLYGQGSGLGAGAGAGAGAGAGAGAGAGAGAGAGAGSGLGGLGGYGGAAGSSFIASAAAAAGSGTGGLGGLGLYGQGSGLGDGVGAGAGGLSGQGIGAGAGVAVSVGADAQAAVSNSVSRLSSGAASSRVTSAVSSLVQNGAPNLSALPNVFSNLSAQVSASSPGASECEVIIQVLLEVVTALVNVLSVANVGPIDLSSVGNAAGLVGDAVMG,MiSp,9.983551979064941
219,3900,0.106,8.17,0.91,18.0,GSGGRGGFGGRGGDDAAAAAAAAGGDGLGGYGRGYGAGLGGRGGSASAAAAAADGSGGRGGFGGRGGDDAAAAAAAAGGDGLGGYGRGYGAGLGGRGGSASAAAAAADGSGGRGGFRGQGGDDASAAAAAAGGDGLGGYGRGYGAGLGGRGGSASASAASASGPGSQGGLGSQSGGSSSVAVTSASSRILSPSSVSRISDAASVLLGYDQGNSASFSNVYSNMIYDISSSNPGASECEIQIQALLEVISAMSMSLYNFNAQESVGYVNQCFNI,MaSp3,9.502081871032715
220,6838,0.106,8.73,1.09,18.7,MGWISRLAILLLFLFQSSGSFGQSSNNPWNSAKSAETFMASFMDGLNSGGGFSKEELDDMDSIGDMIMASIDKMARQGKSKKNMLQALNMAFASSVAEIAVTENGGAGINQKVDAIEKALISAFLQTTGVVNRSFLDEIRQLVLMFAEANANDVDNSSSSASAAAAAGAGSGGYGQGFGTGTAGASGAYSQSVSTGVRSGSAGGYGGDSGGARGGAAGYSTSTASSYGSSYSSSGGSGGGSGYTSDGGSSSGSGGGSGYGSGGGSDYGGGYGSGGAGGYGGGPGGTSSAFSVASASSFGSGGPGGYGGGSGSGAGAAGGGAGGYGSGGAGGYGAGSGSGAGAGSGAGGGGGYGSGGAGGYGGGSGSGAGAGSGAGGAGGYGADGRGSVSGAYGYSVAP,Spidroin,7.740108966827393
221,2429,0.106,8.29,0.93,20.3,AAGGFGPGSGQQGPGGAGQQGPGAQGPYGPGAAAAAAAAGGFGPGAGQQGPGSGGQQGPGSQGPYGPGAAAGGYGPGAGQQGPGAGGQGPYGPGAAAAAAAAGGYGPGAGQQGPGAGQQGPGAGQQGPSTGGQGPYGPGAGQQGPGAGQQGPGAGQQGPGGAGQRGPYGPGAAAAAAAAGGFGPGAGQQGPSTGGQGPYGPGAGQQGPGAGQQGPGGAGQRGPYGPGAAAAAAAAGGFGPGAGQQGPSTGGQGPYGPGAGQQGPGAGGQGPYGPGAAAAAAAAGGYGPGAGQQGPGAGQQGPGAGQGPYGPGAAAAAAAAGGYGPGAGQQGPRSQAPVASAAASRLSSPQASSRVSSAVSTLVSSGPTNPASLSNAISSVVSQVSASNPGLSGCDVLVEALLEIVCALVHILGSSSIGQINYAASSQYARMVGQSVAQALG,MaSp2,10.470942497253418
222,3534,0.106,10.1,0.97,16.7,GAGYGQGAGAGAGAGAGYGQGSGLGAGAGYGQGAGGGAGAGAGSGTGYGQGAGAGAGDGAGSGAGLGAGAGYGQGAGAGYGQGAGAGTGAGYGQGAGTGAGAGAGYGQGAGAGAGAGAGAGSGAGYGQGAGVGYGQGAGAAYAVSSDASSAAYNSVSRLSSSSATSRVSSAVSTLLSSGGPNVNALSNVISNLASSVSASNPGLSGCEVLVQTLLEVVSALVHILSSSNIGNVNVSDAGSYSSMVGQSVAQVFA,MiSp,11.713766098022461
225,2682,0.106,13.0,0.79,20.3,GAGAGAGAGAGAGGAGGYGQGYGAGAGAGAGAAAAGGAGAGAAGGAAAGGAGGYGQGYGAGAGAGAAAAAGAGAGAAGGYGRGAGAGAGAGAGAAAGAGAGAGAGAGAGGAGGYGQGYGAGAGVGAAAAAGASAGAAGGYGRGAGAGAGAGAGAGGAGGYGQGYGAGAGAGAGAGAAAAAGAGAAGGYGGGAGAGAGAGAGGGYGQGYGAGAGAGAAASAGAAGAGAAGGYGQGYGAGAGAGAGAAAGAGAAGGYGGGAGAGAGAGASAGSYAGAVNRLSSAAAASRVSSNVAAIASAGAAALPNVISNIYSGVLGSGVSSSEALIQALLEVISALIHVLGSASIGNVSSVGVNSALNAVQNAVGAYAG,MiSp,9.90010929107666
228,6079,0.104,5.92,1.51,16.2,MQWPTQLSLLFLVLCAQSMTALGSIWSSTAGAEAFIGAFTSSLGATGLLNADQMDDVSSIKDGILRTIEKNPNKNSKSKLQGLNMAFASSVAEVAFSGDSGASVSAISAAIIDSMNQAIIQTTGTSDQVFLSEIGRIINMLAQDFAEASAGASASAGASAGAYGAGGGYGTGAGAGAGAGAGAGAGAGAGAGTSAGGYGNAIQYSSGSTGFSSASSSQASSQTYNTQGSYSSQGYGSGSGAGAAAGAGAAGAGGYGSGYGSGSGAGAGAGAGAGAGSGAGYGVGYGAGQGYGAGSGAAAAAAAAAAAAAAAGAGSGSGA,MiSp,7.740270137786865
230,1793,0.104,12.1,0.94,17.3,AAAGSGGPGGSGPGGAGPGEYGPGGYGPGGAGPGGYGPGGYGPGGAGPGAASAAAAASAAGGGGGGQGGSEEIIYESSAPGGYGPGSSGPGGYGPGSSGPGGYGPGVSGPGGASAAAAAAAAASSSGGPGGSGPGGYGPRGSGPGGAGPGGYRPSGYGPARSGPGGASAAASAAAAISSPASTSRISSVASRLASGGPINVSNLSNTIGSVVSQVQSSNPGASECEYFVQALLEVVSALLHVLGSSSIGNVNYGSAGQTSSMVAQAVNQLYR,MaSp2,10.1367826461792
233,5570,0.103,5.42,1.2,23.4,GAGAGAGFGSANYGQYSTSTSMTSQYGSAYGQGSASGAGAGAGAGAGAGSGAGAGSGAGSGAGVGYGAGAGSGAGAGAGYGAGAGSGAGAGAGYGAGSGSGAGAGEGYGAGAGYGVGSGAGAGSGAGAGYGAGAGYGSGAGSGAGVGAGSGAGYGAGSGAGAGYGAGSGAGSGAGAGSGYGVGSGASAGAGAGSSVASTVYNSVSGLSSSSAVSRVSNAAQALVSSGGVNSGSLSNAVSTISSSIAQSNPGLSGCEVMVQTLLEVISALVHILSSAQINPPNGDAYATANSVASAMSTAFRG,MiSp,8.722317695617676
234,3755,0.102,13.0,1.31,14.2,GSGAGAGAGSGAGAGAGSGAGAGAGAAAGAGAGSGAGAGAGAAAGAGAGAAGGYVGGYGAGSGAGAGAAAGASAAAGAGAGAGRGAGYGAGSGVGSGAGAGAGAAAGAVSGSAGGYGGGYGAGSGAGAGTAGGYGAGYGAGSGAAAGAGAGAAAGSGAGRGVGYGAGSGTGAGAGAGAGAYGGAGTGNRAGDAFGQSFAQTMLSSGVISTETVTTATAQSAASSFASNAAQSLGLDAGTANYLSSQLSSMAASIAQANQNQADFVQAMSYAMGKILSDSGAINESNASSAGSSASSTVTQTIKTSGPSVIFSGPASGGYGSGSGSGAGAGAGAAGYGGGYGAGAAGYGGGYGAGTGAGSGAAAGAGAGAGAAAGIAGASGYGGGYGAVAGAGAGAGAGAGAGSSAGAAAGASAAAAGSVNRVSSNIGSLVSGGPGAISSVVSNIFSGVSASAAGASYNEILTEALIEVIATLLHIISNSSVGYVGTEGLGDSMAMVQQAIGPLVG,MiSp,7.640705585479736
235,708,0.102,2.59,0.6,31.0,AAAAAASGGAGPGRQQGYGPGGSGAAAAAAAAAGGSGPGGYGQGPSGYGPSGPGAQQGYGPGGQGGSGAAAAAAAAAGSGPGGYGPGAAGPGSYGPSGPGGSGAAAAAAAASGPGGQQGYGPGGPGASAAAAAAAGGSGPGGYGQGPSGYGPSGPGAQQGYGPGGQGGSGAAAAAAAAAGSGPGGYGPGAAGPGNYGPSGPGGSGAAASAAAASGPGGQQGYGPGGSGAAAAAASGGAGPGRQQGYGPGGSGAAAAAAAAAGGSGPGGYGQGPSGYGPSGPGAQQGYGPGGQGGSGAAAAAAAAAGSGPGGYGPGAAGPGNYGPSGPGGSGAAASAAAASGPGGQQGYGPGGSGAAAAAASGGAGPGRQQGYGPGGSGAAAAAAAAAGGSGPGGYGQGPAGYGPGGQGGSGGAAAAAAAASSGPGGYGPGAAGPGNYGPSGPGGSGAAAAAAAASGPGGQQGYGPGGSGASAAAAAGGAGPGRQQAYGPGGSGAAAAAASGSGGYGPAQYGSSSVASSAASAASALSSPTTHARISSHASTLLSSGPTNSAAISNVISNAVSQVSASNPGSSSCDVLVQALLELITALISIVDSANIGQVNYGSSGQYAQIVGQSVQQALG,MaSp2,12.571364402770996
237,6019,0.102,10.7,1.25,15.2,MTWTARLALSLLAVLCTQGIFAQGQNNPWSSTELADAFINAFLNEAGRTGAFTADQLDDMSTIGDTLMTAMDKMARSNKSSQSKLQALNMAFASSMAEIAAVEQGGMSVAAKTNAIADSLNSAFYQTTGAVNVQFVNEIRSLISMFAQASTNEVSYGGSGAASASAGGGQGGYGGQGAGAAAAAAGGAGQRGYGGVGNQGAAAAAAAGGAGQGGQRYGGQGAGAAAASGAGQGGRGYGGQGAGAAAAAAGGAGQGYGGQGAGAAAAAAAGGAGQGGRGYGGQGAGAAAAAAGGAGQGGRGYGGQGAGAAAAAAGGAGQGGRGYGGQGAGAAAAAAGGAGQGGYGGLGSQGAGQGAAAAAAAGGAGQGGYGGLGGQGAGAAAAAAAGGAGQGGYGGRGGLGAGQGGYGGQGAGAAAAAAAAGGAGQGGYGGLGSQGAGQGAGAAAAAAGGAG,MaSp1,8.601554870605469
239,6367,0.101,8.76,1.46,14.2,MQWPTRLTLLTIVVCAQSYSALGASIWSSAAMAETFMQSFTSALGRSNILEADQMDDIASISDTLMSAVEKSGGKKNKLQALNMAFASSVAEIAFADMTGKPVDVKSNAILNALSEAFLQTTGFVDSYFIQEIGGLINMFAQVTANESDTSGAASASAAAAVSADSYGGRSVYKASTVAGTGISAKGDYGAYGSGAGTGAVASAGAGVSGAGYGAYGAGAGASAAATAGAVAAGAGGYGRGAGAGAAAGAGAGGYGGQGGYGAGAGAGAAAATAAGARGASGYGAGAGVGAAAAAGTGAGGAGGYGRGAGAGAAAGAGAGGAGGYGGQGGYGAGAGAAAAAGAGAGGAGGYGRGAGAEPAAGAGAGAVSAGGYGGQGGYGVGAGAGAAAAAGAGAGGAGGYGRGAGAGAAAGAGAGAGGDGGYGGQGGYGEGAGADAAAAAGAGAGGAGGYGSGAGSGAGIGAGAGAGAGGANGYGGQGGYGTGEGAGAAAAAGAGAGGAGGYGRGAGSGAGIGAGAGAGAGGYGGQGGYGTGAGAGAAAAAGAGARGAGGYGRGAGAG,MiSp,9.912917137145996
241,2194,0.101,10.5,1.18,22.3,GGLGGLGLYGQGSGLGAGAGAGAGAGAGAGVGVGAGSGAGGLGGDGYDAYGINSQSSSGFSFSLLSQRQYGPGQSLGGVSGAGAAAGAAGAGGLGGVGGYGQGSGLRSGAGAGAGAVAGGLGGLRGYGGAAGSGSSASAASAAAAGARGLGDLGLYGQGSGLEAGIGAGVGTGAGAGAGVGGLGGYGGAAGSSSSASAAAAAGSGIGGLGGLGLYDQGSGLGAGVVAGAGAGAGAGAGGLGGLRGYRGAGGSSSSASAAAAAGSGVGGLGGLGLYGQGSALGAGAGAGAGAGAGAGSGAGAGSGSGAGGLGGLRGYGGIAESSSSASAAAAAGSGTGGLGGLGLYGQGSGLGDGVGAGAGGLSGQGIGAGAGVAVSVGADAQAAVSNSVSRLSSGAASSRVTSAVSSLVQNGAPNLSALPNVFSNLSAQVSASSPGASECEVIIQVLLEVVTALVNILSVANVGPIDLSSVGNAAGLVGDAVMG,MiSp,11.521544456481934
259,5944,0.093,8.74,1.35,14.5,MKFSTHLSLYFLALCIWSISPLNAVTVWDTKENAEGFISRFNGGLARSGAFSDTQMSDISSISDTIISAIERNPSNSRSKLQALNMAFASSVSEIAFSESNGVPNGAKIQVIMDALSDSFLQTTGVVDKTFLNEIGSLVRMFAQVSASENEVSAGASASASAGAGGYGQSAAGGQAVGAGPGAGGNAVASSQGIGGGYGPGPGAASTSSIGAASTISQTSSSSSTVGYSQTQGGYGQSAGSTTGGYNQGAGAASSAGAATGGYGQGGGYSQGAGIGGYGQGAGAGAAATAGTASGVTGGYGQGAGAGQGASSAAAGGYGQGVGGGARQGLGGGTGQGSGAGAGAAASAASGAAGGYGQGTGQGAGQGAGVGAASGAAGGYGQGVGQGLGGRAGQGSGAGAGAASGATGGYGQGVGGGYGQGTGQGAGAGAAASAASGAA,MiSp,10.149969100952148
265,2059,0.09,8.0,0.94,18.3,GQGGLGGAAAAAAASGLGGAGRGGLGGGSGQQGGGQGGYGSGQGGQGGLGQGGAAAAAAAAGGLGGAGQGLGGGSGQQGAGQGGYGSGQGGQGGYGSGQGGQGGSGQGGNGAGQGGQGGLGQGGAAAAAAAASGGLGGAGQGLGGGSGQQGGQGGYGSGQGQGGLGQGGLGGAAAAAAAASGLGGAGRGGLGGGAGRGGLGGGSGQQGGGQGGYGSGQGGQGGLGQGGAAAAAAAAGGLGGAGQGLGGGSGQQGAGQGGYGAGQGGLGGAAAAAAAAGGAGQGGLGGGYGSGQGGQGGYGSGQGGQGGSGQGGYGSGQGGQGGLGQGGAAAAAAAAGLGGAGQGLGGGSGQQGGQGGYGSGQGGQGGLGQGGLGGAAAAAAAASGLGGAGRGGLGGGSGQQGGGQGGYGSGQGGQGGLGQGGAAAAAAAAAGGLGGAGQGLGGGSGQQGGQGGYGSGRGGQGGSGQGGYGSGQGGQGGLGQGGAAAAAAAGGLGGAGQGLGGGSGQQGGQGGYGSGQGQGGQGGLGQGGLGGAAAAAASGLGGAGRGGLGGGSGQQGAGQGGYGSGQGGLGQGGAAAAAAAAGGAGQGGLGGGYGSGQGGRGGYGSGQGGPGGYGQGGLGGSSAAASASAASAAASRLSSPAATSRVSSAVSSLASGGVSSPGALSGIIGNTVSQISSNSPGLSGCDVIVQALMEVVSALVHILSSASVGQVNYSSAGQSAQLVSQSVSQALGY,MaSp1,6.884832859039307
267,30,0.09,3.15,0.52,36.1,SGAGAAAASAAGGAGAGQGGYGAQGIQSSTTFSVSSQGAGGGLGGYGQGSGAGAAVAGAAGAGQGGQGGYGQGIGAGSRAGQGGLRGYGQGAGSSSAAAAVSGAGSGQGGYGGQGGYGQGAGGSSAAAAGSGAGQGRLGRYDQGLRADAASSAGVAVTVGNTVSRLSSPQAATRVSSAVSSLVSNGQVNVAALPSIISNLSSAISASATTASDCEVLVQVLLEVVSALVQIVSSANVGYINPVSSDSLNMVGSSITSAMG,MaSp1,8.13909912109375
273,3860,0.087,24.1,1.68,8.7,GGQGAGSAAAAAAAGGAGGLGGQGGYGSGQGGSGLGGQGAGSAAAAAAAGGAGGLGGQGGYGSGQGGSGLGGQGAGSAAAAAAAGGAGGQGGQGGYGSGQGGYGQGGQGAGSAAAAAAAAGGAGGLGGQGGYGSGQGGYGSGQGSAAASASVSATAAASRLSSPAASSRVSSAVSTLASGGASSPAALSSVIGNVVSQISSSSPGLSGCDVLVEALLEVVSALVHILSSASVGEVNYSTAGQSTQMVSQSVYQAMG,MaSp1,9.58757209777832
274,2015,0.086,7.64,0.94,18.2,RPGGDSATGGNGGRFGSGGPGGGSAAAAAATGGNVGHFGSVGAGGDSAAAAAASGGNGGRFGPGGDSAAAAAASGGNTGNGQGGYGGRFGSGLQGGDLRVVASASGDRGFGRGRYSSGYGSDSGTSATGEFSGYLDVPLSGRVSAAASRLSSPAAGSRVSSTISLLLSNGITNTNALSSAIGNIMYQVGNSNPGLSSCDVTVEAMLEILSALLSILGSASIGEINYNSLGQSAEIVSQSMLQALS,Spidroin,9.463235855102539
275,329,0.086,5.48,0.65,22.5,GAGSGAGAGSGAGAGSGAGAGSGAGAGSGAGAGSGAGAGSGAGAGSGAGAGSGAGSGYGQGAGYGSGAGYGSGAGYGSGAGYGSGAGLGDGAGAGAGAGAGAGAGYGQSSTSETTTRTVYNTVSRMSSASAASRVSSAVSNIVQSGGVRADSLSNVIANIAAAVGRANPGLSQCEVLVQTLMELVSVLVHIVSSANLSTVNAGTAAQSVSAVSSAVAASLG,MiSp,4.793019771575928
282,1589,0.083,11.6,0.76,16.1,SQGPGGYGPGASAAAAAAAASGPGGPGSQGPGGPGSQGPGGPGSQGPGGPGGYGPGSQGPGGYGPGASAAAAAAAASGPGGYGPGSQGPGSQGPQGPGSQGPGGYGPGSQGPGGYGPGSQGPGGYGPGSSAAAAAAAASGPGGPGSQGPGGPGSQGPGGPGSQGPGGPGGYGPGSQGPGGYGPGASAAAAAAAASGPGGYGPGSQGPGSQGPQGPGSQGPGGYGPGAAAAAAAAASGPGGYGPGSQGPGSQGPQGPAGYGPGASAAAAAAAASGPGGPGSQGPGGPGSQGPGGPGSQGPGGYGPGSQGPGGYGPGSQGPGGYGPGASAAAAAAAASGPGGPGSQGPGGPGSQGPGGPGSQGPGGPGGYGPGSQGPGGYGPGASAAAAAAAASGPGGYGPGSQGPGSQGPQGPGSQGPGGYGPGASAAAAAASGPGGYGPGSQGPGSQGPQGPGSQGPGGYGPGAAAAAAAASGPGGYGPGPQGPSGPGSQGPSGPGSQGPGGYGPGASAAAAAAASGPGGYGPGPQGPSGPGSQGPGGYGPGAAAAAAAAASGPGGYGPGPQGPSGPGSQGPQGPGSQGPGGYGPGAAAAAAAAASGPGGYGPGPQGPSGPGSQGPSGPGGYGPAASASAAAARLSSPAASSRVSSAVSTLASSGGANAGALSSVISSLVSQVSANSPGLSGCDVLVQALLEVVSALVHVLSSASIGQVNYGASGQSAQLVSQAVSQALGY,MaSp2,9.967663764953613
283,3681,0.083,6.31,0.8,18.6,AAAGGPGGYGPGSQGPGSQGPSGPGGYGPGSQGPGGYGPGSQGPGGPGASAAAAAAAAGGPGGYGPGSQGPSGPGSQGPGGYGPGSQGPGAAAAAAAAAAGGPGGYGPGSQGPGSQGPSGPGGYGPGSQGPGGYGPGSQGPGGPGASAAAAAAAAGGPGGYGPGSQGPSGPGSQGPGGYGPGSQGPGASAAAAAAAAGGPGGYGPGSQGPGSQGPGSQGPSGPGGYGPGSQGPGGYGPGSQGPGGPGASAAAAAAAAGGPGGYGPGSQGPSGPGSQGPGGYGPASQGPGASAAAAAAAAGGPGGYGPGSQGPGSKGPGSQGPSGPGGYGPGSQGPSGPGGAAAAAAAAAGGPGGYGPGSQGPSGPSGAGGYGPGSQGPSGPGGYGPGSQGPSGPGGYGPGSQGPGGPGASAAAAAAASGPGGYGPSGPGSQGPSGPGSQGPSGPGGPGASAAAAAAASGPGGYGPGSQGPSGPGGYGPGSQGPSGPGGYGPGSQGPSGPGSQGPSGPSGPGGYGPSGSGASAAAAAAASGPGGYGPGSQGPSGPSGPGGYGPGSQGPSGPGGPGASAAAAAATASGPGGYGPGSQGPSGPSGPGGYGPGSQGPSGPGGYGPGASAAAAAAASGPGGYGPGSQGPSGPSGPGGYGPSGPGASAAAAAAASGPGGYGPGSQGPSGPGYQGPSGPGAYGPSPAASASVAASRLSSPQASSRVSSAVSSLVSSGPASGSSVSSALNSLTSQISGSNPGLSGCDVLVQALLELVSALVTILSSASIGQVNVNSAGQSTQMISQALL,MaSp2,10.039996147155762
287,6054,0.082,6.0,1.08,17.8,MTWTARLVLLTLVALCTLSAVARGESNHPWKDMKSMETFMDIATEKLSSSGRFNDDDVDAVREVGDTLKQSAENMWKKGKMSPKQLGMMNMAFTAVLADMVYSDGSNLEEKKNAVDNALSAALVASIGKIDPIFMNEINTLMSTFGQSNQLGNESGGYGAESAAVAASSSNGFGSGPQTLSSQGRGAPSISVSATGAGAFPQGPVGSQQSSYSISASSLSGAPGGYGGQYGSGLGAGQGGNSGSAAAAVATGSGGAGSPIQGYGGTVGSAAASGIGGYGGGAGLGYGGGREAAAAAGGAGQGGFGAGGDGLGGQEGTASAAAAAGGLGGQGGYGGLGYQGAGGAGQGGYGSGLGGAGSAAAAASAGGAGQGGFGSGGVGIGYGAGLGGQGGAGQGGATAAAAAAGGLGGQDGYGGLGSLGTGGTGQGGAAAAVVAAGGIGGQGGYGVLGYQGAGGVGQGGYGSGLGGAGSAAAAASAGGAGQGGFGSGGVGIGYGAGLGGQGGAGQGGAAAAAAAAGGAGQGLVGPGAGPGGYGRDGSGSAAAAAASSNGSGSDGYGGGYGGQGGPGQ,MaSp3,9.754059791564941
288,5775,0.081,6.2,1.14,15.1,GASGAGAGGLGGYGQGAGAGAGAAAAGAGAGAYGAGQGGLGGYGQGAGAGAGAGAGAGAGAGTGAGAGAGAGAGAGAGAGAYGAGQGGLSGYGQGAGAGSSSAAAAGASQGTYGSGYQTGSQFSLSLSSQAEGKGTTYGQGAATGAGAAAAAVGSAGAGQGGYGLGAGAGAEARAGAGARLGAGAGAEAGAYGAGQGGLGGYGQGAGAGAGAAAAGAGAAAFGAGQGGLGGYGAGAGAGAGAGAGAGAYGAGRGGRGGYGQGAGAGAGAAAYGAGQGGLGGYGQGSGEGAGAGAGVGAGAAAGAGAGIGAGAGAGAGGAAAGAGAGTYGAGRGGLGGYGQGAGAGAGAAAYGAGQGGLGGYGQGAGAGAGAAAAGAGAGAYGAGQGGLSGYGQGAGAGAAAAAAGGAGAGQGGQGGYGGQGGYGGYGLGAGAGAGAASATAGAYGAGAYGASSSSDVVATVGSTVSRLSSPNAVSRVSSAVSNLVSNGQLNLSSLPNVISNLSSSITASSPGISGCEALVQVLLEVTSALVHILSSANIGDINLNASSDYAAMVGSSVSNVMG,MaSp1,8.272150993347168
291,5813,0.08,6.74,0.82,16.4,YGPGQGQEAGFSGSSPATASSAYSQGYGPGQSAYPGQPGYSSSSAIAISLGYGQNGGYGPSSGASGSGAGQGQLGGPGSPTTVSSVSSGPGFAPGQQQPGTVGSSSSAASVISNAQGFGPQQSSYVVQQGSSGAASAATATAAASRLSSIESSSRVSSAVSSLVSNGPTNPVALANAVRSVMSQVNASSSGLSECEVLVQALLEILSALVHILGSATVGEVNYDASSQTAQMVGQSIAQIFS,MaSp1,7.569153308868408
295,4109,0.078,5.65,0.94,16.5,AGSGGAGGSGGYGPGGYGPGGSGSGAASAAASAAAGGPGGAGPGGYGPGGYGPGGYGPGGSGGSGSAAASAAASAAGGSGGSGGYEEIISGPGGYGPGGAGPGGYGPGGAGPGGYGPGGYGPGGSSGSGGSGSAAASAAASAAAGGAGGSGGYEEIISGPGGYGPGGAGPGGYGPGGAGPGGYGPGGYGPGGSSGSGGSGSAAASAAASAAAGGAGGSGGYEEIISGPGGYGPGGAGPGGAGPGGYGPGGAGPGGYGPGGYGPGGSGGSGSAAASAAAAASGSGSGGSGGYEEIISGPGGYGPGGAGPGGYGPGGSGPGGYGSGSSGGSGGSGGSGGAGSSAAAAAAASGAGGSGGSGGYGPGGSGPGGYGPGGSGSSAASAAAGGPGGAGGYGPGGYGPGGYGPGGYGPGGSGGSGSAAASAAASAAGSGSGGSGGYEEIISGPGGYGPGGAGPGGYGPGSAGPGGYGPGGAGPGGYGPGGSSSAAASAAASAAGSGAGGSGGYEEIISGPGGYGPGGSGPGGAGPGGYGPGGYGPGGSGSASAAAAASAAGSGSGGSGGYEEIISGPGGYGPGGVGPGSSGPGGYGPGGYGPGGSGSAAASAAASAAAGGSGGSGGYEEIISGPGGYGPGGVGPGSSGPGGYGPGSYGPGGSGSSAASAAAGGSGGSGGYGPGASLASSASAAASALSSPGSSSRVSSVASRIASGGPVNVSTLSSTIGNVVSQVRASNPGASNCDVLVQSLLEVVTGLVHVLGSANIGNVNYGASGQTARMVGQSINAAFG,MaSp2,9.149399757385254
296,3393,0.077,8.61,0.87,16.6,AGAGAGYGQGAGGLGGRGQGDGAGSGAAAGAGAGAGAGGAGQGGYGSYGAASQTSSGISLSLSTQGQYGQGSGIGAGAGAGASAGAGAGAGAGAGYGQGAGGLGGYGQGVGAGAGAAAGAGAGAGVGYGRGAGGYGQGAGAGAGAAAGAGAGAGAGYGQGAGAGAGGYGQGYGAGVSVAVGADAQAAVSNSVSRLSSGASSSRVSSAVSSLVQNGRPNVASLPNVISNLSAQVSASTPGASGCEVMVQVLLEVVSALVHILSSANVGNIDLSSVGNSANLVGSALG,MiSp,14.685027122497559
297,6329,0.077,8.62,1.51,12.3,MQWLTQLSLFFFVLFIQGSLAQGQQMWSNPGAAVAMTSSFVGCAGQSGLLSGDQMDDMQMMADTITMQASRLGANAPKHKMKALYSGMAAAIAEVASNSPPELTSAVLNSIGGCLSNSMIQATGAVDNTFTNEVMQMVTMFAADNANAVSSSASSSGASSAASSSSAVSSSQSSGYSSGGGYGSSAGAGSGAGAGAGGAGGYGGSYGAGAGAAATSAAGAGAGGAGGYGGGYGAGAGAGAAAGAGAGAGAGGAGGYGTGYGAGAGAGSA,Spidroin,9.301020622253418
299,1792,0.076,13.4,0.85,15.4,DTGGPSPFAPGPFGQSGSDSNQHVSITFGQPVQSKSFGEEGLGQFNQYINSVAAETKPSHFGSDGGGAVSSGSVAFGEPVPSSYQQVNGSVEQYATSSHQPGSGPVGQSGSNSGQYGTRHFGPSEANSGASTSNESFGSGHFLKHVTSSVGQTAEFPQTSIGTDKGGTGPFGPGPFEQSISSSNQHASVPFGQLGQSKSFGEGLGQYNQYSNSVAAETKQSHFRPDGVAISSGSVPFGKPGPTSYQQISGSLRPYGTISDQPTRGSAGLLGLSSDQPGDGLFGPSGISQGTSTESGSLGSGYYATHTTPSLEQTAETADARPYPSGLDGGVSSLVESGPFGHSGFSSNQQASVTFKHSGQSESSGQGLGQYIPYGNSVAKAATESETKPAEFGPEGGGLVPSGSLPFGQPEPNTYQQTLSSFVPSDDNSNQPGSGHYLKYTTSSVGQTAEEQETRPSSIGPDTGGPGPFEPGSFGQSESSLNQHVSFPFGQSKSFGEGLGQYNQYSNSVAAETKQSQFRPDGVAISSGSIPFGKPGPTSYQQISGSLRPYGTISDQPTRGSAGPFGLSSEQPGDGLLGPSAASSGTSTQNESVGSGHYVTHTTSSVAQTAEAKGARPYLGGLDGGGPGLLGSGPFGHSGYSSNQQVSVNFGHSGQGLGQYIPHGSSVAEAATEATEAKPAEFGSDGEGEVPSGSMSFWQQVPSSHQRIPGSDGQSRPSLVQNGPGLFGPSEASLGTFTTNEAFGSGNYLKYSTTTATQTAKAKHSPIKLDGGAPGPYGYSGFSSQQVPVTFGQSGNIQSSGQGLGQYIPFSNSAAKAAAVTTQTISSPNGPHRGALAPSELGASGPSENSSDQPGHGPFETTGNSSYHRGSVPYGSLGSETGHFESNEPIEPGSYMQYTTTSAALTANEAATKPSILVKNGEGPSPTGLTPFSPSGYGSYKPVSVIVSPYGSSTDHPETGSFGLSSPVLDQPTLGPYETSEQGTGSSGTAELLGQGSHVPYTIPSEAVMGSAGRPRPGLLRLPGSSPVISVPNGPFDLIPGLYVPYKSAEGAAMTAKAQTEPSPYEPHREGADPSRLSSEQPALSFIGSSTPSTYEPSTGQSTVAPESSEQLGSGLYNPHIALEPTTVVTVTPIDKKAVLKSASRLSSLLTTARVSTAISFLLSSGGFNPSSLSKVISYLIKSIPESQPGLSGNEMLLQALLELIASLVHILSSASIGQVGSCPSSSSSLVGQSLTHALGG,Spidroin,8.633365631103516
303,5792,0.076,6.25,0.96,14.7,AAASASVSATAAASRLSSPAASSRVSSHVSTLASGGASSPGALSNVIGNAVSQISSSSPDLSGCDVLVQALLEVVSAMVHLLSSANIGQVNYSTAGQSTQLVSQSVAQAMG,MaSp1,6.549619197845459
307,5580,0.074,4.29,0.74,20.3,VSNTVYRMSSPEVTSRVSSAVSTLVSSGVNNANSLSNIIANVATSVAASNPGLSGCEVLVQALLEIVSALVHVLSSANIGYVNFDAIPGSVSAVGQAMSGVLY,MiSp,12.606624603271484
311,2414,0.072,5.02,0.58,22.4,GAGAAAASGAGAAAGGAGGYGQGYGSGAGAGAGAAAAAGAGAGAGGAGGYGGGAGDGAGAGAGGAGGYGQGYGTGAGAGAGAGAAAGAGAGAGGAGGYGQGYGSGAGAGAGAGAGGSGGYGQGYGSGAGAGAGAAAAAGAGAGARGSGGYGQGYGTGAGAGAGASAGAGAGAGGAGGYGQGYGAGAGAGAGAGAGGAGGYGQGYGAGVGAGAGAAAAAGAGAGAGGAGGYGQGFGSGAGAGAGAGAGAGAAAAAAAGAGAGAGGAGGYGQGYGAGAGAGAAAGAGAGAGAGAGAGSAGGYGQGYGAGAGAGSAAGAGAGAGAGGAGGYGQGYGGGAGSGAGSAAAAGAGASGGYGGGSAAAAGSGAGVAGGYSQGYAAGAGAGAAGGYGGSYGAGAGSGAGASASAGSYAGAVNRLSSSGAANRVSSNVAAIASGGAAALPNVMSNIYSGVLGSGVSSSEALIQALLEVISALMHVLGSASIGNVSSAGLDSTLNVVQNAVSQYAG,MiSp,8.014222145080566
312,5515,0.072,4.56,1.04,14.4,PSGPSGPGTGPSGPSGPGTGPSGPSRPGTGRSGADTGLFGPGGYGLAAAASAASYAGPAGPSRGGAGPSGPGAGTSGPGAGPYGPGTGPSGPGTGPSGPDAGPFGPGGYGLAAAASAASYAGPAGRSRGDAGPSGPGAGPSGPDAGPFGPGGYGPASGNEGPSEDAGYFGPWRYGPEAAASAATYAGPSAPSGRGLGPSGPGAGQSGGGGGPRGRDAGPFGPGGYGPGAAASAAAYTGPGRPSRGGAGPSGPGAGTLGPGAGPSGPGTGPSGPGTGPSGPDAGPFGPRGYGLAAAVSAASYAGPAGPSGGGAGPSGLGAGPFGPGGYGPASGDEGPSEDAGYFGPWRYGPEAAASAAAFAGPSAPSGRGEGPSGLGAGQSGGGGGPRGRDAGPFGPGGYGPGAAASAAAYTGPAGPSRGGAGPSGPSGPGTGPSGPSGPGTGPSGPSRPGTGRSGADTGLFGPGGYGLAAAASAASYAGPAGPSRGGAGPSGPGAGTSGPGAGPYGPGTGPSGPGTGPSGPDAGPFGPGGYGLAAAASAASYAGPAGRSRGDAGPSGPGAGPSGPDAGPFGPGGYGPASGNEGPSEDAGYFGPWRYGPEAAASAATYAGPSAPSGRGLGPSGPGAGQSGGGGGPRGRDAGPFGPGGYGPGAAASAAAYTGPAGPSRGGAGPSGPSGPGTGPSGPSRPGTGPSGADAGLFGPGGYGLAAAASAASYAGPARSSRGGAGPSGPGAGPSGPGTGPSGPGTGPSGRDAGPFVSGGYGLAAAASTASYAGPAGPSEGAGPSGPVAGPSGQGGGPSGRDAGRFGPGRYGPAAAASAASYTGPGGPSGRDAGPLGRGAGPSGPSARPSGGDEGPSEYAGYFGPWRYGPGAAASSAAYAGPAAPSERGAGPSGPDAGRYGPSAAASAASYAGPAGPSGRGAGPSGPGAGPSGPSEPGAGPSGPDAGPFGPSGYGPAAVASAASYGGPAAPSGQGAGSSGPSGRGAGRSGPSAGPSGRGAGPSGTDAGPFGPGGYGPVAAASAAATSYARPRGPQRYGPSSGDSGPGGGTGPGAGPSGAGEGPSGERDRVIVPWRGPRPEAAASAASYAGPAGPSGPSGPSAGPSGPDAGTGRLLYIPSGDRNAVLNSVSRLSSSSASSRISSAVSSLLSAGGPDYSSLSGIVADLSYSVAISHPGISGCEILLQVLLELITGLFQILSSAVIGEVSSSSDYYSSVVGQSVASAFAG,Spidroin,6.773000240325928
318,3476,0.069,19.5,1.17,8.3,GAGAAAAAAAGGAGQGGQGGYGSGQGGQGGYGSGQGGLGGGAGAAAAAAAAGGAGGLGGSGMGGAGQGGYGSGQGGQGGRGGAAAAAAAASGGAGQGGQGGYGSGQGGQGGYGSGQGGLGGSSAAASASAATAAASRLSSPAASSRVSSAVSSLASGGVSSPGALSGVISNVVSQISSSNSGLSGCDVLVQALLEVVSALVHILSSSSIGQVNYGSAGMAAQLVSQEVSQALGY,MaSp1,10.67685604095459
320,6726,0.069,14.1,1.27,9.2,MTWTVRLALILLVALCNQSKVAQGLAAHPYESPASVEAFMSSMVDKLATSGYMTEDDIETIGMMATTMKSAAEKMARSGKASPQKLEAINMGFGAGLAEIVSSKGENVAAATAAVRDAMSAAFLQTTGAVNLKFIKEIVDLIGMFSQDQAVNGSGGSSSSVSVSDSAAGGYGGQYGSGFGTGQGGYGSGQGGSGAAASAAAAGGSGGAGQGYG,Spidroin,9.002375602722168
321,6985,0.068,3.26,0.76,19.8,MNWTARLALSLLALVCSQSIFVLGQSPWQSSALAESFIGYFYTALGQSSAFTADQMDDISSICDSIQGGIANMERTGKASAHKLQAMNMAFASAVAEIAISEDGGASPQVKTDAVADALSSAFLQTTGVVNMQFVNEIRTLIAMFSQANAPSSNAVSVSSAAGGGGGGGGGYGAPVSGVSVSAPGAYGPGPQGPQGLGPQATSISVSAAAPGGYGQGPIQGPQSYAPGVQGPVMQGPSGPGQQSSYEYSISISSQSGPQGGYGTGGGGASSAAAGGAGGQGGYGAGQGGYGDGQGAGAAAAAAAAGGAGGQGGYGSGLGDYGTGRGGSGSSAAAAAAGGAGGAGQGGLGAGQGYGSGLGGLGGAGQGGAGAAAAAAGGAGGQGGYGDGRGGYGAGQGAGAAAAAAAAGGSGGQGGYGDGRGGYGAGQGAGAAAAAAAAGGAGGQGGYG,MaSp1,7.829061031341553
322,4221,0.068,5.98,0.83,16.4,AAAAAAGGQGGQGGYGGLGSQGAGGAGQGGYGGGQGGAASAAAAAAGGAGQGGLGAGQGYGAGQGGQGGAGQGGAASAAAAAAGGQGGQGGYGGLGSQGAGGAGQGGYGGGQGGAASAAAAAAAGGAGQGGLGAGQGYGAGQGGQGGAGQGGAASAAAAAAGGQGGQGGYGGLGSQGAGGAGQGGYGGGQGGAAAAAAAAAGGAGQGGLGAGQGYGAGQGGLGGAGQGGAAAAAAAAGGLGGQGGYGGYGSQGTGGAGQGGYGGGAASAAAAAAAGGAGQGGLGAGQGYGAGQGGQGGAGQGGAASAAAAAAVGQGGQGGYGGLGSQGAGGAGQGGYGGGQGGAASAAAAAAAAGGAGQGGLGAGQGYGAGQGGLGGAGQGGAAAAAAAAGGLGGQGGYGGYGSQGAGGAGQGGYGGGSAAAAAAAGGAGQGGLGAGGAGQGYGAGQGGQGGAGQGGAASAAAAAAGGQGGQGGYGGLGSQGGAGQGGYGAGTYGGGSAASASAASAAASRLSSPSAASRVSSAVSSLVSSGPTSQSALSSTISNVVSQISASNPGLSGCDVLVQALLEVVSALVHILGSSSIGQVNSSAAGQSASIVGQSVYQALS,MaSp1,10.527874946594238
326,5791,0.066,6.65,0.77,13.5,AAAASRLSSPSASSRVSSHVSTLASGGASSPGALSNVIGNAVSQISSSSPDLSGCDVLVQALLEVVSAMVHLLSSANIGQVNYSTAGQSTQLVSQSVAQAMG,MaSp1,6.106310844421387
327,2294,0.066,5.76,0.59,20.7,GGYGPGNQGSGGPGASVAVAAAGGPGGYGPSGAGGYGQGSQGLSGSGPSAAVASAGGPGGYGSGNQGAGGSANQGAGGNGGYGSGNQGLGGAGGYGPGNQGSGGPGASVAVAAAGGPGGYGPSGAGGYGQGSQGLSGSGPSAAVASAGGPGGYGSGNQGAGGSANQGAGGTGGYGSGNQGLGGAGGYGPGNQGSGGPGASVAVAAAGGPGGYGPSGAGGYGQGSQGLSGSGPSAAVASAGGPGGYGSGNQGAGGSANQGAGGNGGYGSGNQGLGGAGGYGPGNQGSGGPGASVAVAAAGGPGGYGPSGAGGYGPSGAGGYVQGSQGISGSGPSAAVSSAGGPGGYGSGNQGPGSQGPGGSGASIVVTAAGGPGGYGPGNQGPSGPGYQGPSGSGAYGPSPVASASIAASRLSSPAASSRVSSAVSTLLSSGLTNGAAVSGALNGLASQIGANNPGLSGCDVLVQALLELVSALVAILSSGSIGQVNPGSVGQSTQMISQALL,MaSp2,10.257011413574219
329,2590,0.064,10.0,0.86,16.2,GAAGYGQGGLGGYNAGAGGAAGAAAGAGRGGYGQGAGAGGAASAAAGAGQGGYGQGGFGGYGGGAGSGSAAAAAGAAGAGQGGYTGYGQGAGSAAGAAAAGGAGSGRGGYSGYGQGAGVSSGVSTTVVNSVSRLSSPSTASRVSSAVSNLVSNGQVNVASLPGIISNISSSISSSSPDASECEILVQVLLEVVSALLQIVSSANIGEVNLNASSDYASMVGNSVQNVYG,MaSp1,7.499499797821045
332,6848,0.064,3.47,0.57,20.2,MQWTTRFSLFFLILIIQGFLAHGQQIWTNPDAAMSMTNNLVQCAGRSGVLTADQMDDMGMMADSVNSQLQKMGANAPKHRLRAMNSAMAASVAEVVASSPPQSYNAVLNTIGNCLTESILQATGTVDNVFVSEVTKMISIFAADNANTVSDSASSSGASYATSTSSAASSGAGAGAGGARGYGSGYGAGAGAGAAAAGGAGAGGAGGYGRGAGAGAGAAAAAGAGAGGAGGYGSGYGAGAGAGAAAAGGAGAGAAGGYGRGAGAGAGAGAAAGAGAGAGGAGGYGSGYGAGSGAGAGSAAAGGAGAGGAGGYGRGAGAGAGAGAGAGGAGGYGSGYGAGAGAGAGAAAAGGSGAGAAGGYGRGAGAGAGAAAGAGAGAGGAGGYGSGYGAGAGAGAGAAAAGGAGAGGAGGYGRGAGAGAGAGAAAGAGAGAGGAGGYGSGYGAGAGAGAGAAAAGGAGAGGYGRGAGAGAGAGAAAGAGAGAGGAGGYGSGYGAGAGAGAGAAAAGGAGAGG,MiSp,13.492076873779297
336,1798,0.062,8.31,0.87,15.2,PYGPGSQGPGGQGPYGPGSQGPGGQGPYGPQGPGGASAAAAAAAASGPGGQGPYGPGSQGPGGQGPSGPGSQGPGGQGPYGPGSQGPGGQGPYGPQGPGGASAAAAAAASGPGGQGPYGPGSQGPGGQGPSGPGSQGPGGQGPYGPGSQGPGGQGPYGPQGPGGASAAAAAAAASGPGGYGPGSQGPSGPGSQGPGGQGPYGPQGPGGASAAAAASAASGPGGYGPGSQGPSGPGSQGPGRQGSYGPGSQGPSGPGSQGPGTSASAAAARLSSPSASSRVSSAASSLVSSGGANSGALSSVISNLVSQISYSSPGLSGCDVLVQALLEVVSALVHILSSSSVGQVNYGASGQFAQLVAQAVAQAVA,MaSp2,10.27165412902832
337,4269,0.062,25.3,1.64,6.6,SGRSSTKKLQALNMAFASSMAEIALAEQGGQNIDVKTNAIVGALNEAFIRTSGRVNNAFINEIRQLMLMFSQVSMNDSVSGSTASARGYGEQQGGPGASAAASAAATGSGYRPRQGQPAVSSASSAATVSSTDSQGYGPGQSGYPSQPGYSSSIALSLGYGQSGGYGPSSSSSGPGAGQGFGQQGGPGASAAATEAPAGQDYGPGQAQQGGSSGSSSATTSSADSQSYGPVQSGYPGQPGYSSSSIAISLGYGQNGGNAPSSGASGPGGGQGGGQQGGSGASAAASAAPAGQGYGPGQGGSSGSSALTASSADSQGYGPGQSGYPGQPGYSSSSSAIAISLGYGQNGGYGPGYGASGPGGGQQGRSGASAAASAAPAGQGYGPGQGQQAGSSGSSTTTASSVGSQGYSPGQSGYASQQGYSSSSSAIAISLGYGQNGGYGPSSGTSSPGAGQGEGQQGGSGASAAASAAPAGEYYGPWQEQQGGSSGSSAATTSSADSQSYGPVQSAYPGQPGYSSSSIAISLGYGQNGGYGPGSGASGPGGGQQGGSGASAVESVAPAGEGYGPGQGQQAGSSGSSTTTASSSGSQGYGPGQSGYASQQGYSSSSSAIAISLGYGQNGGYGPGSRASGPGGGQQGGSGASAAASAAPAGEDYGPRQGQQAGSSGSSTTTASSTGSQGYGLGQSGYASQQGYSSSSSAIAISLGYGQNGGYGPSSGTSGPGAGQGGGLQGGSGASAAASAVPAGQDYGPGQGQEGDTSGSSAVTASSAGSQSYGPGQSGYPGQPGYTSSSSAIAISLGYGLNGGYGPSSGASGPGDRQVGRQQGGSGASSAVSAAPGGQGYGPMQGQGGSSGSSAATASSVDSQGYGPGQSGYPGQPGYSSSSSPIAISLGYGQNGGYVPSSGASGSGTGQGQGGGQQGPGASEAAVGQGYGPGQGQQAGSSGSSAATTSAGFQGYGPVQSGYPGQPGYSSSSSSIAISLGYGQNGVYSPSPGASGPGTGQGQGGPGASAPASAAAAGEGYGSGQVQQAGFSGSSATITSSADSQGYGPGQSEYPGQPGYSSSAISISLGYGQNGYGPSTGTSGSGAGQVQGGYSGQLGGSGFSSPMSSVSSGQGFAPGPQLEATGSSASAATSGAQGFGSQQSSYVVQQGSAGAASAATASAAASRLSSVESTSRVSSAVSSLVSNGPTNPAALANAVSSVMSQVNASSSGLSECEILVQALLEILSALVHILGSATVGVVNYDASSQTAQMVGQSIAQIFS,MaSp1,7.055844783782959
338,4463,0.062,9.06,0.84,13.0,GSQGPGSLGPGGYGPGSQGPGGYGPVSQGPGSQGPGSQGPSGPGSRGPGGYGPGSQGPGGASAAAAAAAAGGPGGYGPGSQGPGSQGPSGPGSQGPGSQGPSGPGSQGPGGYGPGSQGPGGYGPGSQGPGAASAAAAAAAASGPGGYGPGSQGPGSQGPSGPGSQGPEGYGPGSQGPGGYGPGSQGPGGYGPGSQGPGGASAAAAAAAASGPGGYGPGSQGPSGPGTQGGYGPGASASAAASRLSSPASSSRVSSAASTLVSSGGANSGSLSSVISNLASQVSASSPGLSGCDVLVQVLLEVVSALVHILSSSSVGQVNYGASGQYAQLVGQAVSQALAY,MaSp2,9.017008781433105
341,2180,0.06,10.1,0.93,11.9,AAAAAAAAAAAAGGAGGAGQGAGGAGSGAAAAGAGGAGGAGGSGGYGQGASAAAAAAAAAAAAAGGNGGYGQGAGGYGAGGYGQGASAAAAAAAAAAAAAGGAGGAGQGAGGAGSGAAAAGAGGAGGAGGSGGYGQGASAAAAAAAAAAAAAGGNGGYGQGAGGYGAGGYGQGASAAAAAAAAAAAAAGGAGGAGQGAGGAGSGAAAAAAGGAGGAGGSGGYGQGASAAAAAAAAAAAAAGGAGGYGQGAGGYGAGGYGQGASAAAAAAAAAAAAAGGAGGAGQGAGGAGSGAAAAAAGGAGGAGGSGGYGQGASAAAAAAAAAAAAAGGNGGYGQGAGGYGAGGYGQGASAAASAAAAAAAAAGGAGGAGQGAGGAGSGAAAAAAGGAGGAGGSGGYGQGASAAAAAAAAASAAASRLSSPSATTRVSSAVSSLVSGGPTNVNSLSNTIGNAVDQVRASNPGLSDCDVMIQSLLEVISAAVHILGSANLGQINYASAGQTAQAVAQSVYNALG,MaSp1,6.7061238288879395
342,5532,0.06,2.9,0.82,19.1,GAGKGFGQGSGQGFGQGMGAGQGSGQGSGQGSGQGYGSSTSTSVSNSVSRLSSGSANSRVSSAAQSFASNDQPVVNYLPGVMSDLRSRVVAENPGLSECEVQVQVLLEVISALVHVLSYANFNNVDYGNAGQTSAAVARAMANSWAY,MaSp,13.115416526794434
350,4277,0.053,4.07,0.58,17.0,QGGQGSGAAAAAAAAAGGSGGQGGYGQGGYGQGAGEGGQGGYGQGGQGSGAAAAAAAAGGSGGQGGYGQGAGEGGYGQGGQGSGASAAAAAAAGGSGGQGGYGQGSGPRGYGPSGSRSGAASAAASAVSAISSPGSVSRISSTASRIVSGGPINAASLSNTIGSVVYEVRAGNPGASDCEVLVQTLSELLAAVINILGSASIGNINYGASGQSAAVVSQSIQSAMG,MaSp,10.498013496398926
353,3767,0.05,5.29,0.64,16.3,GPGSQGPGSSEPGSQGPGSYGPGSAAVAVSVPGGYGPSGPGSQGPGVSVPGSQGPGGYGPGSQGSGRPGSQAPGGYGSGSQGPGGPGSQGPGSSGPGSQGPGGYGPGSAGSAAVAVSGPGGYGPSVTGSQGPSGSGSQGPVVYGSGSQGPGSQGPGSQGPSGLGGYSPGASASSAASAAARLSSPASSSRVSSAASQLVASGGANSGALSSVISNLVSQVSARSPGLSSCDVLVQALLELVSALVHILSSSSIGQVNYSASGQYAQYVGQCLAQALS,MaSp2,9.827272415161133
354,3656,0.05,6.33,0.7,13.1,GFGPGGAGGYGPGGAGGYGPGEFGGYGSESGGAAAAAAAAAAASAAASAAEGGYGTSYGTGGSGGYGSSSAGSSASAAASGSQGGYSTGYGGGSSGASSAAAASAAASSAAAASAAASRLSSPASSTRISNAASNLVSRGIANAGALSSVISSLSSQVRASNPGLSGCDVLVQTLMEVVSAMVHIASSSNIGPVNYGSSGQYAQLVRQSVNQAFA,MaSp,6.3841872215271
356,4007,0.05,6.19,0.73,13.1,YGNGYGSGAGDASAAAAAAAAAAAAGSGAGGYGQGGYGAGGSGAAAASAAAAAAAAASGAGGNGSGGYGNGYGSGAGDASAAAAAAAAAAAAGSGAGGYGSGGYGSDGSGAAAAAAAAAAAAAAAGGAGGYGAGGYGQDGYGSGGSGASAAAAAAAAAAAAAAASGASGYGNGASDAAAAAAAAAAASAAASGDSGYGQAGYSSGGSGAAAAAAAAAAAAAAAGGSGGYGGGYGSGPSGSGSSSASAAASAASAISSPASVSRISNVASRIVSGGPLNGSNLSSTLSSVIAQVRASNPGASQCAVATQSLMEMLTAYAHVLGSSRIGNVNYGASAQTASVFSSSMQNNFG,MaSp1,7.398431301116943
361,1965,0.046,5.83,0.49,18.1,GAGYGQGAGSGYGQGAGAGAGAAAAAGAGAGAGYGQGAGAGYGQGAGSGYGQGAGAAAAAGAGAGAGYGQGTGAGYGQGAGVGAGPGAGAGAGAGYGQGSGAGYGQGAGAGAGAGAGAAAAAGAGAGGQGGYGSYGTSSQSSSGFSLSISSQGQSAYGQGSGAGAGAAAGAGAGAGAGAGTGYGQGAGAGYGQGAGAGAGAGAGAGYGQGDGSGYGQGAGAGAGAAAGAGAGAGYGQGSGAGYGQGAGAGAGAGAGAAAGAGAGAGYGQGTGAGYGQGVGAGAGAGAGAGYGQGSGAGYGQGAGAGSGAGAGAGGQGGYGSYGTSSQATSGFSLSASSQGQYGYGQGAGAGAGAGAGAGAGAGAGAGAGAGAAAGAAAGAGSGAGAGTGYGQGAGAGYGQGAGVGYGQGAGAGAAVGAGAGAGSGYGQGAGAGAGAGAGYGQGAGAGYGQGAGAGAGAGAGAGAGAGAGYGQGAGAGGSAAAGAGAGAGAGYGQGAGAGYGQGAGAGAGAGASAAAGAGAGAGYGQGAGAGYGQGAGAGAGAAASAGAGAASSAGQGGYSSYGTSSQSSSGASSLYSSQIQYGQGSGAGAGAAAAAGAGAGSGAGYGQGAGVGAGAGAGAGAGGYGQGYGAGAGAGGYGQGYGVGSGAAAAAGADVRAAVSNSVSRLSSGAASSRVSTAVSSLVQNGQPNVGSLPSVISNLSSQVSASNPGLSGCEVMVQVLLEVISALVHILSSASVGNVDVGSVGNSATLVGSAVGNMG,MiSp,10.568968772888184
362,3899,0.046,4.23,0.59,17.0,GYGAGYGTGFGTGYGAGAGFGTGFGYGAGAGSGAGAGAGSGAGSGSGSGSGSGSGSGSGSGSGSGSGSGSGSGSGAGSGAGSGAGAGAGSGYGAGYGFGTGYGAGLGYGSGFGNGFGYGAGAGSGAGAGAGSGAGSGAGSGSGSGSGSGSGSGSGSGSGSGSGSGSGSGSGAGSGSGSGAGAGSGAGAGSGYGAGYGNGFGTGYGAGAGFGTGYGAGFGYGAGAGSGAGAGSGAGSGSGSGAGSGSGSGSGSGSGSGSGSGSGSGSGSGSGAGSGAGSGAGAGSGAGAGAGAGLGAGYGYESWYSVGGGYGAGAGSGAGAGAGSGAGAGSGSGAGSGSGSGSGSGSGSGSGSGSGSGSGSGSGSGSGSGAGAGSGAGAGAGYGAGYGTGFGSGYGAGAGFGTGYGAGYGYGAGAGSGAGAGAGSGSGAGSGSGSGSGSGSGSGSGSGSGSGSGSGSGSGSGSGAGSGAGSGAGAGSGAGAGSGYGAGYGFGTGYGAGLGYGSGFGNGFGYGAGAGSGAGAGAGSGAGSGAGSGSGSGSGSGSGSGSGSGSGSGSGSGSGSGSGAGSGSGSGAGAGSGAGAGSGYGAGYGNGFGTGYGAGAGFGTGYGAGFGYGAGAGSGAGAGSGAGSGSGSGAGSGSGSGSGSGSGSGSGSGSGSGSGSGSGAGSGAGSGAGAGSGAGAGAGAGLGAGYGYESWYSVGGGYGAGAGSGAGAGAGSGAGAGSGSGAGSGSGSGSGSGSGSGSGSGSGSGSGSGSGSGSGSGAGAGSGAGAGAGYGAGYGTGFGSGYGAGAGFGTGYGAGYGYGAGAGSGAGSGAGAGAGSGSGAGSGSGSGSGSGSGSGSGSGSGSGSGSGSGSGSGSGAGSGAGSGAGAGSGAGAGSGYGAGYGFGTGYGAGLGYGSGFGDGFGYGAGAGSGAGAGAGSGAGSGSGSGSGSGSGSGSGSGSGSGSGSGSGSGSGSGSGAGSGAGAGSGAGAGSGYGAGYGTGFGTGYGAGAGFGTGYGAGFGYGAGAGSGAGAGAGSGAGSGSGSGAGSGSGSGSGSGSGSGSGSGSGSGSGSGSGSGAGAGSGAGSGAGAGSGAGAGAGAGYGYESWYTVGGGYGGGAGSGAGAGAGSGAGAGSGSGAGSGAGSGSGSGSGSGSGSGSGSGSGSGSGSGSGAGSGAGAGSGAGAGAGYGAGYGTGFSTGYGAGTGFGPGYVAGTGFGPGYVAGTGSGPGLISDVGSTLTSTSNRLVSNEAANRISYAANSLVSGGGFNNAALPGVFQSISSQINASGLSGCEALVQVLLEVLSSVVHVLGSSSVGYVDPTGVTNSASSVQSAVTAMGY,MiSp,3.3561320304870605
365,5804,0.042,10.5,1.04,8.7,AAGGAGLGGVSAGQGYVTVQSGQGASASASAAASRLSTPSAASRVSSAVSSLVSSGGPTNSAALSSTISNVVSQIISSNPGLSECDVLVQALLEIVSALVHIFGSSNIGQVNSGAAGQSASLVGQSVYRALS,MaSp1,8.72021484375
368,3458,0.039,10.1,0.64,9.9,AGGYGQGYGAGSGSGAGAGAAAAAGAGAGAGAGAAGGYGQGYGAGSGSGAGAGAGAGAGAGAGAGAGSGAGAGGAGGYGQGYGAGSGSGAGAGAGAGGAGGYGQGYGSGSGAGAAAAAGASAGAAAGGAGGYGQGYGAGAGAGAGAAAGAGAGAAGGYGQGYGAGSGSGAGAGAGAASAAASGAYGGYSQSYGSGASAGAGASASSGSYASAVNSLSSAAAANRVSSNVQALASAGANALPGVIGNIYSGIASSGANSSDAMVQALLEVISALIHVLSSASIGNVNSAGVGSALNLVQQSVGQYLG,MiSp,9.204317092895508
370,4275,0.037,14.2,0.98,7.0,GGASAASAAAGGAGQGGYGQGGLGGQGAGAAAAAAASGAGQGGYGRGGYGQGAAQGQGAGAASAAAAGGAGGYGQGIGGQGAGSAASAAAGAAGQGQGAGSAAGAGGQGGYGSLGQGGASAASAAAGGAGQGGYGQGGLGGQGAGAAAAAAASGAGQGGYGRGGYGQGAAQGQGAGAASAAAAGGAGGYGQGIGGQGAGSASSAAAGAAGQGGYGQGQGAGSAAGAGGQGGYGGLGQGGASAASAAAGGAGQGGYGQGGLGGQGAGAAAAAAASGAGQGGYGRGGYGQGAAQGQGAGAASAAAAGGAGGYGQGIGGQGAGSAASSAAGAAGQGGYGGLGQGGASAASAAAGGAGQGGYGQGGLGGQGAGAAAAAAAGGAGQGGYGRGGYGQGAAQGQGAGAAAASAAGGAGGYGQGIGGQGAGSAASAASSASGQGMYGRGSYAQSQMSSASGMSSTSGSSSYGQTTSNVVSSTAVSSSVSSASSRINSGASYSRIGSAASSLSSGGVFNSAALSSVLSNIVSQVSSSTPGISSSEAMIQALLEIVSTLIALLSSSSIGQVNSNSIGNSAAVVSQSMGAVLG,MaSp1,9.050246238708496
373,4364,0.035,2.83,0.33,25.0,GFGGRGAGAGGYGQGGSGSAAAAAASSSRSGSDGYGGGYNGQGGPGQGGSGAAAAASGGGSGGSGGRGAGAGGYGQGGYGSAAAAASSSGSGSDGYGGGYNGQGGPGQGGSGAAAAAAGSGGGSGGFGGRGAGAGGYGQGGSGSAAAAAASSNGSGSDGYGGGYNGQGGPGQGGSVAAAAAASRGGSGGFGGRGVSPGGYGKGSTGSSSAAAASSDASGSDGYGREFGGQGGSGQNGASVATSSSSGGGFGGYGAGQGVYGGGLQEPAAASAAVASSAASRLSSPSSRSRVSSAVSIFLDNGLRSPEAFSSVYNSFVSDIISSNPNLSGCEVLVQVLLEILAATISGLSGLDSNSSMNVVKSFVS,MaSp3,8.515898704528809
376,3744,0.033,6.03,0.55,11.4,AAAAGGAGGQGGYGGSGSQGAGGAGQGGYGAGQGGAGAAAAAAAAGGAGGQGGYGGLGSQGAGQGGYGSGQGGAGAAAAAAAVSGAGGQGGYGGLGSQGAGGAGQGGAGAAAAAAAAAGGAGGAGRGGLGAGGAGQGYGSGLGGQGGAGQGGAGAAAAAAAAVGAGGQGGYGDLGSQGAGGAGQGGYGAGQGGAGAAAAAAAAGGAGGQGGYGGLGSQGAGQGGYGSGQGGAGAAAAASGAGGQGGYGVLGSQGAGGAGRGGSGAAAAAAAAAGSAGGSGRGGLGAGGAGQGYGAGLGGQGGAGQGGAGAAAAAAAAFGAGGQSGYGGLGSQGAGQGGYGAGGAGAAAAAAAAGGLGGYGGLGSQGAGGAGQGGYGGGAYGGQGVVSSAAAASAAASRLSSPSAASRVSSAVSSLVSSGGPTSPAALSSTISNVFSQISSSNPGLSGCDILVQALLEIVSALVHILGSANIGQVNSSAAGQSASMVGQSLYQALS,MaSp1,8.11392879486084
377,4502,0.031,8.74,0.72,7.7,PGSGQGGQVGYGGQGGVGGQGGLGGYGQGTGVGAAAAAAGSGQGGIGGYGGQGALGGYGQGAGVGVRAGQGGLGLYGSSYQSSTTYSTSSGSGLGGYGQGSGAGGANGAGSGRGGYGGQVGLGGYVQGAGAVSAASSAGGAGGSGYGGQGAAIGYGQGTGLGSGGAGQGGLGGYGQIAGPGAAFAASGAAGSGQGGLGPYGSSYQSGTSYTVTSQGSAAGLGGYGQGSGTGAAAAAAGAVGSGQGGQGGYLQGAGAGAGAGQGGLGGYGEGAGSATATAAATGGSGTAQGGYGGPSGQGLLVGYGQGAGAGAAAVGAGNVGNTVVNTVSRLSSPTAASRVSSAVSSLVSNGQVNVASLPYVLSNLSASISSTNAALSECEILVQVLLEVVSALVQIASSANVGNINLNASSDYASLVGSSLSNLYG,MaSp1,5.367659091949463
383,4532,0.025,4.25,0.55,9.6,GAAAAAAAAAGGSGGQGGYGQGGYGQGAGEGGQGGYGQGGQGSGAAAAAAAAGGSGGQGGYGQGAGEGGYGQGGQGSGASAAAAAAAGGSGGQGGYGQGSGPRGYGPSGSGSGAASAAASAVSAISSPGSVSRISSTASRIVSGGPINAASLSNTIGSVVYEVRAGNPGASDCEVLVQTLSELLAAVINILGSASIGNINYGASGQSAAVVSQSIQSAMG,MaSp,9.016613960266113
392,4070,0.005,1.29,0.79,28.2,AAASGSGSGGRQGGYGQGGSGASSAAAAASDGSGGDGSGRGYGGQGGYGPGGSSAAAAAASGGRGGDGYDGGYGGPSGSSAASAAASGSGSGGRQGGYGQGGSGASSAAAAASDGSGGDGSGRGYGGQGGYGPGGSSAAAAAAFSGGQGGDGYNGGNGGQGQGGSAAAAAAAAGAGGPGGVGYDGGYGGQGSSASSEAASSNGDGYGGGYGGQGGNGGGASSADALSQGREGGQRGLIRRRVIYKRGPGRNGLGGSGSSAAATASEGFGGDGYGGGNGGENGSSAAAAAAAGGGGQGGDGNDGGYGPGGSSAAAAASGGEQDGDGYGGYNGQVGSEASSAAAAASDGSGGDGSGRGYGGPGGYGPSGSSVAAAAAESGGQGGDGYGGGQGGYGPGGSGAAAAAAGGGPGSDGYGEGYGPGGSSSAAAAASGRGSGGRRGGYGPGGSGGAAAAAASGGQGDDGYGGGQGGYGPGRSGAAAAAAGGGPGSDGYGEGYGPGGSSSAAAAVSGRGRGGGRGGYGQGGSGASSAAASASDGSGGDGSGRGYGGQGGYGPGGSSTAAAASSGSSGGSGAGQGFYGGGLQESAAVASAAASRILSPSSLSRVSSAVSAFADDGKEYPEAFSRVYNNIYSGIASSNPNLSGCEILVQTLLELVCAIMSSYSGLNTGSSTSLISSAMGLNY,MaSp3,8.063178062438965
396,3909,,,,,GGSGPGGAGPGGYGPGGAGPGGYGPGGYGPGGSGPGGASAAAAAAAGGGGGGQGGYEEIVEYSSGPGGYGPGSSGPGGYGPESSGPGGYGPGGSGPGGSGPGGASAAAAAAAGGSGPGGSGPGGYGPRGSGPGRAGPGGYGPGGSAPGASAAASAAAAISSPASTSRISSVASRLASGGPVNVSRLSSTLGSVVSQVQSSNPGASQCEVLLQALLELVSALLHVLGSANIGNVNYGASGQTSSMVSQAVNQLYG,MaSp2,8.06690502166748
397,3609,,,,,RRGLFRSAGSGAGSGAAAGAGAGGAGGYGQGYGAGSGAGAGAAAAAGAGAGSGGAGRYGQGYGSGSGAGAAASSGAGSAVSGGYSQGYASGASAGASTSAAAGASAGGGYGGGYGGGAGASVSSGSYSAAVSRLSSAAAANRVSTNVAAIASGGAAALPSVISNIYSGVLNSGVNSSEAFIQALLEVISALVHVLGSASIGNVSSVGVDGAMSAVQNSVGSYFG,MiSp,12.511368751525879
400,2798,,,,,AGAGAGLGAGYGAGAGAGVGVGAGAGAGAGAGAGAGAGAGAGAGVGVGAGAGAGAGAGYGAGSGSGAGAGVGAGAGAGLGAGYGAGAGAGAAAGAGAGAGGAVSYGQTTQTRTTVYNTVSRMSSDSSSNRVSSATSALANGGLNSLSNVISNISAGIAASSPGLSGCEILVQTLMEVVSALVHILSCSSIGYVNAGSASQSAGAVANAVAAVLG,MiSp,15.970562934875488
406,4252,,,,,GYGGLGGPGQGGESAAAAAAGGGGRGGFGGRGAGPGGYGRGGSGSAAAAAASSDGSGNDGFGGGYGGLGGPGQGGASAAAAAAGEGGRGGFGGRGAGPGGYGPGGSGSAAAAAASSDGSGNDGYGGGYGGLGGPGQGGASAAAAAAGEGGRGGFGGRGAGPGGYGRGGSGSAAAAAASSDGSGNDGFGGGYGGLGGPGQGGASAAAAAAGEGGRGGFGGRGAGPGGYGRGGSGSAAAAAASSDGSGNDGYGGGYGGLGGPGQGGASAAAAAAGEGGRGGFGGRGAGPGGYGPGGSGSAAAAAASSDGSGNDGYGGGYGGLGGPGQGGGSAAAAAASGGGRGGFGADQGVYDGELQEPAVAAASAASSAASRMSSPSSQSRVSNAVSIFLDNDLRYPETFSSVYNSFVSDISSSNPDLSGCEVLVQSLEELLAATVSRLTGLDSSSAVDVVRSPFY,MaSp,10.436474800109863
407,6099,,,,,MTWTARLALSLLAVICSQSIFALGQSPWSSARMAESFMSSFANALAQSGAMTPDQMDDIMSINDSIQSGVEKMERTGKTSANKLQAMNMAFASAVAEIAIAEGGQSAGVKTNAIADALASAFLQTTGVVNSQFINEIRSLIGMFAQANSVSISSASASASAGSGGGYGPQAPGGGSAAASGGYGPGPQGPGPQGPGMSSVSISTSTTGGYGPGPQGPRPQGPGPQ,Spidroin,11.108865737915039
409,4242,,,,,GYGPGSAAAAAAAAFGPYGPGSQGPGGSGNQGPGSQGPGGSGNQGPGSQGPGGSGNQGPGSQGPGSQGPGGYGPGSAAAAAAAAFGPYGPGSQGPGGSGNQGPGSQGPGGSGNQGPGSQGPGSGNQGPGSQGPGSQGPGGYGPGSAAAAAAAAFGPYGPGSQGPGGSGNQGPGSQGPVGSGNQGPGSQGPGSGNQGPGSQGPGSQGPGGYGPGSAAAAAAAAFGPYGPGSQGPGGSGNQGPGSQGPGGSGNQGPGSQGPGSGNQGPGSQGPGSQGPGGYGPGSAAAAAAAAFGPYGPGSQGPGGSGNQGPGSQGPGGSGNQGPGSQGPGGSGNQGPGSQGPGSQGPGGYGPGSAAAAAAAAYGPYGPGSQGPGGSGNQGPGSQGPGSGNQGPGSQGPGSQGPGGYGPGSAAAAAAFAFGPYGPGSQGPGGSGNQGPGSQGPGGSGNQGPGSQGPGYQGPGSQGPSGPGRYGPAASASAAASRLSSPAASSRVSSAASTLASSGANSGALSGVISNLVSQVSANNPGLSGCDVLVQALLEVVSALIHILSSSSVGQVNYAASGQTAQLVSQAVAQALAY,MaSp2,10.52689266204834
411,196,,,,,AAASAAGTGQGGYRQGGLGGYGQGAGAGAGAAAAAAGAAGAGQGGYGQGGQGGYGQGAGAGAGAGAGAGAAAASAGQGGYGQGGLGGYGQAAGAGAGAASAAAGASGAGQGGYGRGGQGGYGQVAGAAAAAAAAGAAGAGQGGYGQGGLGGYGQGAGAGAAAGAASAAGAGQGGYGQGGQSGYGQGAGAGEGAAAAAAGAARAGQGGYGQGGRGGYGQGAGDSAAAGAASAAGGGQGGYGQGGLGGYGAGAGASAAASGAAGAGQGSGQGAYGYQSSSQYSLSLSAGAAGYGAGAAGGYGQGVGAGAGAGAAAAAGSGQGGLGGYGQRAGAGAGAAAGGAGPGGYGQEGYGQGAGAGAAAGAAAAAGSGQGGRGGYGQGIGAGGAGAGGYGQGGYGQGAGAGAAAAAAAGTGQGGRGGYGQGAAAGAAGAGAGGYGQGGYGQGAGAGALAGAVAAAGSGQGGRGENGQGVGAGAGAAGAGAGGYGQGGYGQGAGAGSAAGAAAAATAGAGQGGRGGYGQGAAAGAAGAGAGGYGQGGYGQGAGAGAAAGAAAAAGSGQGGRGGYGQGVGAGAGAAGAGAGGYSQGGYGQGAGAGAAAAAAGQSGRGGYGQGAGAGSGSGSGDAAGAGSGGQGGYGQGGLGGYGSGAGAGAAAASATGVGQAGYGGYGQGAGSGSGADAAGVGQGGYSSYGQGASVSAGSSTTVVNSVSRMSSPSTSSRVSSAVSNLVSNGQVNVASLPGVISNISSSISASSPGASECEILVQVLLEVVSALLQIVSSANIGEINLNASSDYASMVGSSVQNVYG,MaSp1,6.895239353179932
414,209,,,,,PGQQGPGGYGPSGPGSAAAAAAAAGPGQQGPGGYGPGQQRPSGYGPGQQGPSGPGSAAAAAAAAGPGQQGPGAYGPSGPGSAAAAAGLGGYGPAQQGPSGAGSAAAAAAAGPGGYGPVQQGPSGPGSAAGPGGYGPAQQGPARYGPGSAAAAAAAAGSAGYGPGPQASAAASRLASPDSGARVASAVSNLVSSGPTSSAALSSVISNAVSQIGASNPGLSGCDVLIQALLEIVSACVTILSSSSIGQVNYGAASQFAQVVGQSVLSAF,MaSp2,11.307140350341797
415,5567,,,,,SRPPPYRSGPAPGAGSGPGCAAAYGAGSGAGSGSGAGSGSGAGAGSGTGAGAGSGAGAGTGSGAGAGSGSGSGAGSGAGAGSGSGAGSGSGAGFGAEYGAGYGAGYGSGAGAGTGAGAGSGSGSGAGSGAVAGYGAGAGSGAGEGSGSGAGSGAGSGSGSGAGYGYGAGTGTGIGAGAGSGAGAGSGAGSGAGTGAQTTVFNAVSRMSSASAANRVSSAVSSISNSPINPNSISSVISNVSSSVAAANPGLSGCEVLIQALLEVVSALLHILSYSNVGYANPSAAAQTAQAFSSAMAQQVGGY,MiSp,11.59748649597168
416,5648,,,,,YTTSLLGSDDASSRISGAAYSLAAGGSLNLGALPSVISDLFSQVSASSPGVSSGELLVQVLLEIVSSLIHILSSSHVGQIDFGSVANSAATVGQSLQAIMG,MiSp,18.794418334960938
418,6122,,,,,MQWPTQLSLLFLVLCAQSLTALGGSIWSSTSSAESFMSSFTSSLGNSGLLSYDQMDDVSSIRDTIMSAIEKNPNKNSKSKLQGLNMAFASSVAEIAFSGDTGVSVSAISSAIMDAMSQAIVQTTGSNDPAFLNEIGRIIQMLAQDFAESSASASASASASAGASAGGYAGGAGAGGYAGGAGAAGYGNSIPYSSSGSTAVNQVTGSQTSSQTYGSQSSSTAQTSSSYGASAVRGSTSSYGSGAVAGAASGAGAGAGAGSGYGAGQGYGAGSGAG,MiSp,8.326715469360352
419,6146,,,,,MQWPTRFSLFFLVLFLQGFSALGQQFWSDRASAMAMTNGFVGCLKQSGYFSSEQMDDLDLIIDTTAMQLDKMGNRVSEHKLKALTMGMAGSMAETVVSSPSGVSQALMNSIDSCLTGSMLQVTGNIDQTFRTELLQIITLLSQDEGNAASASAGAAASASAASSSGITSGSAGGYGGAAAAGAGAGAGGAGGYGGGYGSGAGAGAAAAAGAGAGGAGGYGGGYGSGAGAGAGAAAAAGASGAGGYGRGAGAGAGAASAAGAGGAGGYGGGYGSGAGAGAGAAAAAGAGGAGGYGGGYGTGAGAGASAAAAAGAGAGGAGGYGRGAGGGAGAAAGAAGGYGGGYGSGAGAGAGAGAGAAGGYGGGYGSGAGAGAGAAAAAGAGAGGAGGYGRGAGAAAGAAAGAGAGAAGGYGSGYGSGAGAGAGAGAAAAAGAGAGAAGGYGGGYGSGAGAGAAAAAGAGAGGAGGYGRGAGAGAGAAAGAGAGAAGGYGGGYGSGAGAGAGAAAAAGAGAGGAGGYGRGAGAAAGAAAGAGAGAAGGYGSGYGSGAGAGAGAAAAAGAGAGAAGGYGGGYGSGAGAGAAAGAGAGAGGAGGYGRGAGAGVGAAAGAGAGAAGGYGGGYGSGAGAGAGAGAGGAGGYGRGTGAGAGAAAGAGAGAAGGYGGGYGSGA,MiSp,7.996293544769287
422,6104,,,,,MSWITSLTIPFFIALFCSQYAFTAGQSNNVFTDLARAEQLLTRFSLNIQLRNEFTDQQKGDMGAVGNMILSSMDSMLKSGKNSKAMIQALNMAFASSVAEIAVAEEGGANLDQKTNAIAGALSQAFVETVGYVDNQFVGEIRELILMFAQASANEIGGSSGTAAAASSSASYGPGAGYYGSPGVSSSAAAASAAGSSGPTGSFAPGQYGPSVPSSASTATAAASSQASGPSGPYEKSRPAGPSGPYGPSGLAGPGPYELSGPSGPAGSGPYGPSGPSGPAGPGPYGPSASSSATAAVTAYSPGPYGPSGPAGNGPYGPSGPAGPAGPAGPGPFGPSGPSGPAGPGPYGPSVSSISSSSATAAAYSLGLSGPAGPGPYGPSGPTGPSGPTGPSGPTGPGPSGPSGPAGPGPYGPSSSSSAAAAAYSGGPSGPIGPSRPAGPGPYVPSSSSSAEAAAYSPGPYGPSGPAGPGTYGPSGP,MaSp,5.989541530609131
424,6113,,,,,MSWTARLAILLLFVACQSSHSLAQYASASAATPWSSPGNAESFMNSFLQSMRQQPGYTPDQIDDMSSIGDTILGSINQMAATGKTSQHKLQALNMAFASAMAEIAASEQGGGSIQVKTNGIANSLSQAFLQTTGSVNSQFINEITQLVNMFAQANSNAIATGSASASAAAAAGSAPSGYGGYGPGPSAGGAGAAAAAAAGAGAGQGGQRGYGQGAGAGAAAAAAGAAGTGQGPAGTYGTGYQSSSTYSTTVTSQTAAGGQRGYGQGAGAGAAAAAAAGGAGQGGYGGQRGYGQGAGAGAAAAAAAAAGGAGAGQGGYGGQRGYGQGAGSGAAAAGASAAA,MaSp1,6.463214874267578
425,296,,,,,AAAGAGGQGGYGGLGSQGAGQGGYGAGQGGAGSAAAAGGAGGAGQEGLGAGQGYGSRLGSQGGAASAAAAAAGGAGRQGGYGGLGSQGAGQGGYGAGQGGAGSAAAAGGAGGAGQEGLGAGQGYGSRLGSQGGAASAAAAAAGGAGRQGGYGGLGSQGAGQGGYGAGQGGAGSAAAAAAAGGAGGAGQGGLGAGQGYGSGLGGQGGAGQGGAASAAAAAGGAGGQGGYGGLGSQGAGQGGYGAGQGGAGSAAAAAAAGGAGGAGQGGLGSGQGYGSGLGGQGGARQGGAASAAAAAGGSGGQGGYGGLGSQGARQGGAASAAAAVAGGAGGQGGYGGLRSQGAGQGGYGAGQGGSGSAAAAAAAGRAGGAGRGGLGAGQGYGAGLGGQGGAGQGGAAAAAVAAGGTGGQGGYGSQGSGQGGYGGGAYGGQGVAESSAAASAAASRLSSPNAASRVSSAVSSLVSSGGPTSSSALSSTISSAVSQISASNPGLSGCDVLVQALLEVVAALVHILGSSNIGQVNSNAAGQSASLVGESVYRALS,MaSp1,11.846144676208496
426,6112,,,,,MGWISHVIVLFCLLCTQVTKAYPLQNYKLGIGNVQYGPILDDDNGVNLGRGVQGKQNALGDDLMVAAPSDESGKAIHRRKRGIRSDLNAILSGAYNSIFGKGDNKSVKDFSTYETGSYETQSYETYETESYETGGYETYETGS,Spidroin,10.02609920501709
430,1790,,,,,QGGSSAAAAAAAAAAGGQGGQGGYGNQGGYGAGQGGQGGSAAAAAAAAAAGGQGGQGGYGGSSSTTQTSQTTYQQSIYGPGGQGGSSAAAAAAAAGGQGGQGGYGGQGGSSAAAAAAAAAAGGQGGQGGYGNQGGYGTGQGGQGGSSAAAAAAAAAAGGQGGQGGLGGQGGLGGQGGLGGQGGLGGQGGSSAAAAAAAAAAGGQGGQGGYGGQGGSSAAAAAAAAAGGQGGQGGLGGQGGSSAAAAAAAAAAGGQGGQGGLGGLGGQGGSSAAAAAAAAAGGQGGQGGYGGQGGSSAAAAAAAAAAGGQGGQGGLGGLGGQGGLGGQGGSSAAAAAAAGGQGGQGGYGGQGGSSAAAAAAAAAAGGQGGQGGYGNQGGYGAGQGGQGGSSAAAAAAAAAAGGQGGQGGYGNQGGYGAGQGGQGASSAAAAAAAGSAGGQGGYGQTTSTQTTQTSYQSSQGGQGGQGGAASAAAAAAAGGQGGYGPSGYGPSSSSASASAAAAALSSPASSSRVSSAASALASGGAVNAGSLSSTISNVVSQVRSSNPGASNCDVIVQALMEVVAAMVHIIGYSNIGQIDFGASSQYAQMVSQSMQQALG,MaSp1,7.29288387298584
434,331,,,,,GSGSGAGSGAGSGSGSGSGSGSGSGSGAGSGSGAGAGSGAGAGAGYGAGLGYGLGLGYGLGAAAGAGSGAGAGSGAGSGSGAGSGSGAGSGSGAGSGSGAGSGSGAGAGGGAGAGAGFGFGAGYGAGSGAGSGSGSGAGSGAGSGSGSGSGSGSGSGSGAGSGSGAGAGSGAGAGAGYGAGLGYGLGLGLGLGAGAGAGAGAGSGAGAGPRAAPAPGVSQIVSSSYRTGPGGSGAGAGAGAGAGAGAGSGYGAGYGYGRGAGAGSGAGSGSGAGSGSGSGSGAGSGSGAGSGSGAGAGSGAGAGSGAGAGYGAGLGYGMGLGYGLAAAAGAGSGAGAGSGAGSGSGAGSGSGAGSGSGAGSGSGAGSGSGAGAGGGAGAGAGYGFGAGYGAGSGAGSGSGSGAGSGAGSGSGSGSGSGSGSGSGAGSGAGAGSGAGAGAGYGAGLGYGMGLGYGLGAAAGAGSGAGAGSGAGSGSGAGSGSGAGSGSGAGSGSGAGSGSGAGSGSGAGAGKGAGAGFGFGAGFGAGSGAGTGSGSGAGSGAGSGSGSGSGSGSGSGSGAGSGSGAGAGSGAGAGAGYGAGLGYGMGLGYGLAAAAGAGSGAGAGSGAGSGSGAGSGSGAGSGSGAGSGSGAGSGSGTGAGGGAGAGAGYGFGSGYGAGRGAGSGSGSGAGSGAGSGSGSGSGSGSGSGSGAGSGAGAGSGAGAGAGYGTGLGYGMALGYGLGAAAGAGAGAGSGAGEGGRAAPAPGLSQIVSSSYRTGPGGSGAGAGAGAGAGPGFGYAAGYNFGGAVSGPAAVQALPVSTFTSSQAVDRVSSLVSSIQSGPINVNALASGLASVISSVKSNNSGLSGCDVTVEVLLET,MiSp,3.129267692565918
435,6107,,,,,MSFSRLALAFLAVLSTHALFTVASGATPWDSPVLADNFMKSFMDGIGNSGAFTSSQVDDMRTIGDTMIDSVNSLASSGKTSKSKLQAMNMAFASSMAEIAATEEGGMSMAAKTGAISNALRGAFLQTTGYSNENFISEIASLISMISSANENIVSASASAAAGGGYGAPSYSPSSYGPTPLQTSARASVSGPVSQVPSAPAGYRPSVPAGYQPSGPGGAAAAAAAAAASAAASGPGPQGPGAYGPAPQRPGGYGPSGDNGAAAAAAAAAAAAAAAGQGPGGYGPSGPAAAAAGQGPGGYGPSGPAGAAAAAAAAAAGASGAGGPGRQGPAPYIPKPMGPGGYGPSGDNGAAAAAAAAAAAAAAAGQGPGGYGPSGPAGAAAAAGAGASGAGGPGRQGPAPYVPKPMGPGGYGPSGDNGAAAAAAAAAAAAAAAGQGPGGYGPSGPAGAAAAAAAGASGAGGPGRQGPAPYVPKPMGPGGYGPSGDNGAAAAAAAAAAAAGQGPGGYGPSGPAGAAAAAAAGASGAGGPGRQGPAPYVPRPMGPGGYGPSGDNGAAAAAAAAAA,MaSp2,10.512944221496582
436,5972,,,,,MNWSIRLALLGFVVLSTQTVFTVGQVGTPWANPQIAESFISSFLSIVSQSGAFSANQLDDMATVGDSLKSSIERLAASGRSSKSKLQALNMAFASSMAEIAVAESGGLSIGAKANAIAEALAQAFVQTVGVVNYQFVNEIRGLITMIAQASTNEVSSSAGSGGGGGSGGGSGGGYGPGSYSSASAVSVSGPGPQGPSGPSPRGPSPQGPSPQGPYGPGPSVSVATVSGPYGPGPSGPSPQGPSPQGPSPQGPYGPGPSVSVSTVSGPSGPSGPS,Spidroin,7.91500997543335
437,165,,,,,AGSSGQGGSGNGAGGSGSGGQGSGGSGQGGYGSGYGAAAAAAAAAAAGLLGPAGALGGLGGIGGGSAPSGGGLGGQGQGGSGGGNNGQGPYGAGSAASAAAAAAAAAGGLYGPGAGSSGQGGSGNGAGGSGSGGPGSGGSGQGGYGSGYGSAAAAAAAAAAAGLLGPAGALGGLGGIGGGSGPSGGGLGGQGQGGSGGGNNGQGSSGPGSAASAAAAAAAAAGGLYGPGAGSSGQGGSGNGAGGSGSGGQGSGGSGQGGYGSGYGAAAAAAAAAAAAGRLGPAGALGGLVGIGGGSGLSGGGLGGQGQGGSGLGNNGQGSSGPGSAASAAAAAAAAAGGLYGPAAGSSGQGGSGNGAGGSGSGGQGSGGSGQGGYGSGYGAAAAALAAAAAGPLGPAGGLGGIGGGQSGQGAGPSGQGQGLSGSGSNGQGPFGPVSAASASSSASAVVGAYGSNAGSSGYGEIWNPTARLSSSSSVARVSSAVLSLASGGVFNPYSLAGVIATLSNSVLNSNPGLSSCEVLVEVLLEVISALVQILSSSTIGYISSSSGDVSSLVAQSVAAAFAG,MaSp1,7.5769572257995605
438,6109,,,,,MNWSIRFALLGFVVLTTQTIYAFGQAATPWENTALAEAFINSFLDSIRQTGVFSLSQQDDMSTIGDTLKTAMERMAQSRKSSKSKLQALNMAFASSMAEIAVAEQGGLSIQAKTEAIASALSSAFLQTTGVINLQFVNEIKSLIYMIAQATTNEVASSAASAGGGYGGGGSGQGVSYGAGAAAAAAAVGGYGPGSQGTGGQGPGSGGPQGSGGQGPYGPGAAAAAAAVAGGYGPGAGQQGPGG,Spidroin,6.88686990737915
439,5850,,,,,RLLVLPCCILECSSDEAASDSAGGYGPGSGQQGPGGAGQLGPGGAGQQGPGGAGQQGPGGQGLGGAGQQGPGGQGPYGPGSAAAAAASAGGYGPGSGQQGPGGAGQQGPGGQGLGGAGQQGPGGQGPYGPGSAAAAAASAGGYGPGSGQQGPGGAGQQGPGGQGPYGPGAAAAAAAAGGYGPGSGQQGPGQQGPGQQGPGQQGPGQQGPYGPGAAAAAAAAGGYGPGQQGPGQQGPGQQGPGGQGPYGPGGASAAVSVGGYGPQRPSAPVASAAASRLSSPAASSRVQSAVSSLVSSGPANSAALSNTISSVVSQISASNPGLSGCDVLVQALLELVSALVSILGSSSIGQINYGASAQYAQMVGQSLAQALV,MaSp2,9.254472732543945
440,5990,,,,,MTFTNRLIVLCFVILSIQSTYVSGQITPWSSTELADAFINNFISAISSSGAFNEDQLGDMSAIGDTLRESIDKMARSKKNSKSKLQALNMAFASSMAEIAVVEQGGQNVAKRTNAIADALNTAFYQTTGTEDTQFVDEIRGLIETFAKASSKENSYTDNSGVFSRNFGGNSAAADAGDGGSGQGGYGGNLGGNSAAASAGDVGSRQGGYSGNIGGQGGLSGDSVASAASAGGNGGSRQSGYGGNFGGPGSNSAAAAAGGDGGSGQGGYGGNIGGQGGLSGDSFAAAASAGGNGGSRQGGYGGNFGGPGGESAAAAGGDGGSGQGGYGGNIGGQGGLSGDSVAAAASAGGNGGTRQGGYGGNFGGPGGESAAATAGGNGGSGQGGYDGNFRGPGGLGGISIAVTSSAGGDGSYGQGEYSRNFGGRGGGGDDSVAAAASAGGNGGSRQGGYGGNFGGPDGESAAAAAGGNGSSGQGGYGRNLGGQVGNSVAAAAGGDGGSGQGGYSGNIGGQGGLSGDSAAAAAGRYSGSGQGGYGGNLGGPGSNSAAATAGGGSGQGEYG,MaSp,8.710465431213379
442,6120,,,,,MQLPTRIWLFFTVLFIQGFLTQGQQFWANKNSAIAVTNAFVNCMSQSGVMTADQLDDMSMISGTVEGQLQKMGDQVSAHKMKALSRAFGASVAEIAASSQSSAMSGTIESCMRSSMNQIIGGTDEVFLAEILQIIGLFAQDEASASASASAGGYAGGYGGGAGAGAGAGAAAGAAGGYSAGSSYSSSTGSSSSFQSAGYSSAGGYGGGAAGGAGAGAAAGAGAGAGAGQGSGYGGGYGSGAGAGAGAGAGAGAGQGSGYGGGYGSGSGAGAGAGAGAGAGAGAGRGAGYGGGYGSGAGAGAAAAAGAGAGAGGAGGYGTGYGAGSGAGAAAGAGAGAGRGAGYGGGYGSGSGAGAGAGAAAGAGAGAGAGAGQGSGYGGGYGSGSGAGAGAGAAAGAGAGAGAGAGRGAGYGG,MiSp,5.126186847686768
444,6125,,,,,MSWTARLATLLLFVACQSAVIKAQSPWDSTAVAESFINGFMGAMAQSGSLNGDQMDDMNIVGDTVLTSMNKMVASGKSSKSMLQALNMAFASSMAEIAVQSPNVAAVSSAIANALSSAFLQTTGVVNYQFIQEISSLIRMFAQNQSNEVNVGAGAAASASAGGYGQAAGTGGGYGAGAGAGAGAGAGAGAAAVSTGSSQGGYAQTSYQSGSSASTSASSLGQQSYSQQQAYGSSAGASAAAGAGAAAGGGAGAGYGQGLGAGAGAGAAAGAGAGAGAGYGQGAGAAGLGGYGAGAGAGAAAAAGAGAGAGAGYGQGAGLGGYGQGAGVGAGAGAGAGAGAGAGGYGQGAGAGYGQGAGAGYGQGAGAGAGAAAAGGAGAGAGYGQGGYGQGAGAGAGAAAAAGGAGQGGYGAYGTSSDSSSGFSVSISSQSGQGYGQGAGAGAGSAAGAGAGAGAGYGQGLGAGGQGGYGQGAGAGAGAAAAAGSGAGAGYGQGAGGLGRYGQGAGAGAGAGAAAAAGAGAGAGYGQ,MiSp,10.295398712158203
